applicationsCount,applyType,applyUrl,companyId,companyName,companyUrl,contractType,description,experienceLevel,jobUrl,location,postedTime,posterFullName,posterProfileUrl,publishedAt,salary,sector,title,workType,work_arrangement
Be among the first 25 applicants,EXTERNAL,https://MatchaTalent.oorwin.com/careers/index.html#/job/ccc0b1cbf6cd0454cd879f4088e44393d5b4edba?source=linkedin_free&postedby=11,14655911,MatchaTalent,https://id.linkedin.com/company/matchatalent?trk=public_jobs_topcard-org-name,Contract,"This role required candidate to permanently relocate at Dhahran, Saudi Arabia.

About the Company



This company engages in the exploration, production, transportation, and sale of crude oil and natural gas. It operates through the following segments: Upstream, Downstream, and Corporate. The Upstream segment includes crude oil, natural gas and natural gas liquids exploration, field development, and production. The Downstream segment focuses on refining, logistics, power generation, and the marketing of crude oil, petroleum and petrochemical products, and related services to international and domestic customers. The Corporate segment offers supporting services including human resources, finance, and information technology. The company was founded on May 29, 1933 and is headquartered in Dhahran, Saudi Arabia.

Job Summary

We are seeking an Analyst to join the Capital Programs Division (CPD) in Capital Programs & Contracting Compliance Department within Controller's. Controller's is a part of the Finance business line in This Company and reports to the Sr. Vice President of Finance, Strategy & Development. The Capital Programs Division is responsible for providing controllership, financial advisory, and decision support for items related to This Company's Capital Program and individual Expenditure Requests. The successful candidate will be involved in all aspects of the project life, from Business Plan through Post Project Appraisal. CPD's core activities include reviewing projects proposed for the Capital Budget, to ensure validity of business case and compliance with Company policies. The review of projects proposed for funding, to ensure validity of business case and compliance with Company policies. Participating in This Company's gated project review process while performing analysis post project completion, to ensure the project objectives were met, and identify opportunities for improvement, including lessons learned. And conducting special studies as and when required.

Key Responsibilities:

 * Review, analyze, and provide comments on new projects proposed for inclusion in the Business Plan.
 * Review, analyze, and provide comments on capital projects proposed for funding actions.
 * Represent Controller's on various project gate reviews.
 * Represent Controller's review of capital projects before funding.
 * Review complex questions related to capital projects and prepare and present recommendations to Controller's management.
 * Provide policy and project funding guidance as required.
 * Prepare monthly and quarterly reports as required.
 * Perform detailed analysis of post-project performance and present findings to management.
   
   

Requirements:

 * Willingness to relocate to Dhahran, Saudi Arabia.
 * Hold a bachelor's degree in business administration, economics, or engineering, with a professional certification such as CPA, ACCA, or CFA being desirable. A graduate degree in business administration or related field is also desirable.
 * Have a minimum of 10 years of relevant experience in various industries, including financial analysis, project evaluations, project controls, process/change management, or strategy/management consulting.
 * Possess leadership skills and experience with SAP or equivalent ERP systems, which are highly desirable.
 * Show significant experience within one or more industries, potentially allowing you to be considered a subject matter expert.
 * Demonstrate the ability to establish personal credibility with various internal clients and excellent interpersonal and engagement skills.
 * Be a team player capable of working across business lines to add value and achieve team objectives.
 * Have the ability to plan and coordinate your own workload and meet deadlines.
 * Demonstrate strategy, corporate finance, and accounting skills, including the ability to evaluate industry and individual company information.
 * Be capable of working with minimal supervision.
 * Possess demonstrated project management skills and the ability to offer logical and innovative solutions to complex client issues.
 * Be willing to travel as required.",Mid-Senior level,https://fi.linkedin.com/jobs/view/global-oil-gas-senior-capital-project-analyst-at-matchatalent-4014025788?trk=public_jobs_topcard-title,"Helsinki, Uusimaa, Finland",1 week ago,,,2024-08-31,,Staffing and Recruiting,(Global Oil Gas) Senior Capital Project Analyst,Finance and Sales,On-site
30 applicants,EXTERNAL,https://www.nigelfrank.com/job/NFI0020124J_1723561772/senior-net-developer,205918,Nigel Frank International,https://uk.linkedin.com/company/nigel-frank-international?trk=public_jobs_topcard-org-name,Contract,"Software Developer - Helsinki

Looking for an exciting opportunity to work with cutting-edge technologies in a product development company that makes a positive impact on society? Your search ends here!

Company:

Our Client, experiencing rapid growth, is seeking a Developer to join their highly skilled team. While their office is located in Helsinki, they also offer the flexibility of remote work. This is a chance to be part of the digital transformation of critical infrastructure. The company focuses on creating solutions that improve information management for various different areas and industries. Join now, as they dominate the Finnish markets, have a strong presence in the nordics, and are preparing to expand to the USA!

Role and responsibilities:

As a Developer, you will collaborate with an existing development team, making teamwork and strong communication skills highly valuable. You will also have the opportunity to act as a mentor, supporting and guiding junior colleagues as needed.

Your primary responsibility will be developing the core functionalities of the system, with an emphasis on back-end development. The company's system is built on the Microsoft Azure environment, so a solid understanding of Azure's various services and modern cloud architecture is essential for success in this role.

Skills and requirements:


 * Minimum 4 years of experience with .NET
 * Proficiency in SQL
 * Knowledge of JavaScript is considered beneficial
 * University degree
 * Fluent in Finnish or English
   
   

What can they offer YOU?


 * Access to high-quality tools and the opportunity to work with state-of-the-art technologies
 * Interesting projects that have a positive impact on society
 * Emphasis on green values in customer activities
 * Autonomy and the ability to influence your work
 * Commitment to continuous learning and development, both as an organization and as individuals
 * Open and collaborative working atmosphere with knowledgeable and supportive colleagues
 * Strong growth opportunities
 * Agile working practices
   
   

This company is conducting interviews now! Why wait?

If you're interested in learning more, please send an updated version of your CV to j.selen@nigelfrank.com.

Even if this particular role doesn't match your expectations, feel free to reach out! Send an email and let us know what interests you.

Nigel Frank International is the global leader in Microsoft Technology Recruitment. Since 2006, we've found over 20,000 perm and contract Microsoft professionals for partners, ISVs, and end users in the ecosystem. For more information, visit www.nigelfrank.com",Mid-Senior level,https://fi.linkedin.com/jobs/view/senior-net-developer-at-nigel-frank-international-4000978817?trk=public_jobs_topcard-title,"Helsinki, Uusimaa, Finland",4 weeks ago,,,2024-08-14,,Staffing and Recruiting,Senior .NET Developer,Engineering and Information Technology,On-site
