applicationsCount,applyType,applyUrl,benefits,companyId,companyName,companyUrl,contractType,description,experienceLevel,id,jobUrl,location,postedTime,posterFullName,posterProfileUrl,publishedAt,salary,sector,title,workType,work_arrangement
56 applicants,EXTERNAL,https://my.barona.fi/application/accountless/66f694c37743b7001c1df522,,25045597,St1 Nordic Oy,https://fi.linkedin.com/company/st1-nordic-oy?trk=public_jobs_topcard-org-name,Temporary,"Haluaisitko ottaa keskeisen roolin liiketoimintamme sujuvuuden tukemisessa business analytiikan asiantuntijana ja auttaa meitä muuntamaan oivallukset käytännön toimenpiteiksi? Haluatko olla seuraamassa siirtymää fossiilisista polttoaineista kohti uusiutuvia energiaratkaisuja ja rakentaa kanssamme puhtaampaa huomista?




Haemme energia-alan innovatiiviselle suunnannäyttäjälle St1 Oy:lle Business Analystia Sales & Brands-yksikköön osaksi Business Intelligence & Pricing-tiimiä. Työsuhde on määräaikainen 31.5.2026 saakka.




Tehtävässä vastaat analytiikasta B2B-toimintaympäristössä. Tulet ylläpitämään ja kehittämään business-analytiikkaa sekä tuotat analyysejä liiketoimintapäätösten tueksi. Tehtävässä on oleellista ymmärtää talouden toimintoja ja niiden suhdetta business-analytiikkaan. Pääset osallistumaan myös budjetointi- ja ennusteprosesseihin. Tehtävässä menestyminen edellyttää aiempaa kokemusta analytiikan parissa.




Toimit läheisessä yhteistyössä liiketoiminnan ja useiden sidosryhmien kanssa, joten sinulla tulee olla kykyä ja tahtoa verkostoitua ja kaivautua liiketoimintamme ytimeen sekä oppia muilta. Arvostamme avoimuuttasi, sitoutumistasi, vahvaa päättäväisyyttä sekä haluasi kehittyä omassa roolissasi yhdessä muiden asiantuntijoiden kanssa. Toivomme, että sinussa palaa intohimo tuoda esille uusia ideoita ja viedä niitä myös oma-aloitteisesti eteenpäin.




Odotamme sinulta:




 * Relevanttia korkeakoulututkintoa (esim. KTM, tradenomi)
 * Hyviä Excel- ja Power BI-taitoja sekä yleisesti hyvää tietoteknistä osaamista
 * Kykyä hahmottaa yksityiskohtia
 * Hyviä vuorovaikutustaitoja ja proaktiivista työskentelyotetta liiketoiminnan ja analytiikan välimaastossa
 * Hyvää suomen ja englannin kielen taitoa




Tarjoamme sinulle mahdollisuuden työskennellä mielenkiintoisten tehtävien parissa monipuolisessa ympäristössä, jossa sinulla on upea mahdollisuus kehittyä liiketoiminta-analytiikan ammattilaisena. Tueksesi saat mukavat ja asiantuntevat kollegat, jotka suhtautuvat intohimoisesti paitsi omaan työhönsä myös missioomme puhtaamman huomisen rakentamisesta. Pääset osaksi kasvavaa ja innovatiivista pohjoismaista energiayhtiötä, jolla on selkeä visio ja draivia viedä muutosta eteenpäin.




Työpaikka sijaitsee hyvien kulkuyhteyksien varrella Triplassa Helsingin Pasilassa. Henkilöstöetuna tarjoamme työntekijöillemme muun muassa bonusjärjestelmän, henkilöstörahaston, lounas-, liikunta- ja kulttuuriedun, vapaa-ajan vakuutukset sekä kattavan työterveyshuollon.




Oletko sinä uusi kollegamme? Hae nyt!




Jätäthän hakemuksesi CV:n kera mahdollisimman pian -viimeistään 13.10.2024. Aloitamme hakemusten läpikäymisen ja mahdolliset haastattelut jo hakuajalla. Alkuhaastattelut toteutetaan Baronan toimesta, jonka jälkeen prosessi jatkuu mahdollisiin asiakashaastatteluihin. Lisätietoja tehtävästä tai rekrytointiprosessista antaa Baronan rekrytointikonsultti Juha Vilpas, p. 050 404 1757 tai juha.vilpas(at)barona.fi. Tietosuojasyistä käsittelemme vain hakujärjestelmämme kautta tulleita hakemuksia.",Mid-Senior level,4035217054,https://fi.linkedin.com/jobs/view/business-analyst-at-st1-nordic-oy-4035217054?trk=public_jobs_topcard-title,"Helsinki, Uusimaa, Finland",2 weeks ago,Juha Vilpas,https://fi.linkedin.com/in/juhavilpas,2024-09-27,,Oil and Gas,Business Analyst,"Business Development, Research, and Analyst",On-site
