applicationsCount,applyType,applyUrl,benefits,companyId,companyName,companyUrl,contractType,description,experienceLevel,id,jobUrl,location,postedTime,posterFullName,posterProfileUrl,publishedAt,salary,sector,title,workType,work_arrangement
Be among the first 25 applicants,EXTERNAL,https://grnh.se/bf116c7a1us,,234280,Canonical,https://uk.linkedin.com/company/canonical?trk=public_jobs_topcard-org-name,Full-time,"HPC is an important and technically challenging compute domain, with specialised tooling and a very high expectation of precision, efficiency and automation. This role is for a software engineer to join our HPC team to deliver an outstanding HPC experience - from bare metal to public cloud - as part of the broader Ubuntu platform. We are looking for a range of skills and experience, and will work on everything from the kernel to Debian packaging, but the heart of our effort will be Python software development for automation of key software in the HPC sphere. Our focus is on delivering a world class experience for the operation of the HPC cluster itself.

You will be part of the team that delivers charms that deploy and manage the HPC cluster and provide HPC software packages.

To succeed in this application you must be outstanding at maths and sciences, have built high quality software, have learned about open source ideally by working on it directly, and be looking for an engineering role with a company that makes mission-critical products for the global market. You should also be familiar with the open source environment, and want to build products in partnership with a community. Ideally, you should have some experience of high performance computing environments and a desire to unlock HPC for the world.

For this role you must have experience with Python. Experience in HPC environments is a strong advantage. Familiarity with HPC hardware and software is also a strong advantage - delivering great experiences with Infiniband, RDMA, CUDA, MPI, Slurm, Lustre, Singularity and related technologies will be central to this team's work. It will also be advantageous to have experience with Docker image design and operations, and public cloud image design and operations.

Location: This role will be based remotely in EMEA or the Americas regions

What your day will look like


 * Write high quality, rigorously designed Python software
 * Collaborate proactively with a globally distributed team
 * Debug issues and produce high quality code to fix them
 * Contribute to technical documentation that define best practices for authoring high quality operators
 * Discuss ideas and collaborate on finding good solutions
   
   

What we are looking for in you


 * You have a Bachelor's or equivalent in Computer Science, STEM or similar degree
 * You have experience with writing modern, maintainable Python
 * You love technology and working with brilliant people
 * You are curious, flexible, articulate, and accountable
 * You value soft skills and are passionate, enterprising, thoughtful, and self-motivated
 * You have interest and experience with two or more of the following: Linux, Kubernetes, Public cloud, OpenStack, LXC/LXD, Python, Go, Debian packaging
 * An exceptional academic track record from both high school and preferably university
 * Willingness to travel up to 4 times a year for internal events
   
   

Additional Skills That You Might Also Bring


 * Experience operating HPC clusters in production
 * Experiences with Infiniband, RDMA, CUDA, MPI, Slurm, Lustre, and/or Singularity
   
   

What we offer you

We consider geographical location, experience, and performance in shaping compensation worldwide. We revisit compensation annually (and more often for graduates and associates) to ensure we recognise outstanding performance. In addition to base pay, we offer a performance-driven annual bonus. We provide all team members with additional benefits, which reflect our values and ideals. We balance our programs to meet local needs and ensure fairness globally.


 * Distributed work environment with twice-yearly team sprints in person
 * Personal learning and development budget of USD 2,000 per year
 * Annual compensation review
 * Recognition rewards
 * Annual holiday leave
 * Maternity and paternity leave
 * Employee Assistance Programme
 * Opportunity to travel to new locations to meet colleagues from your team and others
 * Priority Pass for travel and travel upgrades for long haul company events
   
   

About Canonical

Canonical is a pioneering tech firm that is at the forefront of the global move to open source. As the company that publishes Ubuntu, one of the most important open source projects and the platform for AI, IoT and the cloud, we are changing the world on a daily basis. We recruit on a global basis and set a very high standard for people joining the company. We expect excellence - in order to succeed, we need to be the best at what we do.

Canonical has been a remote-first company since its inception in 2004. Work at Canonical is a step into the future, and will challenge you to think differently, work smarter, learn new skills, and raise your game. Canonical provides a unique window into the world of 21st-century digital business.

Canonical is an equal opportunity employer

We are proud to foster a workplace free from discrimination. Diversity of experience, perspectives, and background create a better work environment and better products. Whatever your identity, we will give your application fair consideration.

",Entry level,4035791434,https://fi.linkedin.com/jobs/view/hpc-software-engineer-at-canonical-4035791434?trk=public_jobs_topcard-title,"Helsinki, Uusimaa, Finland",2 weeks ago,,,2024-09-26,,"Technology, Information and Internet",HPC Software Engineer,Engineering and Information Technology,Remote
48 applicants,EXTERNAL,https://grnh.se/243f4e301us,,234280,Canonical,https://uk.linkedin.com/company/canonical?trk=public_jobs_topcard-org-name,Full-time,"Drive the future of collaborative open source development tooling as part of the Launchpad team. This is an opportunity for a motivated engineer with a passion for open source software, Linux, and web services to join our distributed team.

Launchpad is a platform for managing open source development projects. It includes code hosting and review, bug tracking, package building, translations, and other facilities used by free and open source software developers. It provides essential development and collaboration infrastructure for major projects such as Ubuntu.

Launchpad is a mature project, mainly written in Python (primarily Zope, with some Flask). You'll be striking a balance between keeping our business-critical services running and expanding our feature set: among other things, we are currently working on expanding our package building capabilities, improving the development flows provided to our users, and modernising our web UI. If you love keeping large projects well-organised and well-maintained, care about supporting developers, and believe that continuous improvement is the key to innovation, higher velocity, and reliability, you'll fit right in.

Build a rewarding, meaningful career working with the best and brightest people in technology at Canonical, a growing international software company.

What you'll do


 * Proactively collaborate within and contribute to design, architecture, and feature-selection for solutions across distributed teams
 * Write high-quality, API-first Python code with unit tests
 * Debug issues and produce high-quality fixes
 * Review code produced by other engineers
 * Work from home with global travel 2 to 4 times a year for internal and external events
   
   

Who you are


 * You love technology, working with brilliant people, and solving interesting problems
 * You are a strategic thinker
 * You are curious, flexible, articulate, and accountable
 * You value soft skills and are passionate, enterprising, thoughtful, and self-motivated
 * You have a Bachelor's or equivalent in Computer Science, STEM or similar degree
 * You have proficiency delivering robust code to production, preferably written in Python.
 * You have experience and enjoy maintaining and improving large and mature web applications.
 * You have experience with databases, ORMs (PostgreSQL a plus), data management, and data modelling.
 * You have an interest in, or experience with, integration, infrastructure and operations.
 * You believe that robust security requires conscious efforts at every stage of delivery.
 * You have familiarity with Ubuntu as a development and deployment platform.
 * You have a solid understanding of the structure of various software packaging systems, including Debian/Ubuntu packages.
   
   

Canonical is proud to foster a workplace free from discrimination. We truly believe that diversity of experience, perspectives, and background will lead to a better environment for our employees and a better platform for our users and customers. This is something we value deeply and we encourage everyone to come be a part of the world of Ubuntu.

#stack

",Entry level,4028384278,https://fi.linkedin.com/jobs/view/graduate-associate-software-engineer-build-release-infrastructure-at-canonical-4028384278?trk=public_jobs_topcard-title,"Helsinki, Uusimaa, Finland",3 weeks ago,,,2024-09-17,,"Technology, Information and Internet",Graduate/Associate Software Engineer - Build & Release Infrastructure,Engineering and Information Technology,Remote
121 applicants,EXTERNAL,https://grnh.se/7e56de041us,,234280,Canonical,https://uk.linkedin.com/company/canonical?trk=public_jobs_topcard-org-name,Full-time,"Our mission is great open source

It is our mission to make open source software available to people everywhere. We create world-renowned software, impacting the lives of millions of people every day.

The web team works in a multi-disciplinary environment with visual designers, UX designers and other developers to bring exciting new web projects to life. We help and learn from each other and constantly strive to improve both our work and our processes.

Required Skills And Experience


 * Demonstrable experience of work on modern web applications
 * A strong understanding of HTML, CSS with SCSS and JavaScript
 * Experience with Javascript components libraries
 * Experience with TypeScript
 * Experience with responsive user interfaces for a wide range of devices and browsers
 * Experience with Git or other version control systems
 * Awareness of SEO best practice
 * Consideration of accessibility in all aspects of your work
 * A strong understanding of web performance in complex user interfaces
 * Ability to interact with UX, designers and server-side developers
 * Curiosity about technology and a thirst to learn
 * Based in EMEA timezones (Europe, the Middle East and Africa)
 * University degree or equivalent education
   
   

Useful experience if you have it


 * Familiarity with Linux desktop technologies
 * Server-side languages, such as Python or NodeJS
 * Experience working on a large scale React (with TypeScript) project
 * A history of open source contributions
 * Relevant work experience
   
   

Who you are

We want a Web Developer who loves what they do. You are passionate about web standards and keep abreast of new developments in our industry. You always look for opportunities to improve your skills. You like to show off what you're working on and also learn from others. You have strong attention to detail and value the design of a product as much as you value the code. You have strong communication skills and maybe even blog once in a while. You're aware of the latest CSS techniques but also know the limitations that developing for a broad audience can bring - actually, you embrace the challenge.

In this team


 * You'll create high fidelity websites and web apps using the latest incarnations of HTML, CSS (SCSS) and Javascript (React and TypeScript)
 * You'll help maintain existing projects including updating content and adding new pages
 * You'll manage incoming requests for updates and liaise with or delegate to other people as necessary
 * You'll ensure the standard of our output remains high and consistent across our whole product portfolio
 * You'll ensure new pages are published according to specification and in compliance with our web style guide
 * You'll participate in and contribute to our living style guide, Vanilla Framework.
 * Work closely with UX designers and visual designers to implement exemplary user experiences.
   
   

What we offer


 * An opportunity to help shape a company and products with a strong influence in the open source community
 * An inclusive work environment within a team of friendly people with a broad range of skill sets, from UX designers to copywriters
 * Learning and development
 * Annual compensation review
 * Recognition rewards
 * Annual leave
 * Priority Pass for travel
   
   

We are proud to foster a workplace free from discrimination. Diversity of experience, perspectives, and background create a better work environment and better products. Whatever your identity we will give your application fair consideration.

",Entry level,4040006357,https://fi.linkedin.com/jobs/view/web-developer-at-canonical-4040006357?trk=public_jobs_topcard-title,"Helsinki, Uusimaa, Finland",1 week ago,,,2024-10-01,,"Technology, Information and Internet",Web Developer,Engineering and Information Technology,Remote
25 applicants,EXTERNAL,https://grnh.se/7847026f1us,,234280,Canonical,https://uk.linkedin.com/company/canonical?trk=public_jobs_topcard-org-name,Full-time,"Canonical is a leading provider of open source software and operating systems to the global enterprise and technology markets. Our platform, Ubuntu, is very widely used in breakthrough enterprise initiatives such as public cloud, data science, AI, engineering innovation and IoT. Our customers include the world's leading public cloud and silicon providers, and industry leaders in many sectors. The company is a pioneer of global distributed collaboration, with 1100+ colleagues in 75+ countries and very few office based roles. Teams meet two to four times yearly in person, in interesting locations around the world, to align on strategy and execution.

The company is founder led, profitable and growing.

We are hiring a Cloud Support Associate Engineer to build a career with Canonical and support the technical needs of customers leveraging Ubuntu and open source products. This role is an opportunity for a hands-on engineer with eagerness to learn, a passion for Linux and cloud technologies to work with some of the best people in the industry at Canonical.

We regularly solve interesting, technical problems. From triaging complex Cloud environment issues, Linux kernel crashes we've never seen before to OS configuration issues and root cause analysis, we provide an expert level of support and satisfaction to our peer groups and customers. You will be accountable for delivering an outstanding technical support experience on the full cloud technical stack at Canonical. From problem qualification to full resolution, you will own and manage your cases. When needed, you will transfer your cases to your colleagues or involve senior engineers.

Location: This is a remote role based in AMER, EMEA or APAC time zones.

The role entails


 * Work from your remote home office and provide technical support for employees.
 * Be available to take ownership of new cases via telephone, email and web
 * Act as an internal customer advocate keeping them updated in a timely manner
 * Ensure that each support case owned by you is handled according to our Service Level Agreement (SLA) with the highest possible customer satisfaction by setting the right expectations and fulfilling your commitments.
 * Contribute new knowledge base articles and maintain existing articles, ensuring shared knowledge and lessons learned are available to customers.
 * Draft and distribute technical notices for internal and external communication.
 * Prioritise your work in order to accomplish the most important and urgent tasks first
 * Keep on learning as our products and services grow and evolve
 * Understanding Ubuntu development process to be able to set customer expectations correctly on timeline for a fix.
 * Maintain regular communication and information exchange with the rest of the team, locally and remotely
 * Identify and suggest any opportunities to provide a better service
 * Participate in a regular weekend working rotation.
   
   

What are we looking for in you


 * Bachelors or equivalent four year degree in a technical field from an accredited college or university. Preferable majors: Computer Science, MIS, Electrical Engineering, etc.
 * Experience with Linux troubleshooting (collecting logs and stack traces, fine-tuning by editing configuration files)
 * Experience with Linux server administration
 * Strong knowledge of Cloud computing concepts (provisioning, monitoring, orchestration, etc.)
 * Knowledge or basic hands-on experience on 2 or more of:
    * Virtualization / Cloud
    * Containers
    * Storage technologies
    * Networking (bonding, firewalling, bridging, switching, network file system tuning, MTU issues, etc.

 * Programming fundamentals in any language (bash, Perl, Ruby, Javascript, C or C++, Go)
 * Ability to learn quickly, thrive on change and handle the pressure of a customer facing job
 * Strong written and verbal English communication skills
 * Ability to travel
 * Background check required
   

Nice-to-have skills


 * Experience supporting virtualized environments (KVM, Virtual Box, VMWare)
 * Experience with other open-source desktop technologies
 * Active contribution to open-source projects/forum/code
   
   

What we offer colleagues

We consider geographical location, experience, and performance in shaping compensation worldwide. We revisit compensation annually (and more often for graduates and associates) to ensure we recognise outstanding performance. In addition to base pay, we offer a performance-driven annual bonus or commission. We provide all team members with additional benefits, which reflect our values and ideals. We balance our programs to meet local needs and ensure fairness globally.


 * Distributed work environment with twice-yearly team sprints in person
 * Personal learning and development budget of USD 2,000 per year
 * Annual compensation review
 * Recognition rewards
 * Annual holiday leave
 * Maternity and paternity leave
 * Employee Assistance Programme
 * Opportunity to travel to new locations to meet colleagues
 * Priority Pass, and travel upgrades for long haul company events
   
   

About Canonical

Canonical is a pioneering tech firm at the forefront of the global move to open source. As the company that publishes Ubuntu, one of the most important open source projects and the platform for AI, IoT and the cloud, we are changing the world of software. We recruit on a global basis and set a very high standard for people joining the company. We expect excellence - in order to succeed, we need to be the best at what we do. Most colleagues at Canonical have worked from home since its inception in 2004. Working here is a step into the future, and will challenge you to think differently, work smarter, learn new skills, and raise your game.

Canonical is an equal opportunity employer

We are proud to foster a workplace free from discrimination. Diversity of experience, perspectives, and background create a better work environment and better products. Whatever your identity, we will give your application fair consideration.

",Entry level,4030969775,https://fi.linkedin.com/jobs/view/cloud-support-associate-engineer-at-canonical-4030969775?trk=public_jobs_topcard-title,"Helsinki, Uusimaa, Finland",2 weeks ago,,,2024-09-20,,"Technology, Information and Internet",Cloud Support Associate Engineer,Information Technology,Remote
Be among the first 25 applicants,EXTERNAL,https://grnh.se/36c88b021us,,234280,Canonical,https://uk.linkedin.com/company/canonical?trk=public_jobs_topcard-org-name,Full-time,"This is our general process for Golang engineers of all levels of seniority, for all relevant teams at Canonical. Apply here if you are an exceptional software engineer who prefers to work in Go. After the first round of interviews we'll find the best fit product team at Canonical for you to progress your application based on your personal interests.

Canonical prefers Golang for software where performance and security are primary considerations. We also have substantial projects in Python, C, C++ and are starting to invest in Rust. For front-end development we prefer React and Flutter.

Golang is an essential language for our engineering teams, who build the systems that deliver Ubuntu to the world. From our software distribution systems, to those which build and test every possible kind of open source on every architecture, from our systems management tools to our distributed systems operations R&D, we count on Golang for its tasteful concurrency and developer ecosystem. Juju, Livepatch, LXD, MAAS, Microk8s, Snapd, Ubuntu Core, Ubuntu Pro, and many more Canonical offerings include Golang components.

We also want to ensure that Ubuntu is the very best platform for Golang development, offering easy access to the widest range of tooling and capabilities that support cutting edge open source and enterprise development.

Join us in our mission to deliver innovative open-source solutions to individuals and enterprises around the world. We expect the highest engineering standards and strong motivation to get things done well in a fully remote and distributed environment. These roles require extensive personal experience with Linux - the more different versions of Linux the better!

Location: we have open roles for Golang engineers in every time zone

What your day will look like


 * Design and implement well-tested and documented software in Go
 * Debug and fix issues encountered by your users
 * Participate in our engineering process through code and architectural reviews
 * Collaborate with community and colleagues on technical specifications
 * Seek improvements to engineering and operations practices
 * In some cases, deploy and operate services developed by the team
 * Contribute to the success of your product through technical advocacy
   
   

What we are looking for in you


 * An exceptional academic track record from both high school and university
 * Undergraduate degree in Computer Science or STEM, or a compelling narrative about your alternative path
 * Drive and a track record of going above-and-beyond expectations
 * Well-organised, self-starting and able to deliver to schedule
 * Professional manner interacting with colleagues, partners, and community
 * Experience designing and writing high-quality Golang software on Linux
 * Experience with and passion for Linux at the system level
 * For more senior roles, experience building, deploying, and operating distributed systems and APIs
 * Professional written and spoken English
 * Experience with Linux (Debian or Ubuntu preferred)
 * Excellent interpersonal skills, curiosity, flexibility, and accountability
 * Passion, thoughtfulness, and self-motivation
 * Excellent communication and presentation skills
 * Result-oriented, with a personal drive to meet commitments
 * Ability to travel twice a year, for company events up to two weeks each
   
   

Additional Skills That You Might Also Bring


 * Experience developing for Ubuntu Linux
 * Experience with Juju, LXD, Microk8s, Snapd, Ubuntu Core, Ubuntu Pro
 * Performance engineering and security experience
   
   

What we offer you

We consider geographical location, experience, and performance in shaping compensation worldwide. We revisit compensation annually (and more often for graduates and associates) to ensure we recognise outstanding performance. In addition to base pay, we offer a performance-driven annual bonus. We provide all team members with additional benefits, which reflect our values and ideals. We balance our programs to meet local needs and ensure fairness globally.


 * Distributed work environment with twice-yearly team sprints in person
 * Personal learning and development budget of USD 2,000 per year
 * Annual compensation review
 * Recognition rewards
 * Annual holiday leave
 * Maternity and paternity leave
 * Employee Assistance Programme
 * Opportunity to travel to new locations to meet colleagues
 * Priority Pass, and travel upgrades for long haul company events
   
   

About Canonical

Canonical is a pioneering tech firm at the forefront of the global move to open source. As the company that publishes Ubuntu, one of the most important open source projects and the platform for AI, IoT and the cloud, we are changing the world on a daily basis. We recruit on a global basis and set a very high standard for people joining the company. We expect excellence - in order to succeed, we need to be the best at what we do. Canonical has been a remote-first company since its inception in 2004. Working here is a step into the future, and will challenge you to think differently, work smarter, learn new skills, and raise your game.

Canonical is an equal opportunity employer

We are proud to foster a workplace free from discrimination. Diversity of experience, perspectives, and background create a better work environment and better products. Whatever your identity, we will give your application fair consideration.

",Entry level,4046272900,https://fi.linkedin.com/jobs/view/golang-engineer-at-canonical-4046272900?trk=public_jobs_topcard-title,"Helsinki, Uusimaa, Finland",2 days ago,,,2024-10-09,,"Technology, Information and Internet",Golang Engineer,Engineering and Information Technology,Remote
Be among the first 25 applicants,EXTERNAL,https://grnh.se/a4110de31us,,234280,Canonical,https://uk.linkedin.com/company/canonical?trk=public_jobs_topcard-org-name,Full-time,"As the publisher of Ubuntu we serve millions of developers, building for the cloud, IoT and data science. We aim to make open source easier and more reliable for innovators and enterprises.

We have created a new Developer Relations team to engage directly with open source communities and developer-centric organisations. We hope both to communicate our vision and products for better open source development experiences, and also to have a better feedback loop from those audiences to shape our offerings and priorities.

A Developer Relations Engineer is a technical expert, strategist and communicator with deep empathy for developers. This discipline combines practical engineering skills with firm diplomacy across organisational boundaries, in both directions. Like our audience, a Developer Relations Engineer is never satisfied with the status quo, and is driven by an insatiable curiosity to find better ways to get things done. They are problem-solvers and inventors, who understand people's needs and love the way that tools can be adapted to meet them. They stay current with tech trends and provide insights and guidance while fostering innovation.

Location: we are building our initial DevRel team in Europe, Middle East, African and American time zones

What your day will look like


 * Contribute to product management team meetings
 * Maintain conversations with developer community members
 * Engage on IRC, social media, product forums, meet-ups and more
 * Collaborate across Canonical teams
 * Solve specific technical problems that users or colleagues have identified
 * Contribute to technical documentation
 * Work on technical articles, presentations or workshops
 * Identify new opportunities in developer experience
 * Present at conferences, meetups or technical events
   
   

What we are looking for in you


 * An exceptional academic track record from both high school and university
 * Undergraduate degree in Computer Science or STEM, or a compelling narrative about your alternative path
 * Drive and a track record of going above-and-beyond expectations
 * Developer with a demonstrable engagement in open-source software
 * Well-organised, self-starting and able to deliver to schedule
 * Professional manner interacting with colleagues, partners, and community
 * Experience of Linux software packaging (deb, rpm or snap)
 * Contributor to open-source communities, software and documentation
 * An engaging, vivacious speaker and presenter
 * Effective, tactful, empathetic and confident
 * Builds trust, relationships and confidence
 * Result-oriented, with a personal drive to meet commitments
 * Ability to travel twice a year, for company events up to two weeks each
 * Ability to travel in addition to upstream and industry events
   
   

Additional Skills That You Might Also Bring


 * Experience in a developer advocacy or community role
 * Ops and system administration experience
 * Performance engineering and security experience
   
   

What we offer you

We consider geographical location, experience, and performance in shaping compensation worldwide. We revisit compensation annually (and more often for graduates and associates) to ensure we recognise outstanding performance. In addition to base pay, we offer a performance-driven annual bonus. We provide all team members with additional benefits, which reflect our values and ideals. We balance our programs to meet local needs and ensure fairness globally.


 * Distributed work environment with twice-yearly team sprints in person
 * Personal learning and development budget of USD 2,000 per year
 * Annual compensation review
 * Recognition rewards
 * Annual holiday leave
 * Maternity and paternity leave
 * Employee Assistance Programme
 * Opportunity to travel to new locations to meet colleagues
 * Priority Pass, and travel upgrades for long haul company events
   
   

About Canonical

Canonical is a pioneering tech firm at the forefront of the global move to open source. As the company that publishes Ubuntu, one of the most important open source projects and the platform for AI, IoT and the cloud, we are changing the world on a daily basis. We recruit on a global basis and set a very high standard for people joining the company. We expect excellence - in order to succeed, we need to be the best at what we do. Canonical has been a remote-first company since its inception in 2004. Working here is a step into the future, and will challenge you to think differently, work smarter, learn new skills, and raise your game.

Canonical is an equal opportunity employer

We are proud to foster a workplace free from discrimination. Diversity of experience, perspectives, and background create a better work environment and better products. Whatever your identity, we will give your application fair consideration.

",Entry level,4046271933,https://fi.linkedin.com/jobs/view/developer-relations-engineer-at-canonical-4046271933?trk=public_jobs_topcard-title,"Helsinki, Uusimaa, Finland",2 days ago,,,2024-10-09,,"Technology, Information and Internet",Developer Relations Engineer,Engineering and Information Technology,Remote
Be among the first 25 applicants,EXTERNAL,https://grnh.se/290f66371us,,234280,Canonical,https://uk.linkedin.com/company/canonical?trk=public_jobs_topcard-org-name,Full-time,"As a member of the Kubernetes product team, you will build the operators and addons; the former, offering complete lifecycle management of mission-critical components, and the latter, a zero-ops experience for seamlessly integrating projects into your Kubernetes.

You will gain familiarity with the latest features in Kubernetes and look to incorporate the best of open-source to bring functionality to our end-users. You will collaborate with industry peers and partners to bring the right solutions to our customers.

This is an exciting opportunity for a software engineer passionate about open source software, Linux, Golang, Python and Kubernetes.

Location: This is a remote position available in EMEA and the Americas.

What you will focus on


 * Write high-quality code to create new features
 * Debug issues and interact with a vibrant community
 * Collaborate proactively with a distributed team
 * Work with helpful and talented engineers including experts in many fields
 * Work from home with global travel 2 to 4 weeks for internal and external events
   
   

What we are looking for in you


 * You are a Golang developer also fluent in Python
 * You have experience with Kubernetes
 * You have strong written and verbal communication skills
 * You have a Bachelor's or equivalent in Computer Science, STEM or similar degree
 * You love technology and working with brilliant people
   
   

What we offer you

We consider geographical location, experience, and performance in shaping compensation worldwide. We revisit compensation annually (and more often for graduates and associates) to ensure we recognise outstanding performance. In addition to base pay, we offer a performance-driven annual bonus. We provide all team members with additional benefits, which reflect our values and ideals. We balance our programs to meet local needs and ensure fairness globally.


 * Distributed work environment with twice-yearly team sprints in person
 * Personal learning and development budget of USD 2,000 per year
 * Annual compensation review
 * Recognition rewards
 * Annual holiday leave
 * Maternity and paternity leave
 * Employee Assistance Programme
 * Opportunity to travel to new locations to meet colleagues
 * Priority Pass, and travel upgrades for long haul company events
   
   

About Canonical

Canonical is a pioneering tech firm at the forefront of the global move to open source. As the company that publishes Ubuntu, one of the most important open source projects and the platform for AI, IoT and the cloud, we are changing the world on a daily basis. We recruit on a global basis and set a very high standard for people joining the company. We expect excellence - in order to succeed, we need to be the best at what we do. Canonical has been a remote-first company since its inception in 2004. Working here is a step into the future, and will challenge you to think differently, work smarter, learn new skills, and raise your game.

Canonical is an equal opportunity employer

We are proud to foster a workplace free from discrimination. Diversity of experience, perspectives, and background create a better work environment and better products. Whatever your identity, we will give your application fair consideration.

",Entry level,4037695909,https://fi.linkedin.com/jobs/view/software-engineer-python-golang-kubernetes-at-canonical-4037695909?trk=public_jobs_topcard-title,"Helsinki, Uusimaa, Finland",1 week ago,,,2024-09-28,,"Technology, Information and Internet",Software Engineer - Python/Golang - Kubernetes,Engineering and Information Technology,Remote
89 applicants,EXTERNAL,https://grnh.se/5f3435551us,,234280,Canonical,https://uk.linkedin.com/company/canonical?trk=public_jobs_topcard-org-name,Full-time,"This is a general track for applications to any team at Canonical that works with web-centric tech (JS, TypeScript, React, CSS, Flutter), across all seniority levels.

Many of Canonical's enterprise products have web front-ends. In order to create consistency across our products and sites, we have a central team that builds an open source React toolkit and presentation layer, the Vanilla Framework. We are excited to develop this further and see if we can help more open source projects build performant and accessible interfaces that respond well to diverse layouts. We use REST APIs for communication, and we consider API design an important part of the process.

We care about accessibility in our products and take time to work with designers.

Flutter is a new front-end technology that has the potential to unify our desktop and web development. We are growing the team's exposure to Flutter and have roles on both web and Ubuntu engineering for this specialism.

We hire developers with outstanding academic results and a passion for open-source software, innovation, and cutting-edge web technologies. In these roles, you will have the opportunity to make significant contributions through high-quality, front-end and back-end code while exhibiting technical leadership, exceptional design, and intuitive user experience.

Additionally, we encourage colleagues to engage with the broader open-source community. We're looking for individuals who can help build a thriving community, contribute to a broad range of technologies, and ensure seamless software operations at scale.

Location: Our web and Flutter engineering is largely in European, Middle Eastern, African and American time zones.

What your day will look like


 * Write high-quality, well-designed software
 * Collaborate proactively with a globally distributed team
 * Display technical leadership internally and within our external communities
 * Debug issues and produce high-quality code to fix them
 * Contribute to technical documentation to make it the best of its kind
 * Discuss ideas and collaborate on finding good solutions
 * Work from home with global travel twice annually for company events
   
   

What we are looking for in you


 * An exceptional academic track record from both high school and university
 * Undergraduate degree in Computer Science or STEM, or a compelling narrative about your alternative path
 * Drive and a track record of going above-and-beyond expectations
 * Well-organised, self-starting and able to deliver to schedule
 * Professional manner interacting with colleagues, partners, and community
 * Knowledge of web (HTML, CSS and JS) tech
 * Fluency in Typescript, React or Flutter
 * An eye for accessibility and performance
 * Professional written and spoken English
 * Experience with Linux (Debian or Ubuntu preferred)
 * Excellent interpersonal skills, curiosity, flexibility, and accountability
 * Passion, thoughtfulness, and self-motivation
 * Excellent communication and presentation skills
 * Result-oriented, with a personal drive to meet commitments
 * Ability to travel twice a year, for company events up to two weeks each
   
   

Additional Skills That You Might Also Bring


 * Experience with container tech such as LXD, Docker and Kubernetes
 * Curiosity about all aspects of web development
 * Attention to detail in regard to user-centric UI development
 * Experience with systems programming or scalable web services
 * REST API design, development and governance
 * Performance engineering and security experience
   
   

What we offer you

We consider geographical location, experience, and performance in shaping compensation worldwide. We revisit compensation annually (and more often for graduates and associates) to ensure we recognise outstanding performance. In addition to base pay, we offer a performance-driven annual bonus. We provide all team members with additional benefits, which reflect our values and ideals. We balance our programs to meet local needs and ensure fairness globally.


 * Distributed work environment with twice-yearly team sprints in person
 * Personal learning and development budget of USD 2,000 per year
 * Annual compensation review
 * Recognition rewards
 * Annual holiday leave
 * Maternity and paternity leave
 * Employee Assistance Programme
 * Opportunity to travel to new locations to meet colleagues
 * Priority Pass, and travel upgrades for long-haul company events
   
   

About Canonical

Canonical is a pioneering tech firm at the forefront of the global move to open source. As the company that publishes Ubuntu, one of the most important open source projects and the platform for AI, IoT and the cloud, we are changing the world on a daily basis. We recruit on a global basis and set a very high standard for people joining the company. We expect excellence - in order to succeed, we need to be the best at what we do. Canonical has been a remote-first company since its inception in 2004. Working here is a step into the future, and will challenge you to think differently, work smarter, learn new skills, and raise your game.

Canonical is an equal opportunity employer

We are proud to foster a workplace free from discrimination. Diversity of experience, perspectives, and background create a better work environment and better products. Whatever your identity, we will give your application fair consideration.

",Entry level,4034408280,https://fi.linkedin.com/jobs/view/web-frontend-engineer-js-css-react-flutter-at-canonical-4034408280?trk=public_jobs_topcard-title,"Helsinki, Uusimaa, Finland",2 weeks ago,,,2024-09-24,,"Technology, Information and Internet","Web Frontend Engineer - JS, CSS, React, Flutter",Engineering and Information Technology,Remote
Be among the first 25 applicants,EXTERNAL,https://grnh.se/e397b9911us,,234280,Canonical,https://uk.linkedin.com/company/canonical?trk=public_jobs_topcard-org-name,Full-time,"The role of a Community Engineer at Canonical

The Ubuntu Community team at Canonical enables community leaders and participants to get things done in the project, coordinating with Canonical teams and ensuring that community processes are efficient and well run. We don't do the work of the community, but we facilitate that work to ensure that energetic and ambitious community members with their own vision of open source can benefit from the work Canonical does and bring their own flavour of Ubuntu into being, to meet the needs and express the interests of their community.

This is an exciting opportunity for a technically proficient person who is passionate about open source software, Linux, and sustainable community building.

In this role, you will support community initiatives with your technical skills and strong organizational skills. You can get into the trenches with developers to smooth processes and integrate community plans with Canonical plans for maximum impact. You can encourage and facilitate the creation of new technical projects that enhance the community contribution experience, and you can represent community interests to Canonical teams.

You will support and engage with volunteer developers in the Ubuntu community, addressing their concerns and helping them to create successful tools. You will help to ensure their success and the overall autonomy and sustainability of the project. This role is likely a good fit for someone with experience in DevOps, Software Development, Testing or QA, package management, container technology. You will definitely need to be technically skilled with Linux.

You will provide the content and technical support to ensure the community stays engaged and informed. This will include regular blog and social media posts about community initiatives, events, accomplishments, and collaborative efforts between Canonical and the Ubuntu community.

You will communicate effectively with developers and software engineers and represent not only the Ubuntu community but Canonical as a contributor to the wider Linux ecosystem. Our team attends conferences and expos, and talks about technical community projects and their development processes.

Location: This is a Globally remote role.

What your day will look like


 * Collaborate proactively with a distributed team
 * Write high quality content to promote and support community initiatives
 * Discuss ideas and collaborate on finding good solutions to community problems
 * Work from home with global travel 2 to 4 weeks for internal and external events
 * Potential opportunity to travel more if you wish
 * Nurture community contributions to Ubuntu
 * Engage with the Ubuntu community through AskUbuntu, IRC, social media, conferences, etc
 * Represent Ubuntu via speaking engagements at events and conferences.
   
   

What we are looking for in you


 * You love technology and working with brilliant people
 * You are curious, flexible, articulate, and accountable
 * You value soft skills and are passionate, enterprising, thoughtful, and self-motivated
 * You have experience with developer tools and open source projects
 * You have a clear public record of accomplishments (talks, blog posts, GitHub, Twitter, etc)
 * You have interest and experience with two or more of the following: Ubuntu Linux - kernel or userspace, DevOps, software development, testing and QA, package management, container technology
 * You can work autonomously and assume full ownership of objectives as needed
 * You can be flexible with your time and enjoy working with new technology in a fast-paced environment
 * You are experienced working with open source communities and understand the workflow of volunteer contributors
   
   

Additional Skills That You Might Also Bring


 * Experience with community management
 * Experience with Developer advocacy
 * Experience as a software developer
 * Examples of contributions to the Ubuntu Community
 * Experience with contributing to open source projects
   
   

What we offer you

Your base pay will depend on various factors including your geographical location, level of experience, knowledge and skills. In addition to the benefits above, certain roles are also eligible for additional benefits and rewards including annual bonuses and sales incentives based on revenue or utilisation. Our compensation philosophy is to ensure equity right across our global workforce.

In addition to a competitive base pay, we provide all team members with additional benefits, which reflect our values and ideals. Please note that additional benefits may apply depending on the work location and, for more information on these, you can ask in the later stages of the recruitment process.


 * Fully remote working environment - we've been working remotely since 2004!
 * Personal learning and development budget of 2,000USD per annum
 * Annual compensation review
 * Recognition rewards
 * Annual holiday leave
 * Parental Leave
 * Employee Assistance Programme
 * Opportunity to travel to new locations to meet colleagues at 'sprints'
 * Priority Pass for travel and travel upgrades for long haul company events
   
   

About Canonical

Canonical is a pioneering tech firm that is at the forefront of the global move to open source. As the company that publishes Ubuntu, one of the most important open source projects and the platform for AI, IoT and the cloud, we are changing the world on a daily basis. We recruit on a global basis and set a very high standard for people joining the company. We expect excellence - in order to succeed, we need to be the best at what we do.

Canonical has been a remote-first company since its inception in 2004. Work at Canonical is a step into the future, and will challenge you to think differently, work smarter, learn new skills, and raise your game. Canonical provides a unique window into the world of 21st-century digital business.

Canonical is an equal opportunity employer

We are proud to foster a workplace free from discrimination. Diversity of experience, perspectives, and background create a better work environment and better products. Whatever your identity, we will give your application fair consideration.

",Entry level,4046273906,https://fi.linkedin.com/jobs/view/community-engineer-at-canonical-4046273906?trk=public_jobs_topcard-title,"Helsinki, Uusimaa, Finland",2 days ago,,,2024-10-09,,"Technology, Information and Internet",Community Engineer,Engineering and Information Technology,Remote
Be among the first 25 applicants,EXTERNAL,https://grnh.se/d7977bff1us,,234280,Canonical,https://uk.linkedin.com/company/canonical?trk=public_jobs_topcard-org-name,Full-time,"Ubuntu Linux, already the most popular Linux distribution in the world, is looking to increase its adoption even further by expanding the number of System On Chip (SoC) platforms supported natively and further optimising to ensure the highest performant experience for all users. There is a strong demand from silicon manufacturers such as NVIDIA, Xilinx, MediaTek, and Qualcomm to provide Ubuntu Linux to their customers and Canonical is looking to broaden its silicon enablement squads to meet this challenge. The Canonical Kernel Team - those responsible for the build, maintenance, and distribution of the Linux kernel for Ubuntu - are looking for individuals with a strong flair for software development at the hardware level and a passion for ensuring the most optimal performance the silicon can provide.

The successful candidate will be able to prove a strong aptitude for software engineering at the hardware level. While direct experience with the Linux kernel would be a substantial advantage, it is not a hard requirement for candidates with prior background in other RTOS' or bare-metal environments as long as direct hardware experience can be demonstrated.

There are a number of work-from-home based roles available worldwide and we are looking for experience levels from early career candidates with a couple of years under their belt up through senior industry veterans.

What your day will look like


 * Collaborate regularly and proactively with a globally distributed team
 * Work closely with our silicon vendor partners to integrate their platform support into the Ubuntu Linux kernel for their product ranges
 * Diagnose and resolve issues in the kernel reported by partners, customers, the community at large, and discovered by your own rigorous testing
 * Take responsibility for the delivery of distinct silicon-optimised variants of the Ubuntu Linux kernel to the world
 * Improve tooling and automation for the delivery and test of Ubuntu Linux kernels
 * Submit, review, and apply kernel patches, working with both internal and external upstream maintainers
 * Identify new means of maximising performance on partner silicon
   
   

What we are looking for in you


 * Well-organised and motivated self-starter able to thrive in a remote work environment
 * Professional manner with colleagues, business partners, and the open-source community
 * Ability to communicate effectively in English, both written and verbal
 * Significant programming ability in C
 * Strong grasp of device drivers, BSP's, and other aspects of hardware-level system engineering
 * Solid background with git
 * Understanding of operating system kernel fundamentals
 * Ability to travel twice a year for company events of up to two weeks length
   
   

Additional skills that you might also bring


 * Python and Bash scripting ability
 * Prior background with the major SoC families
 * Ubuntu/Debian/Snap packaging
 * Demonstrated experience with Linux kernel patching and debugging
 * Solid understanding of performance optimisation for silicon platforms
   
   

What we offer you

We consider geographical location, experience, and performance in shaping compensation worldwide. We revisit compensation annually to ensure we recognise outstanding performance. In addition to base pay, we offer a performance-driven annual bonus. We provide all team members with additional benefits, which reflect our values and ideals. We balance our programs to meet local needs and ensure fairness globally.


 * Home-based work environment with twice-yearly team sprints in person
 * Personal learning and development budget of USD 2,000 per year
 * Annual compensation review
 * Recognition rewards
 * Annual holiday leave
 * Maternity and paternity leave
 * Employee Assistance Programme
 * Opportunity to travel to new locations to meet colleagues
 * Priority Pass, and travel upgrades for long haul company events
   
   

About Canonical

Canonical is a pioneering tech firm at the forefront of the global move to open source. As the company that publishes Ubuntu, one of the most important open source projects and the platform for AI, IoT and the cloud, we are changing the world on a daily basis. We recruit on a global basis and set a very high standard for people joining the company. We expect excellence - in order to succeed, we need to be the best at what we do. Canonical has been a remote-first company since its inception in 2004. Working here is a step into the future, and will challenge you to think differently, work smarter, learn new skills, and raise your game.

Canonical is an equal opportunity employer

We are proud to foster a workplace free from discrimination. Diversity of experience, perspectives, and background create a better work environment and better products.

Whatever your identity, we will give your application fair consideration.

",Entry level,4036488071,https://fi.linkedin.com/jobs/view/ubuntu-linux-kernel-engineer-silicon-enablement-at-canonical-4036488071?trk=public_jobs_topcard-title,"Helsinki, Uusimaa, Finland",2 weeks ago,,,2024-09-27,,"Technology, Information and Internet",Ubuntu Linux Kernel Engineer - Silicon Enablement,Information Technology,Remote
Be among the first 25 applicants,EXTERNAL,https://grnh.se/a71495151us,,234280,Canonical,https://uk.linkedin.com/company/canonical?trk=public_jobs_topcard-org-name,Full-time,"We are seeking a software engineer passionate about software quality, Ubuntu, and the open source community, to join the Ubuntu Quality Engineering team as we expand the set of open source packages we fully support and secure.

We see quality engineering as a first class engineering practice and are looking for people who can bring deep engineering insights to automation, testing capabilities, reporting and data analytics, as well as run processes in partnership with Canonical and community teams.

Ubuntu strives to deliver the latest-best free software components, in an easy to use and highly reliable form. We build on the technical excellence of Debian and bring additional focus and shape to the solutions we offer the industry.

As an Ubuntu Quality Engineer, you must be passionate about the future of Ubuntu, about quality and continuous integration and testing. You will work closely with multiple teams at the heart of Ubuntu and drive quality excellence. You will work closely with the Ubuntu Desktop, Server and Foundations team and put in place metrics for quality. You will research existing issues, troubleshoot and resolve problems, and identify opportunities for improvement and communicate them to the rest of the organization to drive the overall quality of Ubuntu. This is a great opportunity to start and progress your career in the QA domain.

Location: This is a Globally remote role

What your day will look like


 * Monitor indicators of quality across the Ubuntu ecosystem and products
 * Troubleshoot and resolve issues in Ubuntu Desktop, Ubuntu Server and Ubuntu Core
 * Enhance our continuous integration to guard Ubuntu image, release and package quality
 * Report on KPIs and analytical insights
 * Empower other teams for better planning and constant quality improvements
 * Develop, enhance and automate test cases, from unit tests to end-to-end multi machine workloads
 * Work from home with international travel twice a year, for events up to two weeks long
   
   

What we are looking for in you


 * A strong software engineering, Linux, and open source background
 * In-depth knowledge of Python and Shell scripting
 * Experience with C/C++
 * Excellent troubleshooting skills and experience working with others to identify, isolate and resolve issues
 * Experience with quality processes and continuous integration tools
 * Experience working in an agile development environment
   
   

Additional Skills That You Might Also Bring

Experience with Debian/Ubuntu based operating system and good understanding of Debian packaging and snaps would also be a considerable advantage.

What we offer you

We consider geographical location, experience, and performance in shaping compensation worldwide. We revisit compensation annually (and more often for graduates and associates) to ensure we recognise outstanding performance. In addition to base pay, we offer a performance-driven annual bonus. We provide all team members with additional benefits, which reflect our values and ideals. We balance our programs to meet local needs and ensure fairness globally.


 * Distributed work environment with twice-yearly team sprints in person - we've been working remotely since 2004!
 * Personal learning and development budget of USD 2,000 per year
 * Annual compensation review
 * Recognition rewards
 * Annual holiday leave
 * Maternity and paternity leave
 * Employee Assistance Programme
 * Opportunity to travel to new locations to meet colleagues from your team and others
 * Priority Pass for travel and travel upgrades for long haul company events
   
   

About Canonical

Canonical is a pioneering tech firm that is at the forefront of the global move to open source. As the company that publishes Ubuntu, one of the most important open source projects and the platform for AI, IoT and the cloud, we are changing the world on a daily basis. We recruit on a global basis and set a very high standard for people joining the company. We expect excellence - in order to succeed, we need to be the best at what we do.

Canonical has been a remote-first company since its inception in 2004. Work at Canonical is a step into the future, and will challenge you to think differently, work smarter, learn new skills, and raise your game. Canonical provides a unique window into the world of 21st-century digital business.

Canonical is an equal opportunity employer

We are proud to foster a workplace free from discrimination. Diversity of experience, perspectives, and background create a better work environment and better products. Whatever your identity, we will give your application fair consideration.

",Entry level,4042179821,https://fi.linkedin.com/jobs/view/linux-system-engineer-qa-tooling-automation-at-canonical-4042179821?trk=public_jobs_topcard-title,"Helsinki, Uusimaa, Finland",1 week ago,,,2024-10-03,,"Technology, Information and Internet","Linux System Engineer - QA, Tooling, Automation",Information Technology,Remote
Be among the first 25 applicants,EXTERNAL,https://grnh.se/757b26df1us,,234280,Canonical,https://uk.linkedin.com/company/canonical?trk=public_jobs_topcard-org-name,Full-time,"Canonical is a leading provider of open source software and operating systems to the global enterprise and technology markets. Our platform, Ubuntu, is very widely used in breakthrough enterprise initiatives such as public cloud, data science, AI, engineering innovation and IoT. Our customers include the world's leading public cloud and silicon providers, and industry leaders in many sectors. The company is a pioneer of global distributed collaboration, with 1100+ colleagues in 75+ countries and very few office based roles. Teams meet two to four times yearly in person, in interesting locations around the world, to align on strategy and execution. The company is founder led, profitable and growing.

This is an exciting opportunity for you, a software engineer passionate about open source software. Come build a rewarding, meaningful career working with the best and brightest people in technology at Canonical, a growing international software company and help us to bring free software to the widest audience.

Ubuntu Server is a platform that enables amazing technology the whole world over, and is the #1 operating system in the public clouds. Applicants to this role will have the opportunity to help with everything that goes into evolving Ubuntu. You will get to work with our experienced team and have the benefits of learning and growing alongside the best engineers in the business.

What you'll do


 * Collaborate proactively within a distributed team
 * Foster a software ecosystem with seamless user experience for all Ubuntu users
 * Debug issues and facilitate their solution together with upstream projects
 * Evaluate contributions of other engineers to maintain high-quality software standards.
 * Work from home with global travel 2 to 4 weeks for internal and external events
 * Play a role in shaping the future of Ubuntu via both - new ideas in your areas of interest and advising on work being done elsewhere
 * Own the maintenance of Ubuntu Server packages. Specifically but not limited to:
    * Traditional server workloads (web servers, databases, network services, etc)
    * Virtualisation and Containers
    * Package management and dependencies
    * Language runtimes and toolchains (python, golang, rust, etc)

 * Collaborate with other teams in the Ubuntu and Debian communities, with upstream projects, and commercially supported customers
   

Who you are


 * You love technology and working with brilliant people
 * You are curious, flexible, articulate, and accountable
 * You value soft skills and are passionate, enterprising, thoughtful, and self-motivated
 * You have a Bachelor's or equivalent in Computer Science, STEM or similar degree (or any higher)
 * You have interest and experience with two or more of the following: Distribution Development; debugging issues in a wide range of software; creation of test environments and reproducibility steps; administration and optimization of complex workloads; coding in Python, Go or Rust; packaging or distributing software; Public clouds like AWS, GCP, Azure, Oracle Cloud and, IBM Cloud
 * You enjoy switching projects frequently and learning about a wide range of technologies
 * Involvement in open source projects in the past a plus
   
   

What we offer you

We consider geographical location, experience, and performance in shaping compensation worldwide. We revisit compensation annually (and more often for graduates and associates) to ensure we recognise outstanding performance. In addition to base pay, we offer a performance-driven annual bonus. We provide all team members with additional benefits, which reflect our values and ideals. We balance our programs to meet local needs and ensure fairness globally.


 * Distributed work environment with twice-yearly team sprints in person
 * Personal learning and development budget of USD 2,000 per year
 * Annual compensation review
 * Recognition rewards
 * Annual holiday leave
 * Maternity and paternity leave
 * Employee Assistance Programme
 * Opportunity to travel to new locations to meet colleagues
 * Priority Pass, and travel upgrades for long haul company events
   
   

About Canonical

Canonical is a pioneering tech firm at the forefront of the global move to open source. As the company that publishes Ubuntu, one of the most important open source projects and the platform for AI, IoT and the cloud, we are changing the world on a daily basis. We recruit on a global basis and set a very high standard for people joining the company. We expect excellence - in order to succeed, we need to be the best at what we do. Canonical has been a remote-first company since its inception in 2004. Working here is a step into the future, and will challenge you to think differently, work smarter, learn new skills, and raise your game.

Canonical is an equal opportunity employer

We are proud to foster a workplace free from discrimination. Diversity of experience, perspectives, and background create a better work environment and better products. Whatever your identity, we will give your application fair consideration.

",Entry level,4026766689,https://fi.linkedin.com/jobs/view/software-engineer-packaging-optimize-ubuntu-server-at-canonical-4026766689?trk=public_jobs_topcard-title,"Helsinki, Uusimaa, Finland",3 weeks ago,,,2024-09-18,,"Technology, Information and Internet",Software Engineer - packaging - optimize Ubuntu Server,Engineering and Information Technology,Remote
Be among the first 25 applicants,EXTERNAL,https://grnh.se/c3cc3dd81us,,234280,Canonical,https://uk.linkedin.com/company/canonical?trk=public_jobs_topcard-org-name,Full-time,"Our mission is to build a next-generation private cloud infrastructure, combining KVM, Ceph, and SDN technologies to create a data center scale cloud that 'just works' and provides a mission-critical cloud for edge and core enterprise deployments. We are hiring a Golang software engineer to work on the low level Go codebase sitting between our REST API and the low level C libraries used to manage containers and virtual machines. We are looking for system-level developers with experience in design and data management/modeling.

LXD components span the entire software stack from low-level kernel features to the upper level management API/CLI. Our most effective engineers are fluent in all these layers, and able to anticipate the consequences of design and engineering choices elsewhere in a complex distributed system.

This is an opportunity for someone who wants to have a meaningful impact on modern cloud computing technologies. Canonical offers a fun, fast-paced team environment and a career full of learning and development.

Location: This is a remote position available in EMEA and the Americas.

What you will focus on


 * Design, implement and document system level Go code
 * Model data, design database schema and implement data storage in a dqlite (SQL) database
 * Maintain code quality through static analysis, unit and system tests
 * Collaborate proactively with a distributed team
 * Discuss ideas and collaborate on finding good solutions
 * Work from home with global travel 2 to 4 weeks/year for internal and external events
   
   

What we are looking for in you


 * You have experience programming in Go and C
 * You are knowledgeable in networking and storage technologies
 * You have experience with two or more of: cloud computing, virtualisation, containers, distributed systems, open source community
 * You are curious, flexible, articulate and accountable
 * You value soft skills and are enterprising, thoughtful and self-motivated
 * You have a bachelor's or equivalent in Computer Science, STEM or similar degree
   
   

What we offer you

We consider geographical location, experience, and performance in shaping compensation worldwide. We revisit compensation annually (and more often for graduates and associates) to ensure we recognise outstanding performance. In addition to base pay, we offer a performance-driven annual bonus. We provide all team members with additional benefits, which reflect our values and ideals. We balance our programs to meet local needs and ensure fairness globally.


 * Distributed work environment with twice-yearly team sprints in person
 * Personal learning and development budget of USD 2,000 per year
 * Annual compensation review
 * Recognition rewards
 * Annual holiday leave
 * Maternity and paternity leave
 * Employee Assistance Programme
 * Opportunity to travel to new locations to meet colleagues
 * Priority Pass, and travel upgrades for long haul company events
   
   

About Canonical

Canonical is a pioneering tech firm at the forefront of the global move to open source. As the company that publishes Ubuntu, one of the most important open source projects and the platform for AI, IoT and the cloud, we are changing the world on a daily basis. We recruit on a global basis and set a very high standard for people joining the company. We expect excellence - in order to succeed, we need to be the best at what we do. Canonical has been a remote-first company since its inception in 2004. Working here is a step into the future, and will challenge you to think differently, work smarter, learn new skills, and raise your game.

Canonical is an equal opportunity employer

We are proud to foster a workplace free from discrimination. Diversity of experience, perspectives, and background create a better work environment and better products. Whatever your identity, we will give your application fair consideration.

",Entry level,4037048966,https://fi.linkedin.com/jobs/view/golang-system-software-engineer-containers-virtualisation-at-canonical-4037048966?trk=public_jobs_topcard-title,"Helsinki, Uusimaa, Finland",1 week ago,,,2024-09-28,,"Technology, Information and Internet",Golang System Software Engineer - Containers / Virtualisation,Engineering and Information Technology,Remote
Be among the first 25 applicants,EXTERNAL,https://grnh.se/21cd5f851us,,234280,Canonical,https://uk.linkedin.com/company/canonical?trk=public_jobs_topcard-org-name,Full-time,"Canonical is a leading provider of open source software and operating systems to the global enterprise and technology markets. Our platform, Ubuntu, is very widely used in breakthrough enterprise initiatives such as public cloud, data science, AI, engineering innovation and IoT. Our customers include the world's leading public cloud and silicon providers, and industry leaders in many sectors. The company is a pioneer of global distributed collaboration, with 1000+ colleagues in 70+ countries and very few roles based in offices. Teams meet two to four times yearly in person, in interesting locations around the world, to align on strategy and execution.

The company is founder led, profitable and growing.

We are hiring an Ubuntu on WSL Software Engineer to grow the team working on this exciting technology. The Windows Subsystem for Linux (WSL) opens up new possibilities for Linux development in Windows environments. WSL offers a specific set of capabilities to bridge a containerised Linux into the Windows desktop, allowing for interesting new kinds of integration to take place at that boundary. It is a potent new way to enable open source developer experiences on Windows workstations. We are excited to explore these possibilities, helping to shape the future of Windows-and-Linux development. We work closely with the Microsoft WSL team to ensure that the latest capabilities in WSL are well integrated with Ubuntu. We work with other open source developer communities to ensure that WSL makes a happy place to work with their libraries, toochains and applications.

This team delivers the best Linux experience on WSL to a huge audience. You will have direct influence over the roadmap for Ubuntu on WSL and will specify, architect and develop features in association with engineering managers, product managers and developer advocates. If you enjoy public speaking you would be welcome to speak at conferences about your work on WSL, and interact with a very enthusiastic community.

This role involves learning and driving improvements anywhere in the Ubuntu system, from the lowest level up to user experience and a GUI. The team works in a range of languages including Python, Golang, Flutter (Dart) and C/C++. If you don't already know about containers the role will challenge you to understand the details of kernel confinement and low level system services. The successful candidate will be passionate about the future of Ubuntu, mindful of the dynamics of the open source ecosystem, and equally aware of the needs of large organisations. Strong communication and relationship skills are as important as superb technical skills.

Location: This is a home-based role, in the EMEA or Americas time zone.

The role entails the following:


 * Implement support for new WSL features in Ubuntu
 * Closely follow upstream development in WSL
 * Manage Ubuntu WSL applications in the Microsoft Store
 * Implement support for Ubuntu features on WSL
 * Contribute to upstream projects in support of WSL features
 * Define, manage and execute test plans
 * Work with other teams at Canonical to ensure that Ubuntu is released every 6 months on schedule
 * Respond and work to resolve issues raised by end users and customers
   
   

What we are looking for in you


 * Bachelor's degree or equivalent in Computer Science or related engineering field
 * Exceptional academic track record from both high school and university
 * Software development experience in a high-level language - preferably Go, Python or C++
 * Confidence to respectfully speak up, exchange feedback, and share ideas without hesitation
 * Track record of going above-and-beyond expectations to achieve outstanding results
 * Passion for technology evidenced by personal projects and initiatives, preferably on WSL!
 * The work ethic and confidence to shine alongside motivated colleagues
 * Professional written and spoken English
 * Experience with Linux (Debian or Ubuntu preferred)
 * Excellent interpersonal skills, curiosity, flexibility, and accountability
 * Appreciative of diversity, polite and effective in a multi-cultural, multi-national organisation
 * Thoughtfulness and self-motivation
 * Result-oriented, with a personal drive to meet commitments
 * Ability to travel internationally twice a year, for company events up to two weeks long
   
   

Additional Skills That Are Nice To Have


 * Knowledge of Windows, especially system-level capabilities like storage, filesystems, permissions, hyper-v
 * Experience with Windows Subsystem for Linux, virtualization, and containers
 * Knowledge of PowerShell, Visual Studio, and Azure DevOps
 * Knowledge of Ubuntu desktop technologies (GNOME, D-Bus, systemd, Xorg/Wayland, etc.)
 * Debian or Ubuntu contributor/developer
 * Awareness of agile development methodologies and tools
   
   

What we offer colleagues

We consider geographical location, experience, and performance in shaping compensation worldwide. We revisit compensation annually (and more often for graduates and associates) to ensure we recognise outstanding performance. In addition to base pay, we offer a performance-driven annual bonus or commission. We provide all team members with additional benefits, which reflect our values and ideals. We balance our programs to meet local needs and ensure fairness globally.


 * Distributed work environment with twice-yearly team sprints in person
 * Personal learning and development budget of USD 2,000 per year
 * Annual compensation review
 * Recognition rewards
 * Annual holiday leave
 * Maternity and paternity leave
 * Employee Assistance Programme
 * Opportunity to travel to new locations to meet colleagues
 * Priority Pass, and travel upgrades for long haul company events
   
   

About Canonical

Canonical is a pioneering tech firm at the forefront of the global move to open source. As the company that publishes Ubuntu, one of the most important open source projects and the platform for AI, IoT and the cloud, we are changing the world of software. We recruit on a global basis and set a very high standard for people joining the company. We expect excellence - in order to succeed, we need to be the best at what we do. Most colleagues at Canonical have worked from home since its inception in 2004. Working here is a step into the future, and will challenge you to think differently, work smarter, learn new skills, and raise your game.

Canonical is an equal opportunity employer

We are proud to foster a workplace free from discrimination. Diversity of experience, perspectives, and background create a better work environment and better products. Whatever your identity, we will give your application fair consideration.

",Entry level,4046272744,https://fi.linkedin.com/jobs/view/ubuntu-on-wsl-software-engineer-at-canonical-4046272744?trk=public_jobs_topcard-title,"Helsinki, Uusimaa, Finland",2 days ago,,,2024-10-09,,"Technology, Information and Internet",Ubuntu on WSL Software Engineer,Engineering and Information Technology,Remote
Be among the first 25 applicants,EXTERNAL,https://grnh.se/57219a631us,,234280,Canonical,https://uk.linkedin.com/company/canonical?trk=public_jobs_topcard-org-name,Full-time,"We are hiring a software developer to focus on dqlite, our distributed SQLite database which uses our own Raft library for establishing consensus and replication. Dqlite is available as a pure C library or through a Go package that we also maintain, and we intend to provide bindings for Python and other languages.

You will design and implement enhancements to the libraft, dqlite and go-dqlite components which we consume in MicroK8s, LXD and other projects. Work includes development in those pieces of software as well as responding to issues and user inquiries.

This is an excellent opportunity for someone who wants to have a meaningful impact on modern computing technologies. Canonical offers a fast-paced team environment and a career full of learning and development opportunities.

Location: This is a remote position available in EMEA

What you will focus on


 * Design and implement features across dqlite
 * Debug and fix issues encountered by your users
 * Improve Jepsen tests, traditional HA database automated testing and stress tests
 * Participate in our engineering process through code and architectural review
 * Engage with the open source community and commercial partners
   
   

What we are looking for in you


 * Experience with distributed systems (preferably with Raft)
 * Good C programming experience
 * Solid understanding of asynchronous programming and concurrency patterns a plus
 * Capacity to learn quickly about new systems and techniques
 * Strong written and verbal communication skills
 * Bachelor's or equivalent in Computer Science, STEM or similar degree
   
   

What we offer you

We consider geographical location, experience, and performance in shaping compensation worldwide. We revisit compensation annually (and more often for graduates and associates) to ensure we recognise outstanding performance. In addition to base pay, we offer a performance-driven annual bonus. We provide all team members with additional benefits, which reflect our values and ideals. We balance our programs to meet local needs and ensure fairness globally.


 * Distributed work environment with twice-yearly team sprints in person
 * Personal learning and development budget of USD 2,000 per year
 * Annual compensation review
 * Recognition rewards
 * Annual holiday leave
 * Maternity and paternity leave
 * Employee Assistance Programme
 * Opportunity to travel to new locations to meet colleagues
 * Priority Pass, and travel upgrades for long haul company events
   
   

About Canonical

Canonical is a pioneering tech firm at the forefront of the global move to open source. As the company that publishes Ubuntu, one of the most important open source projects and the platform for AI, IoT and the cloud, we are changing the world on a daily basis. We recruit on a global basis and set a very high standard for people joining the company. We expect excellence - in order to succeed, we need to be the best at what we do. Canonical has been a remote-first company since its inception in 2004. Working here is a step into the future, and will challenge you to think differently, work smarter, learn new skills, and raise your game.

Canonical is an equal opportunity employer

We are proud to foster a workplace free from discrimination. Diversity of experience, perspectives, and background create a better work environment and better products. Whatever your identity, we will give your application fair consideration.

",Entry level,4037048960,https://fi.linkedin.com/jobs/view/c-golang-software-engineer-working-on-dqlite-a-raft-extension-for-sqlite-at-canonical-4037048960?trk=public_jobs_topcard-title,"Helsinki, Uusimaa, Finland",1 week ago,,,2024-09-28,,"Technology, Information and Internet","C, Golang Software Engineer working on dqlite, a Raft extension for SQLite",Engineering and Information Technology,Remote
Be among the first 25 applicants,EXTERNAL,https://grnh.se/ccd862701us,,234280,Canonical,https://uk.linkedin.com/company/canonical?trk=public_jobs_topcard-org-name,Full-time,"The role of a Go Software Engineer, Commercial Systems at Canonical

This engineering role is an opportunity for a technologist with a passion for Linux to build a career with Canonical and drive the success of those leveraging Ubuntu and open source products. If you have an affinity for open source development, you will enjoy working with some of the best people in the industry at Canonical.

The Commercial Systems unit has several areas of responsibility spread across five engineering teams, closely collaborating with other engineering and business teams at Canonical. Services designed, developed, and operated by the Commercial Systems unit are deployed to millions of machines worldwide.

The first area of responsibility is centered around security. We develop and operate Ubuntu Pro and Livepatch backend services that support the authentication, authorization, and delivery of Extended Security Maintenance (ESM) at scale to a wide range of devices spanning from individual systems to large enterprise fleets running in cloud environments.

On the distributed systems front, we develop an open source identity manager Candid and a Juju multi-controller manager JIMM (Juju Intelligent Model Manager), that enables organizations to centrally manage operations across many Juju controllers deployed to public, private, and hybrid clouds. The majority of our systems are deployed to Kubernetes clusters.

The third major area is related to internal business operations. We develop and operate a data warehouse, including data ingestion pipelines, that are relied on by operations and data analytics teams. In addition to that, we help internal business units to automate processes across many software solutions and integrate SaaS solutions to ensure a smooth flow of data.

Lastly, we have a dedicated team of Salesforce engineers and administrators who take care of our Salesforce implementation and integration crucial to our sales and business operations. This team configures Salesforce and implements business processes that facilitate efficient operations.

We are looking for new colleagues with strong background in Go or Python, who have the drive and energy to deliver and operate solutions at scale with the highest engineering quality, continuously develop their skills, and work with us on defining the future of open source.

Location: This role will be based remotely in the EMEA region.

What your day will look like


 * Code in Go or Python
 * Collaborate with colleagues on technical designs
 * Stay in sync with team mates
 * Deploy and operate services developed by the team
 * Improve engineering and operations practices
   
   

What we are looking for in you


 * Bachelor's degree or equivalent in Computer Science or related engineering field
 * Experience as a software developer in a high-level language - preferably Go or Python
 * Experience building, deploying, and operating distributed systems and APIs
 * Excellent verbal and written communication skills in English
 * Ability to collaborate remotely with a diverse set of team members and stakeholders, remain highly motivated, productive, and organized in a fully remote environment
 * Ability to travel to international destinations for one week at a time, approximately 2-4 times per year. Locations prior to the global pandemic included New York, Seattle, London, Cape Town, Budapest, Berlin, Montreal, and Brussels
   
   

Additional Skills That You Might Also Bring


 * Experience developing and deploying for Ubuntu Linux in public clouds
 * Experience integrating authentication & authorization, financial, public cloud or marketplace systems
 * Experience with Salesforce development/integration or APEX
   
   

What we offer you

Your base pay will depend on various factors including your geographical location, level of experience, knowledge and skills. In addition to the benefits above, certain roles are also eligible for additional benefits and rewards including annual bonuses and sales incentives based on revenue or utilisation. Our compensation philosophy is to ensure equity right across our global workforce.

In addition to a competitive base pay, we provide all team members with additional benefits, which reflect our values and ideals. Please note that additional benefits may apply depending on the work location and, for more information on these, you can ask in the later stages of the recruitment process.


 * Fully remote working environment - we've been working remotely since 2004!
 * Personal learning and development budget of 2,000USD per annum
 * Annual compensation review
 * Recognition rewards
 * Annual holiday leave
 * Parental Leave
 * Employee Assistance Programme
 * Opportunity to travel to new locations to meet colleagues at 'sprints'
 * Priority Pass for travel and travel upgrades for long haul company events
   
   

About Canonical

Canonical is a pioneering tech firm that is at the forefront of the global move to open source. As the company that publishes Ubuntu, one of the most important open source projects and the platform for AI, IoT and the cloud, we are changing the world on a daily basis. We recruit on a global basis and set a very high standard for people joining the company. We expect excellence - in order to succeed, we need to be the best at what we do.

Canonical has been a remote-first company since its inception in 2004. Work at Canonical is a step into the future, and will challenge you to think differently, work smarter, learn new skills, and raise your game. Canonical provides a unique window into the world of 21st-century digital business.

Canonical is an equal opportunity employer

We are proud to foster a workplace free from discrimination. Diversity of experience, perspectives, and background create a better work environment and better products. Whatever your identity, we will give your application fair consideration.

",Entry level,4046271911,https://fi.linkedin.com/jobs/view/go-software-engineer-commercial-systems-at-canonical-4046271911?trk=public_jobs_topcard-title,"Helsinki, Uusimaa, Finland",2 days ago,,,2024-10-09,,"Technology, Information and Internet","Go Software Engineer, Commercial Systems",Engineering and Information Technology,Remote
Be among the first 25 applicants,EXTERNAL,https://grnh.se/a5c87bb01us,,234280,Canonical,https://uk.linkedin.com/company/canonical?trk=public_jobs_topcard-org-name,Full-time,"Summary

This is an exciting opportunity for an exceptional software engineer passionate about open source software, Linux, and Web Services at scale. Come build a rewarding, meaningful career working with the best and brightest people in technology at Canonical, a growing international software company.

Canonical's Store team develops and operates a large system of backend services that power the Snap Store and Charmhub.io marketplaces. Our services are built primarily in Python, with a bit of Golang.

We have some exciting challenges ahead including continuing to scale our production architecture, significantly expanding the range of software we can deliver through the system powering our marketplaces, and enhancing our offering for the booming world of IoT and for large Enterprise solutions.

If you have a passion for clean APIs, have a bias towards shipping, and believe that automated tests are the key to higher velocity and reliability, you'll fit right in.

What you'll do


 * Collaborate remotely with a globally distributed team.
 * Write clean web service APIs to support both CLI and web frontend clients, using Python (and optionally Golang).
 * Design and implement new features and enhancements from spec to production and ongoing operations at scale.
 * Review code and technical designs produced by other engineers.
 * Discuss ideas and collaborate on finding good solutions.
 * Work remotely with global travel for 2 to 4 weeks for internal and external events.
   
   

Who you are


 * You have demonstrated professional proficiency in developing public-facing APIs and web applications using Python.
 * You have a broad technology base but favour backend code and infrastructure.
 * You know your way around relational and non-relational databases and can effectively design data models that perform well, and tune queries to access them.
 * You are comfortable with Ubuntu as a development and deployment platform.
 * You have demonstrated strong academic performance in Computer Science, STEM or a similar degree.
 * You love technology and working with a diverse set of talented people.
 * You are curious, flexible, articulate, and accountable.
 * You value soft skills and are passionate, enterprising, thoughtful, and self-motivated.
   
   

About Canonical

Canonical is a growing, international software company that works with the open-source community to deliver Ubuntu -- the world's #1 cloud operating system. Our mission is to realise the potential of free software in the lives of individuals and organisations. Our services are helping businesses worldwide to reduce costs, improve efficiency and enhance security with Ubuntu. Canonical is a unique tech company - global, remote-first, open source, with 700 professionals across 50 countries - we want to be the world's best, not biggest, global software company. With almost every team remote by default, Canonical sets the pace on the 21st-century digital workplace.

What Canonical offers:


 * Work from home
 * Learning and development allowances
 * Competitive salary
 * Annual compensation review
 * Recognition rewards
 * Generous annual leave
 * Paid maternity, paternity and sick leave
 * Priority Pass for travel
 * Exposure to international business and technology
   
   

We are proud to foster a workplace free from discrimination. Diversity of experience, perspectives, and background create a better work environment and better products. Whatever your identity, we will give your application fair consideration.

#stack

",Entry level,4046832978,https://fi.linkedin.com/jobs/view/backend-software-engineer-stores-at-canonical-4046832978?trk=public_jobs_topcard-title,"Helsinki, Uusimaa, Finland",2 days ago,,,2024-10-09,,"Technology, Information and Internet",Backend Software Engineer - Stores,Engineering and Information Technology,Remote
