applicationsCount,applyType,applyUrl,benefits,companyId,companyName,companyUrl,contractType,description,experienceLevel,id,jobUrl,location,postedTime,posterFullName,posterProfileUrl,publishedAt,salary,sector,title,workType,work_arrangement
Be among the first 25 applicants,EXTERNAL,https://careers.hiq.fi/jobs/4966451-data-engineer,,5700,HiQ Finland,https://fi.linkedin.com/company/hiq-finland?trk=public_jobs_topcard-org-name,Full-time,"Haluatko tulla parantamaan asiakkaidemme toiminnan tehokkuutta ja tekemisen vaikuttavuutta parempien dataratkaisujen avulla? Tule työskentelemään HiQ:n AI-, data- ja automaatiotiimiin, jossa tunnistamme ja ratkaisemme mm. asiakkaidemme liiketoimintaprosessien tehottomuuksia. Seuraamme aktiivisesti alan trendejä, pyrimme jatkuvasti kehittämään tietämystämme ja kykyjämme tuottaaksemme innovatiivisia ratkaisuja. Tarjoamme asiantuntijaratkaisuja projektitoimitusten ja konsultointipalveluiden kautta asiakkaidemme tarpeiden mukaisesti.




Toivoisimme sinulta kokemusta:

 * Pilvipalvelut: Azure, GCP tai AWS
 * Backend: Python, SQL sekä esim. Spark, Databricks, ADF, Snowflake
 * Tietokantaosaamista: esim. DB2, PostgreSQL, SQL Server, Big Query




Toivomme, että olet tottunut työskentelemään näiden teknologioiden parissa ja hallitset osa-alueista yhden tai useamman erinomaisesti. Toivomme myös, että olet kiinnostunut ottamaan haltuun uusia teknologioita.




Odotamme myös:

 * Konsultatiivista otetta sekä kykyä auttaa asiakasta rakentamaan ja ylläpitämään tietokantapohjaisia ratkaisuja.
 * Kykyä suunnitella ja rakentaa tehokkaita ETL-prosesseja datan kerryttämiseksi ja jalostamiseksi raportointia varten
 * Jos sinulla on kokemusta työskentelystä Power BI:n, Tableau:n tai Qlik:n parissa katsomme sen eduksi, tämä ei kuitenkaan ole edellytys työssä onnistumiselle.
 * Työnteko onnistuu pääosin etänä, mutta asiakasprojektit saattavat vaatia keskimäärin 1-2 päivää viikossa läsnäoloa pääkaupunkiseudulla.




Useassa asiakkuudessamme vaaditaan sujuvaa suomen ja englannin kielen taitoa. Näemme etuna myös aiemman kokemuksen esimerkiksi finanssi- tai energia-aloilta. Osa asiakkuuksistamme vaatii turvallisuusselvityksen sekä mm. luottotietojen tarkistuksen.




Tarjoamme:

 * Kiinnostavan roolin mielenkiintoisissa ja usein pitkissä projekteissa.
 * HiQ:n hauskan ja rennon työyhteisön ja kokeneet tiimikaverit. Vietämme HiQ:lla aikaa yhdessä mm. harrastuskerhojen ja yhteisen tekemisen parissa. Jaamme myös aktiivisesti tietoa, oppeja ja onnistumisia esimerkiksi Fullstack Fridayn merkeissä kuukausittain.
 * Joustavan hybridityömahdollisuuden. Voit työskennellä asiakkaan tiloissa, toimistollamme Otaniemessä tai Kampissa tai kotitoimistolta käsin.
 * Kattavat henkilöstöedut laajasta työterveydestä liikunta- ja kulttuurietuihin, harrastekerhoihin, tapahtumiin ja ammatilliseen kehittymiseen. Joustamme HiQ:laisten eri elämäntilanteissa ja haluamme tehdä työn ja vapaa-ajan yhteensovittamisesta helppoa.




Hae nyt

Kiinnostuitko tehtävästä ja haluaisit kuulla roolista lisää? Positiosta voit kysyä lisää Roosa-Maria Ahoselta (roosa-maria.ahonen@hiq.fi) tai hae paikkaa suoraan linkin kautta - se ei vie kauaa!




Hakemisen jälkeen pyrimme olemaan sinuun mahdollisimman nopeasti yhteydessä. Pääset ensin juttelemaan rekrytoijamme kanssa taustastasi ja sopivuudesta tehtävään. Toisessa vaiheessa keskustelet teknisemmän osaajamme kanssa, joka osaa kertoa paremmin työstä HiQ:lla ja asiakkaalla. Lopuksi haluamme ehkä vilkaista jotain aikaisempaa projektiasi tai tarkistaa referenssit. Sitten ollaankin jo siinä tärkeimmässä hetkessä ja sovitaan tulisitko meille töihin!




HiQ työpaikkana

Meiltä löydät päräyttävän yhdistelmän monipuolisia lahjakkuuksia: luovia kehittäjiä, innovatiivisia suunnittelijoita, disruptiivisia ajattelijoita ja datanatiiveja insinöörejä, jotka kaikki pelaavat sujuvasti samassa tiimissä. Syvällä teknologisella osaamisellamme ja monialaisella ymmärryksellämme autamme satoja asiakkaitamme kääntämään alati kiihtyvän digitaalisen muutoksen liiketoiminnan vahvuuksiksi.




HiQ:lla rakennetaan aidosti arvokkaita palveluita asiakkaalle. Meillä jokainen ottaa vastuuta tekemisestään ja pyrimme pitämään asiat yksinkertaisena hyvällä tavalla - emme harrasta turhaa byrokratiaa. Meillä jokainen saa olla oma itsensä töissä ja se myös mahdollistaa luovan, iloisen ja joustavan ilmapiirin.",Mid-Senior level,4044584100,https://fi.linkedin.com/jobs/view/data-engineer-at-hiq-finland-4044584100?trk=public_jobs_topcard-title,"Uusimaa, Finland",4 days ago,Mikko Koskinen,https://fi.linkedin.com/in/koskinenmikko,2024-10-07,,IT Services and IT Consulting,Data Engineer,Information Technology and Consulting,Hybrid
36 applicants,EXTERNAL,https://careers.iwgplc.com/jobs/vacancy/performance-analyst\u002d\u002d37503-helsinki/37522/description?_channelid=837&channelid=658,,18424032,International Workplace Group plc,https://ch.linkedin.com/company/iwg-plc?trk=public_jobs_topcard-org-name,Full-time,"Job Purpose

The Performance Analyst plays a pivotal role in analysing and optimizing business performance across their respective market.

This role involves deep data analysis, identifying barriers to revenue and profit growth, and collaborating with various teams to implement effective solutions.

The Performance Analyst will work closely with country managers and franchise partners to ensure tailored strategies that drive continuous improvement and operational excellence.

Key Responsibilities


 * Collaboration: Building strong relationships with Country Managers to gain deep insights into their operations, local markets (including competitor landscape), & customers.
 * Analysis: Identifying areas of strength and weakness within their business units through detailed performance analysis using the IWG analytical toolkit and reporting suites.
 * Problem-Solving: Collaborating with centralised teams (e.g. marketing, finance, pricing, recruitment) to develop tailored solutions for the identified issues.
 * Implementation: Assisting in the implementation of these solutions to ensure they are effectively addressing the problems.
 * Continuous Improvement: Monitoring the outcomes and making necessary adjustments to strategies and processes to drive continuous improvement.
   
   
   

Team Dynamics

The Performance Analyst role is part of a Global Performance Management Team, split into regional teams, each headed up by a Team Lead, dedicated to driving revenue growth and optimising EBITDA margin.

The team collaborates closely to share best practices and insights, enhancing the revenue and margin performance across various markets.

As an independent entity, the team provides objective and actionable insights during regular business reviews, supporting country, regional, and functional teams.

Reporting to the Chief Strategy Officer, the Performance Management Team is responsible for monitoring performance against targets.

The Chief Strategy Officer, along with the Performance Management Team, conducts quarterly deep dives with country managers, regional CEOs, and sales and operations functions to ensure continuous improvement and strategic alignment.

Personal Abilities


 * Commercial Acumen- Strong understanding of business operations and the ability to make sound decisions that positively impact financial performance and drive business growth.
 * Accurate - Ability to perform work accurately and thoroughly.
 * Communication - Ability to communicate effectively with others using the spoken and written word.
 * Problem solving - Ability to find a solution for or to deal proactively with work-related problems.
 * Working Under Pressure - Ability to complete assigned tasks under stressful situations.
 * Agile - Ability to deal with shifting priorities and issues inherent in a young company.
 * Passionate - A desire and passion to beat the competition and win.
 * Pragmatic - Ability to be hands-on as well as strategic and be a trouble-shooter when the business need deems it appropriate to do so
   
   
   

About The Company

IWG has been at the forefront of flexible working for more than 30 years. With over 3,500 locations around the globe, spanning brands including Regus, Spaces, Signature and HQ, we have made it possible for businesses of all sizes to make the transition to hybrid working, empowering employees to work wherever and whenever is most convenient.

We help more than 8 million people and their businesses to work more productively, supported by a choice of professional, inspiring and collaborative workspaces, communities and services. As the world’s leading provider of hybrid work solutions, with four times the number of locations compared to its nearest competitor, IWG is already working with over 80% of the Fortune 500 and counts businesses including Amazon, Netflix, EY and Uber amongst its customers.

Companies of all sizes are shifting to flexible working to lower costs, improve employee retention and lower their carbon emissions. The flexible workspace is expected to grow by 600% by 2023, when 30% of all office space will be hybrid. We are growing our network faster than ever to keep up with demand from customers as we work towards our goal of reaching 30,000 centres.

Carbon Neutral Workplaces

IWG’s purpose of helping everyone have a great day at work, while protecting people and the planet is at the heart of everything we do. We are proud to supply all of our customers worldwide with carbon neutral workplaces, and we have a strong climate action plan in place to help us achieve our objective of Net Zero emissions by 2040.

Leading Employer Award

IWG is proud to be the recipient of a Leading Employer Award in both 2022 and 2023. Awarded exclusively to the top 1% of employers, the accolade is testament to our diverse global workforce and the role everyone plays in bringing our purpose, culture and values to life, every single day.

Join us at https://careers.iwgplc.com/home",Mid-Senior level,4042173939,https://fi.linkedin.com/jobs/view/performance-analyst-at-international-workplace-group-plc-4042173939?trk=public_jobs_topcard-title,"Helsinki, Uusimaa, Finland",1 week ago,,,2024-10-03,,Real Estate,Performance Analyst,"Research, Analyst, and Information Technology",Hybrid
Be among the first 25 applicants,EXTERNAL,https://www.academicwork.fi/avoimet-tyopaikat/j/data-engineer-helsinki/JWZLGF?i=0,,162242,Academic Work,https://se.linkedin.com/company/academic-work?trk=public_jobs_topcard-org-name,Full-time,"Hei sinä esimerkiksi urasi alkupuolella oleva dataosaaja! Etsimme nyt asiakkaallemme Data Engineeria määräaikaiseen tehtävään vuoden 2024 loppuun saakka. Jos omaat tehtävään soveltuvan korkeakoulutaustan, aiempaa kokemusta vastaavista tehtävistä sekä oppimishaluisen, ratkaisukeskeisen ja analyyttisen asenteen, tämä työtehtävä voi olla juuri sinua varten! Lue lisää alta ja hae tehtävää jo tänään!

Sijainti : Helsinki

Ala : IT

Työsuhteen tyyppi : Kokoaikainen, / osa-aikainen, noin 20-37,5h/vko, kesto: 31.12.2024 saakka

Aloitusajankohta : Mahdollisimman pian

Työn tyyppi : Vuokratoimeksianto

Muut : Mahdollisuus etätyöskentelyyn

Tehtävänkuvaus

Data Engineerinä tulet vastaamaan datan mallinnuksesta. Työskentelet osana Data Engineer -tiimiä ja työsi sisältää myös yhteistyötä useisiin eri sidosryhmiin. Työtä tehdään toimistolta Helsingistä sekä asiakkaallamme on käytössä hybridimalli, jonka mukaisesti voit tehdä viikon aikana myös kaksi päivää etänä halutessasi.

Tarjoamme


 * Mahdollisuuden päästä osaksi kiinnostavia projekteja kansainvälisessä yrityksessä
 * Mukavan ja viihtyisän työilmapiirin ja asiantuntevan tiimin tuen
 * Mahdollisuuden oppia uutta ja kehittyä
   
   

Työtehtävät


 * Datan mallinnus, teknisten ratkaisujen suunnittelu ja rakentaminen
   
   

Etsimme


 * Tehtävään soveltuva korkeakoulututkinto (esim. IT- tai kaupalliselta alalta)
 * Aikaisempaa tehtävän kannalta relevanttia työkokemusta
 * Hyvät IT-taidot ja osaamista seruaavista teknologioista: Snowflake, VS Code sekä DPT
 * Sujuva englannin kielen osaaminen, suomi nähdään eduksi
 * Ongelmanratkaisu- ja teknisiä taitoja
 * Positiivista asennetta ja kommunikaatiotaitoja
   
   

Rekrytointiprosessimme

Academic Work hoitaa tätä hakua asiakkaansa puolesta, jonka toiveena on kaikkien tehtävää koskevien kysymysten osoittaminen Academic Workille.

Hakijoita haastatellaan jatkuvasti ja mikäli olemme edenneet jo rekrytointiprosessissa pidemmälle, saatamme sulkea haun ennen lopullisia valintoja. Valintaprosessiin sisältyvät luonteenpiirteitä sekä kognitiivista kykyä mittaavat testit. Testit toimivat työkaluina oikean tekijän löytämiseksi tehtävään sekä takaavat tasa-arvoisen ja oikeudenmukaisen arvioinnin.

Tule osaksi Academic Workin menestystarinaa

AW:n konsulttina saat mahdollisuuden kasvaa ammatillisesti, rakentaa verkostoasi sekä luoda korvaamattomia kontakteja tulevaisuuttasi varten. Matkasi varrella tukenasi toimii sinulle nimetty rekrytointikonsultti.

Tutustu Academic Workiin tarkemmin tästä

Onko sinulla kysyttävää tästä työpaikasta?

Petra Joukio tai hänen kollegansa rekrytointitiimistä vastaa kysymyksiin osoitteessa krn09@academicwork.fi Mainitse työpaikkakohtainen ID-numero viestissäsi: 15107771",Entry level,4046507526,https://fi.linkedin.com/jobs/view/data-engineer-helsinki-at-academic-work-4046507526?trk=public_jobs_topcard-title,"Helsinki, Uusimaa, Finland",1 hour ago,,,2024-10-11,,Staffing and Recruiting,"Data Engineer, Helsinki",Information Technology,Hybrid
Be among the first 25 applicants,EXTERNAL,https://thehub.io/jobs/66e437fc9a7ef6c6c8ab3e43?utm_source=linkedin&utm_medium=referral&utm_campaign=job_wrapper,,10587329,The Hub,https://dk.linkedin.com/company/thehubio?trk=public_jobs_topcard-org-name,Full-time,"Integrify on suomalainen teknologiakonsultointiyritys. Rekrytoimme ja yhdistämme lahjakkaita kehittäjiä tiimeihin, jotka etsivät uusia osaajia. Yli 150 organisaatiota luottavat meihin, ja yritykset kuten TietoEvry, Digia ja Fujitsu ovat palkanneet asiantuntijoita kauttamme. Tavoitteenamme on varmistaa, että asiakasyrityksemme voivat luottaa teknologiaosaajiemme laatuun ja, että heillä on tarvittava tekninen asiantuntemus liiketoiminnan edistämiseksi.

Haemme asiakasyrityksiimme useita kokeneita asiantuntijoita ja ohjelmistokehittäjiä. Oletko sinä etsimämme teknologiaosaaja, joka haluaa ottaa urallaan seuraavan askeleen uusien haasteiden pariin.

Voit olla etsimämme henkilö, mikäli sinulle on kertynyt kokemusta:


 * Modernista C/C++ kehityksestä
 * Logiikkaohjelmoinnista (PLC)
 * Sulautettujen järjestelmien käyttöliittymäkehityksestä
 * Lisäksi ymmärrät ketterän ohjelmistokehityksen periaatteet.
   
   

Arvostamme lisäksi tehtävään soveltuvaa tekniikan alan tutkintoa, erinomaista suomen ja englannin kielen taitoa sekä hyviä yhteistyö -ja vuorovaikutustaitoja. Toimeksiannoissa menestymisen edellytys on, että työkokemusta on kertynyt jo useamman vuoden ajalta.

Tarjoamme


 * Mahdollisuuden työskennellä merkityksellisissä projekteissa ja vaikuttaa tulevaisuuden teknologiaratkaisuihin
 * Kansainvälisen ja monimuotoisen työympäristön
 * Jatkuvan oppimisen ja kehittymisen mahdollisuudet
 * Kilpailukykyisen palkan
   
   

Jos tunnistat itsesi tästä profiilista ja haluat olla osa tiimiämme, hae paikkaa jo tänään!",Entry level,4023893229,https://fi.linkedin.com/jobs/view/sulautettujen-j%C3%A4rjestelmien-ohjelmistosuunnittelija-at-the-hub-4023893229?trk=public_jobs_topcard-title,"Helsinki, Uusimaa, Finland",3 weeks ago,,,2024-09-13,,"Technology, Information and Internet",Sulautettujen järjestelmien ohjelmistosuunnittelija,Engineering and Information Technology,Hybrid
52 applicants,EXTERNAL,https://ars2.equest.com/?response_id=5774a2a31ef75bac4c030b77044d699c,,1073,EY,https://uk.linkedin.com/company/ernstandyoung?trk=public_jobs_topcard-org-name,Full-time,"

Are you passionate about understanding what drives business performance, the latest technology, and M&A? Are you excited about finding new and innovative ways to solve problems? With SaT Data & Analytics you will have the opportunity to be part of a new wave of business analytics within the world of M&A, helping our clients get to faster and deeper insights than ever before.

Your role as Analyst/Senior Analyst

In your role you will help our clients uncover the key drivers behind their businesses by building new solutions, analysing structured and unstructured datasets, and bridging the gap between data owners and users. Whether you are working with a private equity client looking to sell a portfolio company or guiding a corporate client through their first ever acquisition – no project is ever the same and every transaction presents its own unique set of challenges and analyses.

The one area that will be consistent throughout is the use of data driven solutions to analyse large and complex datasets – building sophisticated transaction driven analyses to help address our clients’ challenges in fast-changing markets. The central driver of the Data & Analytics group is a constant ambition to improve the M&A process, recognizing the significant untapped value that sits in the ever-growing volume of data our world is generating.

You will be a part of a Nordic-wide team, a group with a diverse set of backgrounds including data science, engineering, finance, and accounting (amongst others). You will have the opportunity to work on projects both in Finland, as well as abroad, working side by side with talented and driven colleagues who will give you the support and guidance to succeed from day one.

Qualifications


 * In your final year of university or approximately 2 years of relevant postgraduate experience
 * Currently based in Finland with valid working rights
 * Strong academic track record
 * General business acumen and an interest/understanding of finance
 * Strong communication and presentation skills
 * Experience/knowledge of programming languages and data visualization tools, e.g.:
   * Programming languages such as Python, R, SQL
   * Visualization software such as Power BI, Tableau

 * Some experience/knowledge of the below technologies is desired (but not critical):
   * Data processing such as Databricks, Snowflake, DataIku
   * AI/ML
   * Cloud technology such as Azure, AWS, GCP
   * Git such as GitHub, GitLab, Azure DevOps
 * Finnish working proficiency considered as an advantage
   
   

What we are looking for


 * Passion for learning and commanding the latest innovations and technology trends
 * Analytical thinkers excited about solving complex problems in a fast-paced environment
 * Dynamic team players who work well with people with different personal and technical backgrounds
   
   

What we offer

At EY we put our colleagues at the centre, where you will have the ability to have a large impact on developing your career based on your own personal interests and goals – regardless of whether that includes industries and clients or developing your knowledge within specifics tools, technologies, and areas. On top of this you will receive opportunities to get involved in our exciting projects such as volunteer work, recruiting, and engagement with our student relations teams.

Sound interesting?

Send in your application with your CV, cover letter and university transcript before 3.11.2024.

Once you’ve applied, you’ll receive an invitation to our gamified ability test. This is done in collaboration with our service provider, HireVue. Please note that the ability test is part of the recruitment process and need to be completed in order to be considered in this process.

Selections and interviews will be conducted on an ongoing basis.

If you have any questions regarding the position, please contact Victor Eriksson at victor.eriksson1@se.ey.com.

Our workspace is designed with accessibility in mind, ensuring an inclusive environment for all of us. If you need any support or adjustments during the recruitment process or the employment, please contact our local recruitment team at rekrytointi@fi.ey.com. You do not need to disclose any details about your disability or reasons for needing adjustments. Simply let us know what kind of support or adjustment you require and how it will benefit you throughout the process. We are committed to ensuring a smooth and inclusive recruitment process for all candidates. Read more here.

EY | Building a better working world

EY Strategy and Transactions teams work with clients to navigate complexity by helping them to reimagine their eco-systems, reshape their portfolios and reinvent themselves for a better future. With global connectivity and scale, EY Strategy and Transactions teams help clients drive corporate, capital, transaction and turnaround strategies through to execution, supporting fast-track value creation in all types of market environments. EY Strategy and Transactions teams help support the flow of capital across borders and help bring new products and innovation to market. In doing so, EY Strategy and Transactions teams help clients to build a better working world by fostering long-term value.

For more information, please visit www.ey.com/StrategyandTransactions

Shape your future with confidence. Join EY today!

",Entry level,4042570286,https://fi.linkedin.com/jobs/view/analysts-senior-analysts-sat-data-analytics-helsinki-finland-at-ey-4042570286?trk=public_jobs_topcard-title,"Helsinki, Uusimaa, Finland",4 days ago,,,2024-10-07,,"Accounting, Business Consulting and Services, and IT Services and IT Consulting","Analysts/Senior Analysts - SaT Data & Analytics| Helsinki, Finland","Analyst, Strategy/Planning, and Consulting",Hybrid
33 applicants,EXTERNAL,https://www.think-cell.com/career/jobs/development?ec=NDOAZLQrz7_pn9I-VpqgSMx7KrM9IfvSSLEXZc3GJobZehdtzIaoGWROcQkehD4KWcVxjkQAM0_ho4oPgFO2aXw,,2275146,think-cell Software,https://de.linkedin.com/company/think-cell?trk=public_jobs_topcard-org-name,Full-time,"Join us as a C++ Developer




Do you believe in beauty when it comes to programming? Do you have a vivid interest in elegant algorithms? Are you fluent in C++? If so, we would like to meet you. Here is what we offer in a nutshell:

 * A wide array of extremely challenging C++ development tasks
 * An international team of brilliant minds
 * A working environment that makes this team stay and grow
 * Enough time to make sure that every detail of your solution is perfect
 * A flat organization and plenty of room for your ideas
 * No scheduled meetings
 * Lifestyle-friendly working hours, no deadlines, no overtime
 * Support for relocation
 * A competitive salary from the start and a raise to EUR 130,000 annually after only one year




About us

think-cell is a fast-paced software company in Berlin, Germany, with a focus on developing graphics products that stand out from the crowd. More than 1,000,000 users worldwide rely on our software for their daily business because we make creating PowerPoint presentations so much easier, faster, and more enjoyable. Among our customers are many renowned consulting companies and large international corporations.

Because think-cell is highly profitable, we do not have to make compromises regarding code quality and beauty. We are willing to go the extra mile in developing sophisticated algorithms and refining our user interface, and we are proud of our many happy customers. The company is owned and managed by seasoned computer scientists, which contributes to a working environment that makes exceptional Developers want to come and stay.




About our software

Our focus is on business slides (as opposed to more artful, open-ended applications) because they offer great potential for automation of the layout tasks traditionally performed by PowerPoint users themselves. There are plenty of challenges, from a solid understanding of what makes a good layout, to algorithms that produce an aesthetically pleasing output fast enough for interactive slide design, to an intuitive and unobtrusive graphical user interface that supports our original approach to slide layout, to solid technical solutions for automatic bug reporting and updates, to compatibility with third-party software on the computers of over a million users.




Here are some highlights of what we have done:




Language

 * Everything we do is C++. Even our customer portal is written in C++. There is some Assembler glue code where necessary, and our build scripts are written in Python, but other than that, think-cell is all about C++.
 * We closely track the latest versions of our compilers, Visual C++ and Xcode, so we can always use the latest C++ standard features as soon as they become available.
 * We fund the working group for programming languages of the German Institute for Standardization (DIN). Some of our employees are members of this committee and vote in the international standardization process ISO / IEC C++.
 * We are also an official sponsor of the Standard C++ Foundation, which promotes international standards for C++.




Library

 * We use Boost throughout our code, e.g., Boost.Spirit for parsing.
 * We have our own range library, in the same spirit as Boost.Range or Eric Niebler’s range-v3, but going further, for example, by unifying internal and external iteration. We gave a talk about it, and most of the code is public.
 * We develop our own cross-platform library to support macOS and Windows with a single code base.
 * We have our own reference-counting and persistence libraries to save and restore whole object trees.
 * We have an extensive bug reporting infrastructure. Assertions and error checks stay in the release code, and our software automatically reports bugs to our server. The server analyzes the bug, categorizes it and files it in a database that all Developers can access. If an update fixes the bug, the user can download the update directly from a bug response web page.




Algorithms

 * think-cell was founded on the idea for an algorithm for automatic slide layout, and we are still on an exciting journey towards that ambitious vision. You can see our most recent release in action!
 * We developed a new algorithm for automatic point cloud labeling that allows labels to be positioned away from the actual points.
 * We developed a new algorithm for automatic column chart labeling.
 * We are working with John Forrest – author of the linear solver CLP – to make his simplex code faster for our kinds of problems.
 * We developed many generic data structures that are not in C++ or Boost, such as partitions.
 * Our software not only produces charts, it can also read them off print and digital images. For our chart recognition tool, we rely on OpenCV and the Leptonica Image Processing Library.




Reverse Engineering

 * We do lots of reverse engineering with the disassembler IDA from Hex-Rays, to achieve things that are not possible via the documented Microsoft Office API.
 * We have probably written the best function hooking engine out there. Each time our software starts, we patch the Microsoft Office executables in memory. Rather than hard-coding patch addresses, we search for small chunks of assembly code to protect against minor changes in the executables.




About this job

We're looking for bright, creative Developers with a solid theoretical background. Our team’s backgrounds range from 10+ years of commercial experience in various fields to fresh graduates in Computer Science, Physics, and Mathematics. A university degree or work experience with C++, in combination with a fresh and creative problem-solving approach, would be ideal for this role. We love working with talented people, whether you're a student, fresh graduate, or C++ expert, therefore our recruitment process is skills-based and consists of tasks related to the role.




You will mostly work independently and will be responsible for the whole range of tasks involved in implementing a new feature. You should be able to look at a problem from the user's perspective and discuss abstract concepts with fellow Developers. We expect each of our Developers to do architecture, design, implementation, customer feedback and bug fixing, rather than splitting these activities between several people. We thus put everyone in control of their own work.




At think-cell, there are no deadlines or scheduled meetings. A feature is ready to be released when you are convinced that you have implemented the best possible solution. Meetings take place as needed, and only the people actually involved in the topic are required to attend. At any time in the process, ideas, suggestions and criticism from anybody in the hierarchy are welcome and are seriously considered. We want to hear your ideas, even if they mean that we have to change a lot of code to make things better.




We have published several scientific articles in the areas of artificial intelligence and computer graphics, and we will encourage you to do the same. We sponsor visits to conferences and have close relationships with universities and research institutes across the U.S. and Germany.




think-cell encourages a healthy work-life balance. We do not work at night or on weekends.




We pay very competitive salaries and offer our Developers EUR 130,000 annually after one year of employment. If necessary, we will go out of our way to help you relocate to Berlin, and we will do what we can to help you acquire a work permit. You should be able to communicate effectively in English. Knowing German is not required, but we will arrange and cover to costs of German lessons, if desired.",Entry level,4027181990,https://fi.linkedin.com/jobs/view/c%2B%2B-developer-f-m-d-in-berlin-and-remote-130-000-eur-per-year-at-think-cell-software-4027181990?trk=public_jobs_topcard-title,"Helsinki, Uusimaa, Finland",3 weeks ago,,,2024-09-18,,Software Development and IT Services and IT Consulting,C++ Developer (f/m/d) in Berlin and REMOTE 130 000 EUR per year,Information Technology,Hybrid
25 applicants,EXTERNAL,https://web103.reachmee.com/ext/I022/1954/job?site=9&lang=FI&validator=00802af164821181e37e8e9a3b486c48&job_id=p122,,640133,Pharmadata Oy,https://fi.linkedin.com/company/pharmadataoy?trk=public_jobs_topcard-org-name,Full-time,"Pharmadata on Suomalainen, vuonna 1989 perustettu apteekkialan IT- talo. Tavoitteenamme apteekkien kumppanina on jatkuvasti tarjota, kehittää ja innovoida apteekkitoimintaa tukevia IT-ratkaisuja, tietojärjestelmiä ja -palveluita. Tänä päivänä saamme työllistää 38, työstään innostunutta ammattilaista, joista jokainen on merkityksellinen osa Suomen lääkehuoltoa ja ylpeästi mukana varmistamassa huoltovarmuutta.




Jotta menestyt meillä




Sinulla olisi hyvä olla laajaa osaamista data-alustojen, tietokantojen ja integraatioteknologioiden parissa työskentelystä.




Lisäksi hyötyisit ainakin muutaman vuoden kokemuksesta joidenkin seuraavien tekniikoiden ja työkalujen hallitsemisesta:




SQL Server

ETL ja ELT

SSIS

SSAS

DAX

PowerBI

Pilvitietovarastot, Azure tai vastaavat pilviympäristöt

AI-ratkaisut




Kiteytettynä, vastuualueisiisi kuuluu siis dataympäristömme hallinnointi, raakadatan kerääminen, käsittely ja analysointi, dataympäristön infrastruktuurin ylläpito ja kehittäminen, integraatioiden ja latausten hallinta, sekä integraatio- ja tietoarkkitehtuurin kuvaaminen ja dokumentaation ylläpitäminen.




Meille tärkeintä on se, että sinulta löytyy innokkuutta ja uteliaisuutta oppia uutta, nautit asiakkaidemme haasteiden ratkaisemisesta (ehkä jopa toisinaan ylittäen ja yllättäen heidän odotuksensa) ja että näet osaamisen jakamisen ja hyvän tiimityöskentelyn tienä onnistumiseen. Meille on myös tärkeää se, että sinulla on aitoa halua ottaa omistajuutta sinun tontillesi osuvista teemoista ja niiden kehittämisestä ja jopa nautit saadessasi vastuuta – me nimittäin mielellämme annamme sitä. Voit kuitenkin ehkä yllä olevasta työtehtävien kuvauksesta päätellä, että ihan vasta-alkajalle tämä homma ei taida kuitenkaan istua. Vaikka koulutodistukset eivät ole meille se juttu, niin ehkäpä sinulta löytyy korkeakoulututkinto esimerkiksi tietojenkäsittelyn parista tai vähintäänkin useamman vuoden työkokemuksella hankittua osaamista. Huomaathan, että meillä työskennellään pääsääntöisesti suomen kielellä.




Muutama sana tulevasta tiimistäsi ja meidän kulttuuristamme




Meillä pääset mukaan parinkymmenen hengen tuotekehitystiimiin, jonka esihenkilönäsi tulee toimimaan Mika. Meillä on aika kivat toimistotilat Mechelininkadulla Helsingissä, Meclun toimitiloissa. Meistä on kiva nähdä toisiamme toimistolla ja näin jakaa osaamistamme ja rakentaa kulttuuriamme, mutta luotamme siihen, että sinulla on pelisilmää katsoa työskentelypaikkasi sen mukaan, mikä on milloinkin järkevää. Olemme työpaikkana ja porukkana tällä hetkellä elämässä keskellä muutosta. Vanhoja toimintamalleja on purettu ja rakennamme paljon uutta prosesseista ja yrityskulttuuristamme lähtien. Monella rintamalla siis tapahtuu paljon. Vaikka pääsääntöisesti saatkin keskittyä omiin työtehtäviisi, paikoin päivääsi rikastuttavat joustamistakin vaativat ad hoc tehtävät. Jos siis nautit kovinkin ennustettavasta ja harmonisesta työympäristöstä, meillä on tästä poiketen tarjolla myös vauhtia ja muuttuvia tilanteita.




Meillä työn liimana toimii kokemus työstä merkityksellisten asioiden parissa. Olemme toinen toisillemme inspiraation lähteitä. Tunnollisuutemme, osaamisemme ja taitomme herättävät toinen toisissamme ihailua. Olemme myös tarkkoja ja ahkeria. Harvemmin sormiemme läpi pääsee sekundaa. Asiakkaidemme suuntaan onnistumme toimimaan jopa niin, että ratkaisemme heidän asioitaan jopa tämän huomaamatta.




Työyhteisössä meillä on kiva ”me henki”. Jos jotakin varjopuolia pitäisi nostaa esiin, niin meillä kuulemma järjestetään liikaa saunailtoja.




Edut ja speksit




Tehtävä on kokoaikainen ja työsuhde toistaiseksi voimassa oleva. Palkkasi sijoittunee varmaankin noin 5000-5500 euron tietämille. Tämä toki riippuu taustastasi ja kokemuksestasi ja palkkasikin tulee näyttämään sen mukaiselta. Työskennellä voit milloin mistäkin, mutta meille ovat tärkeitä myös kohtaamisen toimistolla – toivottavasti sinullekin. Meillä on myös tarjota erilaisia etuuksia, kuten lounasetua, kulttuuri- ja liikuntaetua ja polkupyöräetua. Haluat myös ehkä tietää, että meillä noudatetaan Tietotekniikan palvelualan työehtosopimusta.




Hakuprosessimme etenee seuraavasti:




Hakuaikamme päättyy ma 21.10. Pyrimme kuitenkin haastattelemaan hakijoita jo hakuaikana ja etenemään ketterästi. Toivomme, että pääsisit aloittamaan meillä mahdollisimman pian.




1. Mikäli osaamisesi täsmää siihen, mitä etsimme, ensiksi meidän HR- asioista vastaava Helena tai Ville soittelee sinulle lyhyen puhelinhaastattelun merkeissä.




2. Ensimmäinen haastattelukierros Helenan ja tulevan esihenkilösi Mika Rajasen kanssa.




3. Toinen haastattelukierros tulevan tiimiläisesi ja Mikan kanssa.




Mikäli siltä näyttää, voi olla, että saatamme antaa myös pienen tehtävän purtavaksi osaamisnäytettä varten, mutta tämän osalta ei tarvitse jännittää. Ohjeistamme hyvin ja annamme selkeät työkalut tässä onnistuaksesi.




Mikäli sinulla herää kysyttävää, rimpauttele tai viestittele Villelle p. 044 297 4572 / ville@toolonvire.fi




Hakuaika alkaa: 7.10.2024

Hakuaika päättyy: 21.10.2024",Mid-Senior level,4045741153,https://fi.linkedin.com/jobs/view/data-engineer-at-pharmadata-oy-4045741153?trk=public_jobs_topcard-title,"Helsinki, Uusimaa, Finland",3 days ago,,,2024-10-08,,IT Services and IT Consulting,Data Engineer,Information Technology,Hybrid
Over 200 applicants,EASY_APPLY,https://fi.linkedin.com/jobs/view/open-application-at-varjo-4035130029?trk=public_jobs_topcard-title,,15091148,Varjo,https://fi.linkedin.com/company/varjo?trk=public_jobs_topcard-org-name,Full-time,"Description

At Varjo, we are not just a Finnish mixed and virtual reality technology company; we are pioneers in the immersive computing revolution. Our mixed reality solutions redefine realism, creating virtual experiences that match the authenticity of the real world. Since our founding in 2016, Varjo has rapidly expanded its global footprint and currently operates in several locations - Helsinki, Oslo, Germany, UK and Washington D.C.

Why Varjo?

Imagine working in an environment where your daily endeavors contribute to training astronauts, designing cutting-edge vehicles, and transforming professional use cases worldwide. Varjo's VR and XR solutions set the industry standard for quality, and we've recently raised the bar for prosumers seeking lifelike virtual simulations. Now, we're on the brink of ushering in the future of computing, where the digital world seamlessly integrates with our physical surroundings, reshaping the way we live our lives.

Our Team and Culture

Join a multicultural team comprising talents from around the globe, where diversity fuels innovation and drives results. English is our daily working language, providing an inclusive and collaborative atmosphere. At Varjo, we believe in the power of different experiences, backgrounds, and ideas coming together to shape the future of immersive computing.

Values That Define Us: Aim for Virtually Impossible, Do It with Style, Be Kind, Have Each Other's Back, If We Are Not Having Fun, We Are Doing It Wrong

Opportunity Awaits

Varjo is seeking the best and brightest to join us on this exhilarating journey. As we continue to set new standards in technology, we invite you to be a part of our vision for the future. When we are done, computers will look nothing like what they do right now.

Areas and Technologies We Work With


 * C++/C Programming
 * Embedded C/C++
 * SLAM and Computer Vision (image processing, object recognition and detection)
 * Algorithm Design and Optimization
 * GPU/CPU Programming
 * Unity and Unreal Development
 * Sensor Fusion
 * ROS (Robot Operating System)
 * ADAS (Advanced Driver Assistance Systems)
 * 3D Reconstruction
 * CUDA
 * Optics and Cameras
 * Audio and Video Streaming
   
   

Apply Now

Submit an open application, including your CV, a link to your LinkedIn profile, and details of projects that make you particularly proud.

If you have connections at Varjo, feel free to drop some names. Join Varjo and play a crucial role in shaping the future of immersive computing.",Mid-Senior level,4035130029,https://fi.linkedin.com/jobs/view/open-application-at-varjo-4035130029?trk=public_jobs_topcard-title,"Helsinki, Uusimaa, Finland",2 weeks ago,,,2024-09-25,,Computer Hardware Manufacturing,Open Application,Information Technology,Hybrid
172 applicants,EXTERNAL,https://jobs.lever.co/netlight/21d37658-eac7-4acf-8e2a-93cac244b14a/apply?source=6,,36435,Netlight,https://www.linkedin.com/company/netlight-consulting?trk=public_jobs_topcard-org-name,Full-time,"Software Developer (Consulting)




We are looking for newly graduated software developers with 1-2 years of relevant experience within tech projects.




💫 What does it mean to be an IT Consultant in Software Development at Netlight?

Join the Netlight Helsinki office as a consultant and be a part of shaping the software products and technical solutions of today and tomorrow alongside your colleagues and clients. Our focus is not only on the digital product, but also on the team dynamics and overall business impact. At Netlight, you’ll have the ownership to carve your own career path and together with the support network choose from a range of client and roles based on your personal experience, strengths, interests, and market demand.




As a Software Development Consultant you will help our clients in areas such as Fullstack development, Web Development, System Development, Cloud, Mobile Development, Architecture, DevOps, Infrastructure to name a few.




Minimum Qualifications

 * Bachelor’s Degree in Engineering or Technology
 * Relevant project experience in the IT-field
 * Highly proficient in spoken and written English




Preferred Qualifications

 * Master’s Degree in Engineering
 * 1-2 years of relevant project experience within the IT field
 * Proven track-record from previous positions (e.g. recognized achievements & deliveries)




💜 Come work with us

Netlight strives to be a truly diverse, equitable and inclusive organization. Regardless of who you are, what personality, background, and experience you have, you enrich our culture through your values. Netlight’s purpose is to unleash full potential, realize great careers, and fulfill personal growth. To achieve this, we have a highly engaged network organization, where every employee gets a mentor, delivery coach and personal communities. The key to our continued success is trust and personal responsibility, diverse experiences, challenging opportunities and developing from personal values. Every Netlighter is an active part of building and shaping this culture, which leads to a clear correlation between personal growth and the growth of Netlight.




✨ About us

Netlight provides a full range of premium IT-consulting services at the forefront of the digital industry and stands out for its product- and technology-independent expertise in a wide range of industries and clients. We are a network organization of more than 2 000 role models making aspiring digital leaders successful in their business-critical IT projects. Netlight has been awarded several times as top employer, as well as for growth, continued profitability and engagement for diversity, equity and equality within the IT industry. Today we are growing all across Europe, currently with more than 10 active international offices.




Application

We are always looking for new Netlighters, so feel free to apply if you meet the qualifications.

We will get in touch within two weeks if we find that your profile and experiences are a match with the qualifications at this time.




Please note that response times may be longer than usual due to our vacation period that ends in the beginning of August. Thank you for your understanding!",Entry level,4036368687,https://fi.linkedin.com/jobs/view/software-developer-consulting-at-netlight-4036368687?trk=public_jobs_topcard-title,"Helsinki, Uusimaa, Finland",1 week ago,,,2024-09-30,,"IT Services and IT Consulting, Technology, Information and Internet, and Software Development",Software Developer (Consulting),"Consulting, Information Technology, and Engineering",Hybrid
Be among the first 25 applicants,EXTERNAL,https://tyopaikat.oikotie.fi/avoimet-tyopaikat/projektipaallikko/1889191,,902692,Suomen evankelis-luterilainen kirkko (Evangelical Lutheran Church of Finland),https://fi.linkedin.com/company/evangelical-lutheran-church-of-finland?trk=public_jobs_topcard-org-name,Full-time,"Kirkon viestintä vastaa kirkon valtakunnallisesta viestinnästä ja kanavista, edistää kirkon yhteiskunnallista näkyvyyttä ja tuottaa hartausohjelmia Ylen kanaville. Olemme osa Kirkkohallitusta, joka hoitaa Suomen evankelis-luterilaisen kirkon yhteistä hallintoa, taloutta ja toimintaa. Toimitilamme sijaitsevat Helsingin keskustassa.




Haemme kokenutta

projektipäällikköä




Kolmen vuoden määräaikaiseen tehtävään 1.12.2024 alkaen tai sopimuksen mukaan Kirkon viestinnän Kehitys ja verkko -yksikköön vetämään luultavasti Suomen suurinta WordPress-hanketta.  




Kehitys ja verkko -yksikkö vastaa vaativista viestinnällisistä kehityshankkeista sekä kirkon yhteisten verkkosivustojen ja verkkosivustoalustojen kehittämisestä ja tuotannosta. Tuotamme esimerkiksi seurakuntien käyttämää Lukkari-järjestelmää, koko kirkon yhteistä evl.fi-sivustoa ja muita kampanja- ja teemasivustoja.




Lukkari on erittäin laaja, lähes kaikkien yli kolmensadan seurakunnan käyttämä julkaisujärjestelmä, jota Kirkon viestintä tuottaa. Vuodesta 2014 toiminnassa ollut Lukkari on uudistumassa perusteellisesti, ja nykyinen Liferay-alustalle toteutettu järjestelmä on tarkoitus tehdä kokonaan uusittuna WordPress-toteutuksena. Toteutuksen kilpailutusvaihe on parhaillaan käynnissä, ja sen toteutuksen on tarkoitus lähteä liikkeelle prosessissa valittavan kumppanin kanssa joulukuussa.




Projektissa toteutetaan pääosin vuoden 2025 aikana uusi tekninen alusta ja otetaan käyttöön ensimmäiset pilottitoteutukset.  Vuosien 2026-2027 aikana kehitystä jatketaan, ja samalla koordinoidaan ja autetaan kaikkien yli 300 seurakuntasivuston siirtymisessä uudelle alustalle. Projektiin rekrytoidaan myös muuta määräaikaista projektihenkilöstöä, projektipäällikkö toimii näiden esihenkilönä ja projektitiimin vetäjänä.




Edellytämme sinulta kokemuksen kautta saavutettuja erinomaisia projektipäällikön taitoja, hyvää verkkopalveluihin liittyvää osaamista sekä kokemusta vaativista verkkopalveluhankkeista. Aiempi WordPress-osaaminen on tässä tehtävässä suuri etu. Osaat kommunikoida palvelun teknisen järjestelmätoimittajan kanssa. Olet hyvä ja kommunikoiva tiimipeluri Kirkkohallituksen tiimin suuntaan, ja pidät suuren määrän lankoja varmasti käsissäsi. Olet tehtäviesi suhteen itsenäinen ja aikaansaava, mutta yhteistyökykyinen. Toivomme sinun hallitsevan ketterät menetelmät.




Toimitilamme sijaitsevat hienolla paikalla Helsingin Etelärannassa, etätyökäytäntömme ovat joustavat.

Tehtävä edellyttää korkeakoulututkintoa tai vastaavaa teoreettista osaamista ja työkokemusta sekä hyvää suomen ja vähintään tyydyttävää ruotsin kielen suullista ja kirjallista taitoa. Palkkaus projektipäällikön tehtävässä on kirkon palkkausjärjestelmän vaativuusryhmä 701:n mukainen (peruspalkka 4876,16 eur/kk), jonka päälle maksetaan työkokemukseen perustuvaa kokemuslisää 0-654 €/kk.




Tehtävässä on kuuden kuukauden koeaika. Ennen tehtävän vastaanottamista valitun on esitettävä hyväksyttävä todistus terveydentilastaan.




Hae työpaikkaa osoitteessa evl.fi/tyopaikat viimeistään 28.10.2024 klo 16. Tiedusteluihin vastaa verkkoviestintäpäällikkö Lari Lohikoski ensisijaisesti sähköpostitse lari.lohikoski@evl.fi.",Entry level,4045529112,https://fi.linkedin.com/jobs/view/projektip%C3%A4%C3%A4llikk%C3%B6-wordpress-at-suomen-evankelis-luterilainen-kirkko-evangelical-lutheran-church-of-finland-4045529112?trk=public_jobs_topcard-title,"Helsinki, Uusimaa, Finland",6 hours ago,Lari Lohikoski,https://fi.linkedin.com/in/larilohikoski,2024-10-11,,Religious Institutions,Projektipäällikkö (WordPress),Project Management and Information Technology,Hybrid
Be among the first 25 applicants,EXTERNAL,https://ura.popvakuutus.fi/avoimet-tyopaikat/412-devops-asiantuntija,,19180398,POP Vakuutus,https://fi.linkedin.com/company/popvakuutus?trk=public_jobs_topcard-org-name,Full-time,"Oletko kotonasi konttien keskellä? Teetkö deployn ilman, että se herättää kaikki 24/7 -päivystyksestä? Jos elämäsi olisi skripti, ajaisitko sen sudona vai rootina?

 

Kuten saatoit arvellakin, etsimme kokenutta DevOps-asiantuntijaa osaksi POP Vakuutuksen kehitystiimiä.

 

Ovatko Dev ja Ops mielestäsi erillisiä asioita, jotka tapahtuvat omissa mustissa laatikoissaan? Meidän mielestä näin ei kuuluisi olla, vaan pyrimme rakentamaan moderneja ratkaisuja ilman keinotekoisia siiloja. Dev meillä on hyvällä mallilla, mutta olisitko sinä Ops-osaamisemme tuorein vahvistus?




Jos sinulla on intohimoa ohjelmistokehityksen ja -operoinnin kehittämiseen ja yhdistämiseen sekä kykyä nähdä kokonaisuudet ja arkkitehtuurit, saatat olla etsimämme henkilö. Tässä roolissa tulet työskentelemään tiiviisti sekä ohjelmistokehittäjien että eri sidosryhmien kanssa varmistaaksesi, että kehitys ja operatiiviset toiminnot sujuvat saumattomasti ja tehokkaasti.




Pidät yhdessä tiimin kanssa osaltasi huolta, että toteuttamamme ratkaisut viedään pilveen tehokkaasti ja automatisoidusti, niitä ajetaan tietoturvallisesti ja alan parhaiden käytäntöjen mukaisesti, ja yllättävä hikka tai kuperkeikka aiheuttaa hälyn. Lisäksi osallistut aktiivisesti tietoturvan kehittämiseen ja siihen liittyvien DevSecOps-periaatteiden jalkauttamiseen.




Keskimääräistä syvällisemmin laitteita, pääsyoikeuksia ja vastaavaa magiaa ymmärtävänä henkilönä saatat ajoittain löytää itsesi IT-tuen roolista. Se ei kuitenkaan ole roolisi keskiössä, vaan ennemminkin mukava sivuharrastus, koska sinusta on mukava auttaa ihmisiä hädässä.

 

Avainsanat: GCP, IaC, CI/CD, Kubernetes, Terraform, Robot Framework, EntraID, SCC, Cloud Armor, Ingress, interconnect, Cloud Storage

 

Tehtävän vaatimukset:

 * Usean vuoden kokemus ohjelmistokehityksen operoinnista ja DevOps-tehtävistä.
 * Vankka ymmärrys tietoturvasta ja sen kehittämisestä, erityisesti DevSecOps-periaatteista ja niiden jalkauttamisesta.
 * Kyky nähdä kokonaisuus ja arkkitehtuuri, sekä tukea tehokasta ohjelmistokehitystä ja operointia yhteistyössä kehitystiimien kanssa.
 * Kommunikoiva työskentelytapa ja halu työskennellä läheisessä yhteistyössä ohjelmistokehittäjien ja eri sidosryhmien kanssa.

 

Arvostamme ja sovit loistavasti joukkoomme, jos sinulta löytyy:

 * Käytännön kokemusta ketteristä menetelmistä ja niiden soveltamista läpi kehitysprosessin.
 * Kokemusta monitoroinnin työkaluista ja niiden soveltamisesta GCP-ympäristössä.
 * Reipas asenne ja rohkeus tarttua uusiin haasteisiin ja tehtäviin sekä ratkaisukeskeinen työskentelyote.
 * Kyky tulla toimeen eri sidosryhmien kanssa ja halu olla osallisena tiimin menestymisessä.
 * Halu kehittää omaa osaamista ja olla aktiivisesti kehittämässä tiimin toimintatapoja.
 * Kokemus Platform Engineering -toimintatavoista ja/tai vakuutusalan tuntemus eivät myöskään ole haitaksi.

 

POP Vakuutuksen IT-tiimissä panostetaan

 * DevSecOps-käytäntöihin ja teknologioihin.
 * Ketterään ohjelmistotuotantoprosessiin.
 * Ohjelmistojen automaatiotestaukseen.
 * Avoimeen keskustelu- ja palautekulttuuriin.
 * Tiimihenkeen ja rentoon yhteisöllisyyteen.
 * Jatkuvaan oppimiseen.

 

Hierarkiamme on matala ja työ rakentuu asiantuntijoidemme vahvuuksien ympärille. Meillä tehdään töitä rennossa työympäristössä, ketteriä kehitysmenetelmiä hyödyntäen osaavassa ja mukavassa tiimissä.

Tarjoamme sinulle vastuullisen, kannustavan ja haastavan työtehtävän modernissa digi- ja kasvuyhtiössä. Työskentelemme hybridimallissa, mikä mahdollistaa työskentelyn niin etänä kuin toimistolla ja sitä tukevat työvälineet. Toimipisteemme sijaitsee Espoon Leppävaarassa loistavien liikenneyhteyksien varrella.




Lähetä hakemuksesi ja ansioluettelosi palkkatoivomuksineen oheisen hakulinkin kautta. Täytämme tehtävän sopivan henkilön löydyttyä.




Lisätietoja tehtävästä antaa Miika Härkönen, 040 709 2513 / etunimi.sukunimi(at)suomenvahinkovakuutus.fi.




Tehtävään valittavalle henkilölle tehdään tarvittavat taustaselvitykset.




POP Vakuutus on Suomen Vahinkovakuutus Oy:n markkinointinimi. Yhtiön omistavat yhdessä LähiTapiola-ryhmä sekä POP Pankki -ryhmä. POP Vakuutus aloitti toimintansa vuonna 2012. POP Vakuutuksella on EPSI Rating Vakuutus 2023 -tutkimuksen mukaan alansa asiakasuskollisimmat ja hinta-laatusuhteeseen tyytyväisimmät asiakkaat.",Mid-Senior level,4035213735,https://fi.linkedin.com/jobs/view/devops-asiantuntija-at-pop-vakuutus-4035213735?trk=public_jobs_topcard-title,"Espoo, Uusimaa, Finland",2 weeks ago,,,2024-09-27,,,DevOps-asiantuntija,Insurance,Hybrid
133 applicants,EXTERNAL,https://careers-rambus.icims.com/jobs/21301/mts-software-development/job?mode=apply&iis=LinkedIn&iisn=LinkedIn,,165648,Rambus,https://www.linkedin.com/company/rambus?trk=public_jobs_topcard-org-name,Full-time,"Overview

Rambus is looking for new college graduates to join our embedded software team in Espoo for both SW development and QA roles.

Responsibilities


 * Design and implement software of embedded devices and systems from requirements to production and commercial deployment.
 * Work with the design and architecture leads for implementation requirements.
 * D evelop, code, test, and debug system software .
 * Documentation of all the work performed (in all stages)
 * Ability to deep dive into the low-level code and develop necessary drivers, libraries, and integration plugins.
 * Participate and initiate code r eview s.
 * Test and verification of SW products.
 * Be able to work with and support the QA team to evaluate the code and generate quality metrics.
 * Assess third party and open-source software .
   
   

Qualifications


 * Successful completion of MS /M Sc or other relevant technical master’s course in Software engineering , security, IT etc.,
 * Have knowledge and has ability to develop applications for resource constrained embedded environments .
 * Experience with emulation environments ( QEMU or similar SW emulation envs . )
 * Knowledge of device drivers, software l ibraries and APIs ( Experience in working with open-source crypto libraries like openSSL , gptee etc is a plus)
 * Experience with Linux, RTOS, device drivers and bare metal development
 * Familiarity with SCRUM/Agile methodologies
 * Familiarity with Continuous integration systems and tools.
 * Command in C/C++, and at least one scripting language such as Python.
 * Fluency in Java , Android in a plus.
 * Knowledge of developing applications for Secure environment s .
 * Initiative-taking and s trong collaborator
 * Good written and verbal communication in English
   
   

About Rambus

Rambus is a provider of industry-leading chips and silicon IP making data faster and safer. Over 30 years of advanced semiconductor experience. Whether in the cloud, at the edge or in your hand, real-time and immersive applications depend on data throughput and integrity.

Rambus products and innovations deliver the increased bandwidth, capacity and security required to meet the world's data needs and drive ever-greater end-user experiences. Within the Silicon IP Business unit we develop truly differentiating IP products, with largest Security IP development team in the industry, we secure many tear-1 asic’s in the industry.

Rambus offers a competitive compensation package, including base salary, bonus, equity and employee benefits.

Rambus is proud to be an Equal Employment Opportunity and Affirmative Action employer. We do not discriminate based upon race, religion, color, national origin, sex (including pregnancy, childbirth, or related medical conditions), sexual orientation, gender identity, gender expression, age, status as a protected veteran, status as an individual with a disability, genetic information, or other applicable legally protected characteristics.

Rambus is committed to providing reasonable accommodations for qualified individuals with disabilities and disabled veterans in our job application procedures. If you need assistance or an accommodation due to a disability, you may let us know in the application.

For more information about Rambus, visit rambus.com. For additional information on life at Rambus and our current openings, check out rambus.com/careers/.

",Mid-Senior level,3915653151,https://fi.linkedin.com/jobs/view/mts-software-development-at-rambus-3915653151?trk=public_jobs_topcard-title,"Espoo, Uusimaa, Finland",5 days ago,,,2024-10-06,,Semiconductor Manufacturing,MTS Software Development,Engineering and Information Technology,Hybrid
Be among the first 25 applicants,EXTERNAL,https://www.academicwork.fi/avoimet-tyopaikat/j/ohjelmistokehittaja-optomed-software-oy-espoo/NR74ID?i=3,,162242,Academic Work,https://se.linkedin.com/company/academic-work?trk=public_jobs_topcard-org-name,Full-time,"Etsimme asiakkaallemme Optomed Software Oy:lle ohjelmistokehittäjää työskentelemään rahapelitoiminnan valvontaan liittyvien IT-ratkaisujen parissa. Lue lisää alta ja hae paikkaa!

Yritys : Optomed Software Oy

Sijainti : Espoo

Ala : IT

Työsuhteen tyyppi : Kokoaikainen

Aloitusajankohta : Mahdollisimman pian

Työn tyyppi : Suorarekrytointi

Tehtävänkuvaus

""Commit is the leading provider of IT solutions for regulated gaming. With the help of online signing services and reporting interfaces, our solutions enable gaming operators to provide adequate and timely reports for gaming regulators, tax offices, and government social services.""

Tehtävässä työskentelet Optomed Software Oy:n Commit-yksikön ohjelmistokehitystiimissä. Sinulla on jo työkokemusta ohjelmistokehityksen parissa hyödyntäen Java ja Python -teknologioita, hyvät vuorovaikutustaidot, pidät tiimityöstä ja olet nopea oppimaan. Lisäksi pidät ongelmanratkaisusta! Rahapelialalla tapahtuu paljon nyt ja tulevaisuudessa, joten työsi tulee olemaan monipuolista ja vastuullista!

Tehtävään valitulle henkilölle tullaan tekemään turvallisuusselvitys.

Tarjoamme


 * Hyvän perehdytyksen sekä ammattitaitoisen tiimin tuen
 * Toimisto hyvien kulkuyhteyksien päässä Keilaniemessä
 * Pieni, joustava, matalahierarkinen tiimi
 * Hyvä work-life-balance: 7.5 tuntia työtä päivässä riittää ja vapaa-aikaasi arvostetaan!
 * Liukuva työaika Tehtävään valitulle henkilölle tullaan tekemään turvallisuusselvitys.
   
   

Työtehtävät


 * Ohjelmistokehitys Javaa ja Pythonia käyttäen: tekniset suunnitelmat, koodaaminen, versionhallinta, katselmointi
 * Tekninen määrittely ja dokumentointi
 * Laadun ja suorituskyvyn seuranta sekä jatkuva parantaminen
 * Ylläpito sekä uudistustehtävät
 * Testaaminen
 * Muut ohjelmistokehitystehtävät
   
   

Etsimme


 * Tehtävään soveltuva IT-alan tutkinto tai vastaavat työelämässä hankitut taidot
 * Min. 1-2 vuotta relevanttia työkokemusta vastaavista tehtävistä
 * Hyvät taidot Javasta ja Pythonista
 * Hyvät ongelmanratkaisutaidot ja olet nopea oppimaan
 * Aito motivaatio ja mielenkiinto backend -koodaamiseen
 * Ratkaisukeskeinen ajattelutapa sekä kyky kirjoittaa laadukasta koodia
 * Sujuva suomen ja englannin kielen suullinen sekä kirjallinen taito
   
   

Arvostamme, jos sinulla on


 * Osaamista Linux -ympäristöstä (tehtävässä käytetään Linux komentorivityökaluja)
 * Kokemusta rahapeleihin liittyvästä esim. kehitys-, tai ylläpitotyöstä
   
   

Menestyäksesi Roolissa Olet


 * Sinnikäs
 * Vuorovaikutustaitoinen
 * Järjestelmällinen
 * Vastuuntuntoinen
 * Pidät ongelmanratkaisusta
   
   

Rekrytointiprosessimme

Academic Work hoitaa tätä hakua asiakkaansa puolesta, jonka toiveena on kaikkien tehtävää koskevien kysymysten osoittaminen Academic Workille.

Hakijoita haastatellaan jatkuvasti ja mikäli olemme edenneet jo rekrytointiprosessissa pidemmälle, saatamme sulkea haun ennen lopullisia valintoja. Valintaprosessiin sisältyvät luonteenpiirteitä sekä kognitiivista kykyä mittaavat testit. Testit toimivat työkaluina oikean tekijän löytämiseksi tehtävään sekä takaavat tasa-arvoisen ja oikeudenmukaisen arvioinnin.

Optomed Software Oy

Optomed Software Oy ja Commit-yksikkö ovat osa Optomed-konsernia. Lue lisää täältä!

Työnantajana Optomed Software Oy

Tässä positiossa työllistyt suoraan toimeksiantajallemme. Voit siis ottaa rennosti ja odotella rauhassa ilmoitusta seuraavista vaiheista.

Onko sinulla kysyttävää tästä työpaikasta?

Maria Dmitrienko tai hänen kollegansa rekrytointitiimistä vastaa kysymyksiin osoitteessa krs03@academicwork.fi Mainitse työpaikkakohtainen ID-numero viestissäsi: 15106940",Entry level,4046507534,https://fi.linkedin.com/jobs/view/ohjelmistokehitt%C3%A4j%C3%A4-optomed-software-oy-espoo-at-academic-work-4046507534?trk=public_jobs_topcard-title,"Espoo, Uusimaa, Finland",1 hour ago,,,2024-10-11,,Staffing and Recruiting,"Ohjelmistokehittäjä, Optomed Software Oy, Espoo",Engineering and Information Technology,Hybrid
186 applicants,EXTERNAL,https://careers.reputationandtrust.com/jobs/5035310-junior-data-analyytikko,,717271,T-Media,https://fi.linkedin.com/company/t-media-oy?trk=public_jobs_topcard-org-name,Full-time,"Etsimme tutkimusyhtiömme datatiimiin junior data-analyytikkoa vakituiseen työsuhteeseen. Toivomme, että saamme sinut pian osaksi osaavaa ja hauskaa joukkoamme!

T-Media on ennen kaikkea asiantuntijayhteisö, joka tarjoaa parhaat tutkimus- ja konsultointipalvelut maineen ja sidosryhmäsuhteiden johtamiseen. Palvelemme ylpeydellä suurta joukkoa arvostettuja suomalaisia perheyrityksiä, maailman parhaiksi kasvaneita start-upeja, suurimpia pörssiyrityksiä sekä lukuisia toimialaliittoja. Jo neljällä eri vuosikymmenellä olemme tehneet tutkimusyhteistyötä myös lukuisten julkishallinnon organisaatioiden, suomalaisten ja ulkomaisten yliopistojen sekä erilaisten järjestöjen kanssa.

Ketä etsimme?

Etsimme ammattitaitoiseen datatiimiimme osaajaa, jolla on kokemusta Excelin käyttämisestä. Pääsääntöisenä työtehtävänä on tutkimusraporttien tuottaminen Excelillä sekä niiden tarkistaminen.

Odotamme sinulta:


 * analyyttistä ajattelutapaa ja numerotarkkuutta
 * järjestelmällistä otetta työskentelyyn
 * itseohjautuvuutta
 * Excel-ohjelmiston sujuvaa käyttöä
   
   

Ohjelmointiosaamisesta on apua tehtävässä, mutta tässä roolissa tärkeämpää on asenne ja oppimiskyky kuin aikaisempi kokemus tai osaaminen. Lisäksi hyödyksi katsotaan, jos hakijalla on kokemusta tilasto-ohjelmistojen (R, SPSS, jne.) käytöstä. Emme etsi rooliin valmista tekijää vaan uransa ensiaskelia ottavaa, tulevaisuuden huippuammattilaista, kehittymään asiantuntevaan joukkoomme.

Työtehtävä on ensisijaisesti kokoaikainen, mutta tehtävää voi hoitaa myös osa-aikaisena riippuen hakijan pätevyyksistä ja elämäntilanteesta. Tehtävä sopii siis esimerkiksi korkeakouluopintojen viimeistelemisen oheen.

Milloin ja missä?

Työ alkaa heti sopivan henkilön löydyttyä. Toimipaikkamme sijaitsee Helsingin keskustassa, Kasarmitorin kupeessa. Työskentely meillä on kuitenkin joustavaa, joten osa työpäivistä tehdään toimistolla ja osa taas etätyönä.

Mitä tarjoamme?


 * mahdollisuuden päästä alkuun omalla datan käsittely urallasi sekä vaikuttaa omaan kehityssuuntaasi data-alalla
 * pääsyn mielenkiintoisten yritysprojektien pariin pienistä perheyrityksistä kansainvälisiin ja suomen suurimpiin yrityksiin
 * syväsukelluksen tutkimusliiketoimintaan
 * rennot ja hauskat työkaverit
   
   

Kysy lisää tehtävästä tai meillä työskentelystä! Datatiimimme tiiminvetäjä Joonas Tarpila vastaa sinulle mielellään, puh. +358 50 530 3684, email. joonas.tarpila@t-media.fi. Soittoaika ma-ke klo 14.30–15.30. Hakuaika päättyy sunnuntaina 20.10. tai heti sopivan henkilön löydyttyä.

Luomme itse oman latumme luottaen toisiimme ihmisinä ja ammattilaisina – tule siis sellaisena kuin olet!",Mid-Senior level,4037975670,https://fi.linkedin.com/jobs/view/junior-data-analyytikko-at-t-media-4037975670?trk=public_jobs_topcard-title,"Helsinki, Uusimaa, Finland",1 week ago,,,2024-10-02,,Business Consulting and Services,Junior data-analyytikko,Information Technology,Hybrid
62 applicants,EXTERNAL,https://meltwatercareers.ttcportals.com/en/jobs/14937974-insights-analyst?__jvst=Job+Board&__jvsd=LinkedIn&tm_event=view&tm_company=89119&tm_job=11256&bid=370,,13277,Meltwater,https://www.linkedin.com/company/meltwater?trk=public_jobs_topcard-org-name,Full-time,"Description

Mitä etsimme:

Etsimme media-analyytikkoa vakituiseen työsuhteeseen vahvistamaan analyytikkotiimiämme pohjoismaissa. Analyytikon tehtävänä on tuottaa asiakkaiden tarpeisiin räätälöityjä medianäkyvyyden rapotteja ja konsultoida asiakkaita medianäkyvyyteen sekä julkisuuskuvaan liittyvissä kysymyksissä. Asiakaskuntaamme kuuluu laaja joukko yrityksiä ja organisaatioita lukuisilta eri toimialoilta. Teemme tiivistä yhteistyötä niin sisäisesti eri tiimien välillä, kuin suoraan asiakkaidemme kanssa. Samaan aikaan kehitämme jatkuvasti ratkaisuja asiakkaiden muuttuviin tarpeisiin vastaamiseksi.

Analyytikon roolissa keräät, organisoit ja analysoit medianäkyvyyteen liittyviä mittareita, jotka toimivat asiakkaan tukena liiketoimintaan liittyviä päätöksiä tehdessä. Tehtäviisi kuuluu datan kokoaminen, analysointi, johtopäätösten laatiminen sekä raportointimenetelmien kehittäminen.

Tehtäviisi kuuluu:


 * Määrällisten ja laadullisten medianäkyvyyden raporttien tuottaminen ruotsiksi, suomeksi ja englanniksi asiakkaillemme, jotka toimivat useilla eri toimialoilla sekä yhteiskunnan sektoreilla Suomessa sekä ulkomailla.
 * Medianäkyvyyden trendien, sävyn ja kehityksen analysointi toimituksellisessa mediassa ja sosiaalisessa mediassa sekä johtopäätösten esittäminen asiakkaille.
 * Varmistaa, että analyysit ovat johdonmukaisia, tarkkoja ja että ne toimitetaan asiakkaille tarvittavassa aikataulussa. Vastaat myös raportteihin liittyvästä asiakastyytyväisyydestä ja -suhteesta yhdessä osaavan asiakkuustiimin kanssa.
 * Analyysin esittely asiakkaalle tarvittaessa sekä asiakkaan avustaminen raporttiin liittyvissä kysymyksissä.
 * Medianäkyvyyden raportoinnin kehittäminen yhteistyössä kansainvälisen tiimin kanssa.
   
   

Mitä odotamme sinulta:


 * Toimit sujuvasti ruotsiksi, suomeksi sekä englanniksi niin suullisesti kuin kirjallisesti.
 * Olet opinnoissasi suuntautunut esimerkiksi yhteiskuntatieteisiin, viestintään tai kauppatieteisiin. Voit olla jo valmistunut tai opintojesi loppuvaiheessa. Opintotaustaa tärkeämpää on kuitenkin osaamisesi.
 * Aito kiinnostus tiedon analysointia, yhteiskunnallisia kysymyksiä sekä mediaa kohtaan. Ymmärrät hyvin liiketoiminnan ja yhteiskunnan kehitykseen liittyviä trendejä sekä ilmiöitä.
 * Olet luonteeltasi analyyttinen ja sinulla on hyvä ongelmanratkaisukyky.
 * Tunnet olosi mukavaksi nopeatempoisessa työympäristössä, jossa on välillä tiukkojakin aikatavoitteita. Osaat aikatauluttaa ja johtaa omaa työtäsi.
 * Olet asiakaslähtöinen tiimipelaaja, joka pystyy tekemään työtä myös itsenäisesti.
 * Olet käyttänyt Office 365 -ohjelmia ja tunnet niiden perusteet.
   
   

Mitä me tarjoamme:

Työympäristönä Meltwater tukee jatkuvaa kasvua, tarjoaa mentorointia henkilökohtaisen kehityksen tueksi ja hyödyntää osallistavan johtajuuden periaatteita. Pääset työskentelemään laajan ja asiantuntevan tiimin kanssa niin paikallisesti kuin kansainvälisesti. Työtä tehdään itsenäisesti, ei kuitenkaan yksin. Tarjoamme joustavat työajat sekä mahdollisuuden hybridityöhön. Työntekijöillämme on käytössään Mehiläisen työterveyspalvelut sekä mahdollisuus tavallista laajemman perhevapaaohjelman hyödyntämiseen.

Työpaikan sijainti ja aloitusajankohta:

Toimistomme sijaitsevat Helsingissä ja Tampereella. Tehtävän aloitusajankohta on viimeistään joulukuun 2024 alussa.

Lähetäthän hakemuksesi meille mahdollisimman pian. Käsittelemme kaikki saapuneet hakemukset niiden saapumisjärjestyksessä ja saatamme järjestää haastatteluja jo ennen viimeistä hakupäivää. Täytämme paikan heti sopivan henkilön löydyttyä.

Tarinamme

Meltwater on Norjassa vuonna 2001 perustettu digitaalisen mediaseurannan edelläkävijä. Aloitimme toimintamme Suomessa vuonna 2008 ja nykyään pääkonttorimme sijaitsee San Franciscossa. Suomessa palvelemme noin 1 700 yritysasiakasta, ja globaalisti 27 000 organisaatiota 50 toimiston voimin 25 eri maassa.

Meltwaterilla uskomme, että kun oikeat ihmiset ovat oikeassa työympäristössä, suuria asioita tapahtuu. Palkittu työkulttuurimme ohjaa kaikkea mitä teemme – pyrimme luomaan työympäristön, jossa kaikki työntekijät tekevät parhaansa, luomme asiakasarvoa innovoimalla tuotteitamme, juhlimme onnistumisiamme ja pidämme hauskaa matkan varrella.

Olemme ylpeitä monimuotoisesta tiimistämme, johon kuuluu yli 2 300 työntekijää 50 eri paikkakunnalla ympäri maailmaa. Missä ikinä oletkin, työskentelet ihmisten kanssa, jotka välittävät sinusta ja saat tarvitsemasi tuen tavoitteiden saavuttamiseksi.

Yhdenvertaiset mahdollisuudet

Meltwater on yhdenvertaisten mahdollisuuksien työnantaja, joka irtisanoutuu kaikenlaisesta syrjinnästä ja häirinnästä. Omistaudumme osallistavan ja monimuotoisen työyhteisön edistämiselle, jossa jokainen työntekijä tuntee itsensä arvostetuksi ja kunnioitetuksi. Meltwater ei suvaitse minkäänlaista syrjintää tai häirintää, ja edistämme aktiivisesti kunnioituksen, oikeudenmukaisuuden ja osallistavuuden kulttuuria. Kannustamme kaiken taustan, kokemuksen ja kykyjen omaavia hakijoita hakemaan avoinna olevaa tehtävää.

Kaikki Meltwaterin työllistämispäätökset perustuvat liiketoiminnan tarpeisiin, työn vaatimuksiin ja yksilöllisiin pätevyyksiin, riippumatta iästä, alkuperästä, kansalaisuudesta, kielestä, uskonnosta, vakaumuksesta, mielipiteistä, poliittisesta toiminnasta, ammattiyhdistystoiminnasta, perhesuhteista, terveydentilasta, vammaisuudesta, seksuaalisesta suuntautumisesta tai muista henkilöön liittyvistä seikoista.",Entry level,4026046505,https://fi.linkedin.com/jobs/view/insights-analyst-at-meltwater-4026046505?trk=public_jobs_topcard-title,"Helsinki, Uusimaa, Finland",2 days ago,,,2024-10-09,,Software Development,Insights Analyst,"Research, Analyst, and Information Technology",Hybrid
