applicationsCount,applyType,applyUrl,benefits,companyId,companyName,companyUrl,contractType,description,experienceLevel,id,jobUrl,location,postedTime,posterFullName,posterProfileUrl,publishedAt,salary,sector,title,workType,work_arrangement
Be among the first 25 applicants,EASY_APPLY,https://fi.linkedin.com/jobs/view/python-backend-developer-remote-at-yo-hr-consultancy-4042557547?trk=public_jobs_topcard-title,,14394699,YO HR Consultancy,https://in.linkedin.com/company/yo-hr-consultancy-pvt-ltd?trk=public_jobs_topcard-org-name,Contract,"Location: Latin America/Europe - Permanent Remote

Experience: 6 - 15 Years

Role Type: Contracting Full Time (40 Hrs/week)

Overlap Hours: 8 Hours PST time

Contract Duration: 3-6 Months

Mandatory Skills

Python- 5 years,

Django- 5 years,

SQL-5 years.

Hands-on experience with the AWS cloud is mandatory

Total years of exp- 6+ years experience mandatory

Required Skills


 * 7+ years of experience in software development - ( Purely backend )
 * Coding experience in server-side programming languages (e.g. Python, Go, Java, Ruby) as well as database languages (SQL)
 * Experience working with server-side MVC frameworks (e.g. Django, .NET, Spring, Rails, Phoenix)
 * Past experience and success in building and supporting scalable APIs, services, or applications
 * Bachelor’s/Master’s degree in Computer Science or equivalent experience
 * Exceptional verbal, written, and interpersonal communication skills. You are adept at communicating relevant information clearly and concisely.
 * Deep understanding of customer needs and passion for customer success.
 * Exhibit core behaviors focused on craftsmanship, continuous improvement, and team success
 * Ability to look ahead to identify opportunities, foster a culture of innovation, and build for scale.
 * Excellent spoken and written English communication skills
   
   

About The Role

A globally recognised firm is seeking a talented and experienced Senior Backend Engineer to join their Carriers team! The Carriers team is responsible for developing new features, building infrastructure and maintaining current services. As a Senior Engineer, he/she will provide leadership and oversight in technical design, systems architecture, and coding for their team and the Engineering team.

Responsibility

Design, implement, test, and deploy software services with high SLAs that can handle millions of requests a day.


 * Ensure scalability and maintainability through microservices adoption, decoupling of concerns from the data model, queuing of jobs, application layering and container-based software distribution.
 * Continue to build out and enhance our CI/CD pipeline for smooth and safe production releases via automated testing and verification.
 * Verify and ensure performance and correctness of systems in response time and throughput.
 * Architect systems and refactor existing systems for optimal performance and reuse
 * Participate in peer reviews, testing and in design reviews for new features, products, and systems
 * Collaborate with business teams and provide early input to new product ideas and functionality
 * Define, implement, and monitor operational metrics to ensure performance and quality.
 * Work with a sense of urgency and iterate quickly in an agile process.
 * Mentor more junior engineers on engineering best practices.
 * Exceptional problem solving skills: demonstrated ability to understand business challenges and translate those into technical solutions.
   
   

Skills: interpersonal communication skills,scaling apis,business collaboration,architecture,software services design,spoken english communication skills,server-side programming,spoken and written english communication skills,aws cloud,agile process,verbal/written/interpersonal communication,innovation culture,software development,maintainability,scale,bachelor's/master's degree in computer science,performance testing,problem solving,sql,design reviews,mentor more junior engineers,scalability,collaboration with business teams,microservices adoption,phoenix,ensure scalability and maintainability,slas,ci/cd,written communication,containerization,written communication skills,rails,ci/cd pipeline,customer success,performance and correctness verification,building scalable apis,communication skills,architecting and refactoring systems,craftsmanship,.net,apis,leadership and oversight,architect systems,services or applications,english communication,performance,mvc frameworks,applications,operational metrics implementation,implement,server-side mvc frameworks,operational metrics,go,interpersonal communication,customer needs understanding,java,design,python,microservices,scalable apis,deployment,leadership,sla,bachelor’s/master’s degree in computer science,testing and design reviews,engineering best practices,performance and correctness,spring,leadership and oversight in technical design,refactoring,technical design,peer reviews,verbal and written communication skills,queuing,software deployment,systems architecture,customer needs,english communication skills,innovation,backend development,building and supporting scalable apis,performance and correctness of systems,ruby,backend,database languages,refactor existing systems,test,automated testing,sla design,server-side programming languages,aws,software services,team success,coding,written english communication skills,problem solving skills,verbal communication,container-based software distribution,system architecture,computer science,deploy software services,define, implement, and monitor operational metrics,mentoring,django,continuous improvement,innovation culture fostering,mentorship,services, or applications,services,queuing of jobs,software,testing,verbal communication skills,performance optimization,performance verification,backend engineer,operational metrics monitoring,backend engineering,implementation",Mid-Senior level,4042557547,https://fi.linkedin.com/jobs/view/python-backend-developer-remote-at-yo-hr-consultancy-4042557547?trk=public_jobs_topcard-title,"Helsinki, Uusimaa, Finland",4 weeks ago,,,2024-09-12,$15.00/hr - $38.00/hr,Business Consulting and Services,Python Backend Developer - Remote,Engineering and Information Technology,Hybrid
Be among the first 25 applicants,EXTERNAL,https://www.poolia.fi/it-arkkitehteja-ja-fullstack-kehittajia-helsinki-18303897/,,26504096,poolia.it,https://fi.linkedin.com/company/poolia-it-finland?trk=public_jobs_topcard-org-name,Contract,"Hei sinä IT-alan freelancer tai -yrittäjä - etsimme nyt kokeneita IT-arkkitehteja ja Fullstack-kehittäjiä!




Tehtävän kuvaus

Etsimme nyt asiakkaallemme Helsinkiin IT-arkkitehteja ja Fullstack-kehittäjiä useisiin eri rooleihin. Haettavia rooleja on kuusi eri arkkitehtiprofiilia sekä kaksi eri kokemustasoa Fullstack-kehityksen osalta. Tehtävät sopivat erinomaisesti freelancereille tai yrittäjille, jotka etsivät pitkäkestoista projektia.




Haettavat roolit:

 * Tekninen arkkitehti (2 henkilöä)
 * Toiminnallinen arkkitehti (2 henkilöä)
 * Integraatioarkkitehti
 * Tietoturva-arkkitehti
 * Suorituskykytestauksen arkkitehti
 * Ympäristöarkkitehti
 * Kokenut Fullstack-kehittäjä (3 henkilöä)
 * Fullstack-kehittäjä (2 henkilöä)




Aloitus: 1.1.2025

Kesto: Pitkäkestoinen projekti

Työskentely: Etätyö mahdollinen, vaaditaan ajoittain tapaamisia

Kielivaatimukset: Erinomainen suomen kielen taito ja hyvä englannin kielen taito kaikissa rooleissa




Mitä toivomme sinulta:




Keskeiset vaatimukset arkkitehtirooleihin:

 * Kokemus vastaavista arkkitehtitehtävistä (esim. tekninen, toiminnallinen, integraatio-, tietoturva- tai suorituskykytestausarkkitehti)
 * Osaamista ketteristä menetelmistä
 * Käytännön kokemus Java-teknologiasta, REST API:sta ja mikropalveluarkkitehtuurista
 * Kyky toimia koodaavana arkkitehtina on monissa rooleissa suotavaa
 * Osaaminen tietoturvastandardeista ja tietosuojavaatimuksista on eduksi tietyissä rooleissa




Fullstack-kehittäjien vaatimukset (kokenut ja keskitaso):

 * Kokemus fullstack-kehityksestä, erityisesti Java-teknologiasta ja Angular 2+ -käyttöliittymäkehityksestä
 * Relaatiotietokantojen ja kontitetun sovelluksen (esim. Docker) kehitys
 * Mikropalveluarkkitehtuuriin perustuvan ohjelmiston kehitys
 * Osaaminen versionhallinnassa ja Continuous Integration -työkaluissa (esim. Gitlab)
 * Automaatiotestauksen, suorituskykytestauksen ja jonopohjaisten järjestelmien osaaminen katsotaan eduksi kokeneilla kehittäjillä




Lisätiedot ja hakuohjeet

Mikäli olet IT-alan freelanceri tai alihankkija ja olet hakemassa uusia haasteita urallasi, tämä voi olla juuri oikea paikka sinulle – lähetä hakemuksesi jo tänään!




Lisätietoja tehtävästä antaa Markku Laak (markku.laak@poolia.fi).




Mikäli kiinnostuit, niin kerro meille lisää itsestäsi ja taustastasi jättämällä CV:si ja lyhyt hakemuksesi mahdollisimman pian yhdessä tuntilaskutustoiveen / palkkatoiveen kanssa, sillä hakuprosessi on jo käynnissä ja tehtävä täytetään heti sopivan henkilön löydyttyä. Olemme henkilökohtaisesti yhteydessä jatkoon eteneviin hakijoihin ja kerromme lisää asiakasympäristöstä ja tehtävistä.




Teemme erilaisia hakuja järjestelmästämme ja työnhakijanamme saat meiltä esim. tippi- ja uutiskirjeitä meillä avoinna olevista tehtävistä. Sinun kannattaakin siis olla aktiivinen ja seurata säännöllisesti avoimien työpaikkojemme tilannetta ja kiinnittää itsesi mukaan hakuun!




Poolia IT Oy

Poolia IT on ketterä ja alati kasvava rekrytointiyritys. Teemme tiiviisti yhteistyötä eri oppilaitosten kanssa ja meillä on useita asiakassuhteita, joiden kanssa saumaton yhteistyö on sujunut jo vuosia. Panostamme laadukkaaseen työnhakijakokemukseen, sekä hyvään aktiiviseen viestintään rekrytointiprosessin eri vaiheissa. Arvostamme kaikkia hakijoitamme ja työntekijöitämme, mikä takaa sen, että työtä tehdään ihmisläheisesti. Työviihtyvyyttä luomme mm. toimimalla työnantajana joustavasti ja järjestämällä työntekijöillemme erilaisia tapahtumia pitkin vuotta. Osana Poolia Oy:tä olemme Henkilöstöala HELA:n jäsen ja OMX-pörssinoteerattu yhtiö.




Huom! Hakemalla tätä paikkaa annat luvan tietosuoja- ja rekisteriselosteemme mukaiseen tietojesi säilyttämiseen ja käyttöön.",Mid-Senior level,4044929839,https://fi.linkedin.com/jobs/view/it-arkkitehteja-fullstack-kehitt%C3%A4ji%C3%A4-at-poolia-it-4044929839?trk=public_jobs_topcard-title,"Helsinki, Uusimaa, Finland",1 day ago,Markku Laak,https://fi.linkedin.com/in/markkulaak,2024-10-10,,IT Services and IT Consulting,IT-arkkitehteja & Fullstack-kehittäjiä,Information Technology and Consulting,Hybrid
Be among the first 25 applicants,EASY_APPLY,https://fi.linkedin.com/jobs/view/sap-mdg-developer-at-red-global-4041723630?trk=public_jobs_topcard-title,,15014,RED Global,https://uk.linkedin.com/company/red-commerce?trk=public_jobs_topcard-org-name,Contract,"SAP MDG Developer – Finland/Europe- Hybrid







On behalf of one of our RED Consulting Partners I now have a new opportunity for an SAP MDG Developer/Consultant to join an ongoing project. The initial contract is for 6 months with excellent extension opportunities.




This role is to start on as soon as possible and will be hybrid in Finland.




Experience Required:

 * At least 5 years of current experience working with SAP MDG
 * Minimum one end to end SAP MDG implementation project.
 * Responsible for design, configuration, assistance with test, and setup a full functional development, test, and production environment to deliver MDG
 * Integration test plan for MDG + Data Services Information Steward and S4 Backend.
 * Debugging Skills
 * Experience Creating Functional Specification Documents
 * Excellent Communication and Good Stakeholder Management




Candidates has to be based in Scandinavia or the Netherlands to be considered.




 * If you are interested please apply with your updated CV in English.

",Mid-Senior level,4041723630,https://fi.linkedin.com/jobs/view/sap-mdg-developer-at-red-global-4041723630?trk=public_jobs_topcard-title,Helsinki Metropolitan Area,1 week ago,Mary McCrudden,https://uk.linkedin.com/in/mary-mccrudden,2024-10-03,,IT Services and IT Consulting,SAP MDG Developer,Information Technology,Hybrid
93 applicants,EASY_APPLY,https://fi.linkedin.com/jobs/view/senior-software-engineer-at-nord-group-a-genhive-partner-4027180013?trk=public_jobs_topcard-title,,10518527,Nord Group - A GenHive Partner,https://uk.linkedin.com/company/nordgroup?trk=public_jobs_topcard-org-name,Contract,"Nord Group is expanding its banking programs across the Nordics and is looking for talented Senior Software Engineers to join our team. This is an exciting opportunity to play a key role in designing and maintaining innovative banking applications that will shape the next generation of financial solutions.




Key Responsibilities

 * Design, develop, and maintain high-quality banking applications tailored to meet the demands of modern financial services.
 * Collaborate closely with cross-functional teams, including product managers, business analysts, and designers, to deliver impactful solutions.
 * Liaise with key stakeholders to understand business requirements and translate them into technical solutions.
 * Contribute to the development of next-generation banking applications, ensuring they are scalable, secure, and future-proof.
 * Ensure the software meets both functional and non-functional requirements, such as performance and reliability.




Tech stack: Java, PHP, Spring boot, Spring, Public Cloud, Docker, CI/CD




What We Offer

 * A 6-12 month contract with the potential to go permanent upon successful completion.
 * Competitive daily rates and benefits.
 * Hybrid working arrangement based in Helsinki.
 * Opportunity to work on high-impact projects with leading financial institutions in the Nordics.

",Mid-Senior level,4027180013,https://fi.linkedin.com/jobs/view/senior-software-engineer-at-nord-group-a-genhive-partner-4027180013?trk=public_jobs_topcard-title,Helsinki Metropolitan Area,3 weeks ago,George Ramsay,https://uk.linkedin.com/in/george-ramsay-a565531b4,2024-09-18,,Financial Services,Senior Software Engineer,Information Technology,Hybrid
