applicationsCount,applyType,applyUrl,benefits,companyId,companyName,companyUrl,contractType,description,experienceLevel,id,jobUrl,location,postedTime,posterFullName,posterProfileUrl,publishedAt,salary,sector,title,workType,work_arrangement
67 applicants,EXTERNAL,https://emp.jobylon.com/jobs/256438-terveystalo-junior-web-analyst/?utm_source=linkedin,,77540,Terveystalo,https://fi.linkedin.com/company/suomen-terveystalo-oy?trk=public_jobs_topcard-org-name,Full-time,"Terveystalo Digital Health is looking for new digital professionals to join the movement as we are building the smartest platform in the industry using modern and continuously developing technology stack. We have over a hundred of talented professionals working on our mission already and we are still looking to welcome new ambitious individuals to the team.

Could your next role be Junior Web Analyst at Terveystalo?

We are looking for an analytical and solution-oriented junior web analyst to join our Data Analytics and Reporting (DAR) team for a fixed term starting from 12/2024 until the end of 04/2025 to support the team during a parental leave.

In this role, you will assist internal stakeholders in solving their business problems using data. Your personal preferences will be taken into account when planning your responsibilities.

Based on your skills and ambitions, your responsibilities may include:


 * Planning and setting up data collection on apps and websites
 * Creating and updating web analytics dashboards
 * Analysing customer journeys
 * Conducting analyses on product development, marketing campaigns, or user behaviour
 * Assisting teams with A/B testing
 * Tracking and resolving data bugs
   
   

Our team operates in a hybrid model with members located across Finland. We work in the common office at least once a week, in this role either in Tampere or Helsinki. Monthly we'll collaborate with the whole DAR -team in Helsinki.

What do we expect from you?

Skills

To be successful in this role, you should enjoy working with people and possess some of the following skills, although you will also have the opportunity to learn and grow in the role:


 * Interest in the healthcare industry and a desire to create better services for our customers using data
 * Higher education studies in either business or technology can help but are not mandatory for the role (e.g. a university degree is beneficial, but not necessarily in a specific field).
 * Good communication and presentation skills
 * A proactive, analytical, and structured way of working
 * Basic understanding of how web analytics work, such as experience with Google Analytics or Piwik PRO
 * Basic understanding of HTML and CSS
 * Skills in JavaScript and/or SQL are considered a plus
 * Proficiency in Finnish is not required but is a strong asset, as the company language is Finnish
   
   

Why would you work in Terveystalo?

In addition to a good orientation and interesting tasks, we offer you:


 * Versatile employment benefits, such as lunch benefits, partner discounts and occupational health care
 * Organizational culture which acknowledges digitalization and building lasting IT-solutions as a crucial part of the strategy
 * A human workplace which leaves space for the most important things in your life. We support the coordination of work and free time with, among other things, various shift and working time arrangements and by enabling remote work. Not only because it is scientifically proven to work, but above all because it is humane.
 * The opportunity to focus on what is essential in your work, on what you are good at and where you still want to grow.
 * A safe, competent, and comfortable working community in a health center – both remotely and in the office.
 * A workplace that, according to research, is the favorite of health service professionals (Universum professional survey 2020, 2021, 2022 and 2023).
   
   

Want to join us?

If what we do resonates with your ambitions and professional goals, please drop us your contact information and CV via the link below.

Any questions regarding this role or working at Terveystalo? Don’t hesitate to contact Head of Data, Analytics and BI, Sonja Ruohonen sonja.ruohonen@terveystalo.com or call on Wed 16.8. between 8-11 tel. 040 8018459.

Alternatively you can contact Web analyst Juha Rasi on Thu 17.8. between 9-11 tel. 044 3491 676.

Welcome to Terveystalo!",Entry level,4044070721,https://fi.linkedin.com/jobs/view/junior-web-analyst-at-terveystalo-4044070721?trk=public_jobs_topcard-title,"Helsinki, Uusimaa, Finland",1 day ago,,,2024-10-09,,Hospitals and Health Care,Junior Web Analyst,Analyst,On-site
80 applicants,EXTERNAL,https://apply.workable.com/varjo-1/j/8E0B1D9E5C?utm_source=linkedin.com,,15091148,Varjo,https://fi.linkedin.com/company/varjo?trk=public_jobs_topcard-org-name,Full-time,"Description

Varjo is the world-leading provider of enterprise virtual and mixed reality solutions, delivering the highest levels of immersion, performance, and security for the most demanding industrial customers globally. Used by over 25% of the Fortune 100 to transform how they operate, Varjo is known for virtual and mixed reality that look and feel as real as the real world, allowing training fighter jet pilots and astronauts, designing cars, and conducting pioneering medical research across virtual environments. With our technology, professionals can recreate the exact feeling and conditions of real life in 3D, allowing them to work and train faster, better and more cost effectively.

Founded in 2016, Varjo now operates in over 40 countries worldwide with 200 employees in offices in Helsinki and Washington D.C. Our multicultural team consists of talents from all around the world, and our daily working language is English. We believe in the power of diversity – where different experiences, backgrounds, and ideas drive innovation and results.

We are now offering you an exciting position where you can see into the future and play your part in shaping Varjo’s growth journey.

Job Description

We are looking for versatile and eager person to be our Prototype Engineer who will be supporting our internal teams in high variety of prototyping assignments. With one team member currently in place, we are looking for someone to take on a key role in our in-house lab, utilizing strong skills in creating prototypes, tools, and fixtures. In this role you will collaborate widely across Varjo teams, and you will get your hands on variety of challenges – there won´t be day like another. We expect you to be self-driven and proactive, able to manage multiple ongoing assignments and you are passionate problem solver.

What You’ll Be Doing


 * Design and manufacturing of fixtures for production and engineering teams
 * Supporting design and engineering teams by preparing prototypes
 * Develop and maintain lab equipment and setups
 * Helping internal teams to resolve problems
   
   

Our expectations


 * Experience with CNC, 3D printing and manual machinery
 * Skills in 3D modelling softwares E.g. Rhinoceros, Fusion 360 and Siemens NX
 * Proficiency in CAM work
 * Knowledge of prototyping materials and methods
 * Ability to manage timelines and deliverables
 * Advanced craftmanship skills
 * Good written and spoken English
   
   

This is a hands-on role in our Helsinki office, occasional visits to our Espoo production site is required. Our team works in a hybrid mode, but in this role a minor part of the work can be done remotely. Full remote work is not possible in this role.

Next steps

By Joining Us, You’ll Get


 * Opportunity to take part in creating the new state-of-the-art in virtual and mixed reality experiences.
 * A low-hierarchy culture with minimal bureaucracy and maximum opportunity for you to take charge of your work.
 * Flexible working conditions, competitive salary, and great benefits
 * The possibility to select the tools and methods you want to use to do your job effectively.
 * An international working environment with tons of opportunities to learn and grow with the company.
   
   

Ready to jump into the exciting world of VR/XR? Apply now. Please include your CV and Cover Letter.

Even if your profile is not a perfect match but you want to learn and grow, we’d love to hear from you.

This position will be filled as soon as the suitable candidate is found.",Entry level,4040680908,https://fi.linkedin.com/jobs/view/prototype-engineer-at-varjo-4040680908?trk=public_jobs_topcard-title,"Helsinki, Uusimaa, Finland",1 week ago,,,2024-10-02,,Computer Hardware Manufacturing,Prototype Engineer,Engineering and Information Technology,On-site
Over 200 applicants,EASY_APPLY,https://fi.linkedin.com/jobs/view/data-scientist-at-readpeak-4036946290?trk=public_jobs_topcard-title,,16157405,Readpeak,https://fi.linkedin.com/company/readpeak?trk=public_jobs_topcard-org-name,Full-time,"We are looking for a data scientist who is eager to take a deep dive into online advertising data and algorithms and develop excellent skills in building advanced systems in the ad-tech landscape.




Readpeak is one of the most advanced programmatic marketing platforms for native advertising globally. We serve some of the finest brands, like BMW, Bosch, Eurocard and over 2000 more in our target markets. With our headquarter in Helsinki and side offices in Stockholm, Oslo, Copenhagen, Berlin, UK and Switzerland, our team consists of ambitious but relaxed international industry experts.




With over 8 billion ads served a year in the Nordic alone and a growth rate over 50% Year-over-year, we need to ensure both quality and future growth for our marketers and users, and a central role in doing so is bringing our tech to match the ambitious growth plan. We are committed to innovating ad delivery through advanced algorithms that optimize performance and relevance.




As a data scientist you will collaborate with our team to choose the best data inputs for optimizing our ad delivery algorithms. Your expertise in data science will play a pivotal role in improving the performance, targeting, and personalization of native ads, ultimately driving better outcomes for our clients.




Examples of things you could do in this role:




 * Be part of designing algorithms and data pipelines
 * Identify and evaluate data sources for use in machine learning models and ad optimization algorithms.
 * Collaborate with the team to design, implement, and fine-tune models for ad delivery.
 * Perform data wrangling, feature engineering, and analysis to enhance model performance.
 * Monitor the performance of machine learning algorithms in production and suggest improvements.
 * Analyze trends in advertising performance and customer behavior, providing actionable insights.




Are you up for the challenge?




With these skills, you will be on top of the list:




 * Experience working with machine learning algorithms and data science projects.
 * Familiarity with SQL and data pipeline development.
 * Solid Statistical analysis and modelling foundation.
 * Strong proficiency in Python, or a similar programming language.
 * Bonus! You have previously worked in ad tech and with recommender systems.




Stack you will be working with:

 * Python
 * AWS




Good to know:




 * You can work partly remotely
 * We offer stock options to you, so from the success you become a part of building, you will also enjoy an upside
 * We are very relaxed, easy going yet focused and hard working
 * As a part of the journey we create great memories with the team that you will never forget
 * We have an extensive healthcare package for developers working from Helsinki
 * If you fulfil our application criteria, and want to be part of this journey, we would love to talk with you!




Apply on LinkedIn.

",Not Applicable,4036946290,https://fi.linkedin.com/jobs/view/data-scientist-at-readpeak-4036946290?trk=public_jobs_topcard-title,"Helsinki, Uusimaa, Finland",1 week ago,Tuomo Tilli,https://fi.linkedin.com/in/tuomo-tilli-4109a17b,2024-09-30,,Advertising Services,Data Scientist,Engineering and Information Technology,On-site
Be among the first 25 applicants,EXTERNAL,https://odoo.unikie.com/jobs/detail/scientific-consultant-ai-for-terminal-device-ai-agent-194?src=Linkedin,,9393418,Unikie,https://fi.linkedin.com/company/unikie?trk=public_jobs_topcard-org-name,Full-time,"WE ARE LOOKING FOR Scientific consultant: AI for terminal device / AI Agent

We are looking for AI Agent to our team. The consultant will be part of our client's team developing machine learning (agent) solution for terminal devices. Below are the main responsibilities for this position, and the consultant will take part in one or more of these;


 * Optimizing the performance of the model usage by improving timing and memory use without losing too much accuracy, precision or recall of the model.
 * Implementing novel use case such as file encryption mechanism, where file encryption/decryption keys are available only when device state has desired classification (determined by the agent). One possibility is to run unsupervised learning for clustering different device state categories as a device state labels. After clustering the AI agent can use model to classify current device state.
 * System security design for AI agent such as AppAgent ( https://github.com/mnotgod96/AppAgent) to perform malicious actions. One possibility is to implement Guardian Agent (GA) that can analyze real time behavior of the AI agent. When GA detects that AI agent is tries high risk action it should stop action permanently or it could ask user consent to perform such action. The GA can inform OS to limit the capabilities of AI agent in order to stop malicious or high-risk action.
   
   

Your future colleagues are waiting for you to join our international team. Working with us is uncomplicated, there’s a good team spirit, low-hierarchy and nonexistent bureaucracy. Our way of working is flexible too, many of our team work remotely from home with visits to our office from time to time when needed. This role is equally challenging, and as such we offer a very good compensation.

Required Qualifications


 * Experience on optimizing AI models, such GPT models.
 * Knowledge on some isolation technologies such as Arm Trustzone, Intel SGX/TDX, etc.
 * Understanding about the security threats of AI models.
 * Experience on analyzing and visualizing datasets.
 * Some experience with C/C++ or Rust.
 * Experience on Android development and preferably some experience on Android Native Development.
 * Good English language skills.
   
   

Person we are looking should be able to help in the following tasks:


 * Provide clear guidelines for optimizing GPT models running in Secure Enclaves.
 * Prototype of some selected use case (such as device state classifier).
 * Prototyping “AgentGuard” solution and demonstrate how it can prevent malicious actions made by local AI Agent (such as multi-modal AppAgent)",Mid-Senior level,4019352662,https://fi.linkedin.com/jobs/view/scientific-consultant-ai-for-terminal-device-ai-agent-at-unikie-4019352662?trk=public_jobs_topcard-title,"Helsinki, Uusimaa, Finland",6 days ago,,,2024-10-04,,IT Services and IT Consulting,Scientific consultant: AI for terminal device / AI agent,"Research, Analyst, and Information Technology",On-site
76 applicants,EXTERNAL,https://onehealthineers.wd3.myworkdayjobs.com/externalonehealthineers/job/Helsinki-Finland/Software-Engineer\u002d\u002d-Medical-Algorithms_R-25223-1,,5628,Varian,https://www.linkedin.com/company/varian-medical-systems?trk=public_jobs_topcard-org-name,Full-time,"Together, we can beat cancer.

At Varian, a Siemens Healthineers Company, we bring together the world's best talent to realize our vision of a world without fear of cancer. Together, we work passionately to develop and deliver easy-to-use, efficient oncology solutions.

We are part of an incredible community of scientists, clinicians, developers, researchers, professionals, and skilled specialists pushing the boundaries of what’s possible, to improve people’s lives around the world. We embrace a culture of inclusivity in which the power and potential of every individual can be unleashed. We spark ideas that lead to positive impact and continued success.

If you want to be part of this important mission, we want to hear from you.

We are looking for a talented Software Engineer, Algorithms to join our Treatment Planning System (TPS) department.

You will be part of an innovative, cross-functional team that develops and maintain high quality dose calculation algorithms for radiotherapy treatment planning. You will work on challenging and inspiring global R&D projects that have an impact on people’s lives around the world.

As a member of the team, you will participate in the software development process from inception to production, focusing on design, development and testing activities.

You will also work on maintenance activities such as complaint investigations. Your work would also involve management of requirements, ensuring that design trace to automated verification is consistent and well-documented.

As our algorithms directly influence patient care, you would be involved in the testing of the accuracy and performance of the algorithms.

You are always dedicated to bringing in the best value and quality. You have an analytical and proactive mind set and you feel comfortable working on complex problems and long-term R&D projects.

In addition, you are an open minded, flexible thinker and you have no problems dealing with different personalities and opinions. We are developing a mission critical system, thus your commitment to safety and quality is a must.

Main Responsibilities


 * Responsible for the design, implementation, and maintenance of state-of-the-art radiotherapy treatment planning algorithms and related services.
 * Work closely with product managers and architects to translate overall requirements and architecture into well designed and implemented software components.
 * Implement and maintain automated tests, ensuring that our design trace from requirements to verification is consistent and well-documented.
 * Participate in a range of software development activities from inception to production, within an agile environment.
   
   

Skills & Experience


 * Understanding of radiation physics or competence and interest to learn the topic.
 * BSc / MSc Engineering degree.
 * Knowledge of C++ programming.
 * Experience in professional software development and its processes, including Scrum or Kanban.
 * Experience in test automation and CI/CD pipelines is a plus.
 * Experience with Monte Carlo algorithms, high performance computing, including the use of GPU calculations, is a plus
 * Proactive team worker.
 * Fluent English, both written and spoken.
   
   

What We Can Offer


 * Inspiring work atmosphere with supporting work community.
 * Meaningful work with the medical domain.
 * International and cross-cultural working environment.
 * Newly opened modern office located in the downtown of Helsinki.
   
   

Varian is required to comply with all local and applicable regulations that may be associated with vaccine requirements for certain roles.

Fighting cancer calls for big ideas.

We envision a world without fear of cancer. Achieving this vision takes dedication and commitment from all of us, every single day. That's why we celebrate and value the distinctly beautiful and intersectional identities of each of our employees. We are a mirror of our patient-base, which allows us to innovate. Big ideas come from everywhere, and the best ideas are fostered by our unique individual experiences. At Varian, we encourage you to bring your whole self to work and believe your bold and authentic perspective will help to power more victories over cancer.

#TogetherWeFight

Privacy Statement

",Entry level,4038966506,https://fi.linkedin.com/jobs/view/software-engineer-%E2%80%93-medical-algorithms-at-varian-4038966506?trk=public_jobs_topcard-title,"Helsinki, Uusimaa, Finland",1 week ago,,,2024-09-30,,Medical Device,Software Engineer – Medical Algorithms,Engineering and Information Technology,On-site
Be among the first 25 applicants,EXTERNAL,https://nvidia.wd5.myworkdayjobs.com/NVIDIAExternalCareerSite/job/Finland-Helsinki/System-Software-Engineer\u002d\u002d-Camera_JR1988109?source=jobboardlinkedin,,3608,NVIDIA,https://www.linkedin.com/company/nvidia?trk=public_jobs_topcard-org-name,Full-time,"NVIDIA has been transforming computer graphics, PC gaming, and accelerated computing for more than 25 years. It’s a unique legacy of innovation that’s fueled by great technology—and amazing people. Today, we’re tapping into the unlimited potential of AI to define the next era of computing. An era in which our GPU acts as the brains of computers, robots, and self-driving cars that can understand the world. Doing what’s never been done before takes vision, innovation, and the world’s best talent. As an NVIDIAN, you’ll be immersed in a diverse, supportive environment where everyone is inspired to do their best work. Come join the team and see how you can make a lasting impact on the world.

We are now looking for a System Software Engineer, in Tegra Camera firmware development. Do you have the passion to design and develop safety critical real-time embedded C software? We are seeking to grow our core camera firmware for sensor control, image acquisition and image processing. Our team provides sight to self-driving cars, smart cities, industrial robots, medical devices and more! Your work here will build and extend the world's safest and best System-on-Chips for critical camera applications.

What You’ll Be Doing


 * Work together with the team of highly skilled software engineers on camera firmware from pre-silicon development and validation through to production code.
 * Support camera features and safety work products including architecture, design and verification documents to meet product requirements and timelines.
 * Design, implement and verify changes to our camera firmware to ensure safe and reliable execution and enable deployment in safety critical applications.
 * Collaborate with HW team and other SW teams to find solutions to issues at hand.
   
   

What We Need To See


 * BS or MS degree in EE/CS/CE with more than 2 years of hands-on experience in software development.
 * Strong C development skills.
 * Capability and eagerness to understand HW documentation and data sheets.
 * Good written and oral interpersonal skills in English.
 * Can happily produce clear formal documentation of your work.
 * Have the drive to work in dynamic distributed software development environment with passion and integrity.
 * Open, transparent and timely communication to fit our culture!
 * Ready and willing to learn new things and support your team members.
 * You love to develop technical solutions close to the Hardware, take pride in building successful products, and challenge yourself and your team mates to grow.
   
   

Ways To Stand Out From The Crowd


 * Experience in camera/imaging/video systems and MIPI CSI.
 * Experience in ASPICE and ISO26262 or other safety regulated SW development processes.
 * Proficiency in ARM, RISC-V, real-time systems, firmware, camera pipelines, and Linux or QNX kernel code.
 * Scripting and tools development skills.
 * Passion and personal curiosity about how SoC hardware and Cameras work.
   
   

Widely considered to be one of the technology world’s most desirable employers, NVIDIA offers highly competitive salaries and a comprehensive benefits package. As you plan your future, see what we can offer to you and your family www.nvidiabenefits.com/ NVIDIA is committed to fostering a diverse work environment and proud to be an equal opportunity employer. As we highly value diversity in our current and future employees, we do not discriminate (including in our hiring and promotion practices) on the basis of race, religion, color, national origin, gender, gender expression, sexual orientation, age, marital status, veteran status, disability status or any other characteristic protected by law.

",Entry level,4047251145,https://fi.linkedin.com/jobs/view/system-software-engineer-camera-at-nvidia-4047251145?trk=public_jobs_topcard-title,"Helsinki, Uusimaa, Finland",1 day ago,,,2024-10-10,,"Computer Hardware Manufacturing, Software Development, and Computers and Electronics Manufacturing",System Software Engineer - Camera,Engineering,On-site
Over 200 applicants,EXTERNAL,https://boards.greenhouse.io/alphasense/jobs/6927752002?gh_src=8a5751f62us&source=LinkedIn,,2316358,AlphaSense,https://www.linkedin.com/company/alphasense?trk=public_jobs_topcard-org-name,Full-time,"About AlphaSense

The world’s most sophisticated companies rely on AlphaSense to remove uncertainty from decision-making. With market intelligence and search built on proven AI, AlphaSense delivers insights that matter from content you can trust. Our universe of public and private content includes equity research, company filings, event transcripts, expert calls, news, trade journals, and clients’ own research content. Our platform is trusted by over 4,000 enterprise customers, including a majority of the S&P 500.

Founded in 2011, AlphaSense is headquartered in New York City with over 1,300 people across the globe and offices in the U.S., U.K., Finland, India, and Singapore. For more information, please visit www.alpha-sense.com

Check Out What We’ve Built So Far

Our Helsinki team consists of 100 tech professionals; +26 different nationalities. We pride ourselves on being client-focused and collaborative, on the pioneering edge of technology. We also have fun. Whether it’s office happy hours, team outings, or game nights, we believe in working with people we like to hang out with.

Ideal candidate traits

If you identify as a team player and you are humble, hungry, and smart with Sisu — we would love to get to know you. We believe these qualities to be vital to building a strong, productive, and collaborative work environment, where everyone is committed to achieving common goals and working towards shared success.

We are looking for people who are willing to learn from others, who can put their egos aside and prioritize the needs of the team. You should also be highly motivated, driven to succeed, and always looking for ways to improve. We value emotional intelligence, excellent communication skills, and a collaborative spirit that enables them to build strong relationships with teammates and work effectively towards shared goals.

At AlphaSense we are committed to fostering a work culture that encourages these qualities and values the contributions of team players who exhibit them. We seek to match the ambition of ideal team players by offering opportunities for personal and professional growth, providing the resources and support necessary to achieve their goals, and creating an environment where hard work, dedication, and teamwork are celebrated and rewarded. At AlphaSense we are building teams of ideal players who embody the values of Sisu, driving the company’s success and helping us to create a positive impact on the world.

Technologies That We Work With

Frontend

ReactJS, TypeScript, Micro Frontends

Applications

NodeJS, TypeScript, GraphQL, Java 17, Spring Boot, Python, FastAPI

Backend

Java 17, Spring Boot, Python, FastAPI, Kafka

Search and AI

Apache Solr, Elasticsearch, Vector Search, ML, LLM, Pytorch, Tensorflow

Cloud architecture

AWS, GCP, Kubernetes, Crossplane, Argo CD

Quality & reliability

Cypress, Selenium, Selenide, Playwright, Rest Assured, K6, Prometheus, Loki, Grafana

Ready to Make an Impact?

Join our talent community, hear about exciting career opportunities, and get tailored job recommendations based on your interests.

If you’re looking for a challenge, if you love finding things that need interesting solutions, AlphaSense is a great place to come. It is a place for builders, for people who want to create the next thing.

Want to hear more?

Contact us and let’s figure out together if we can find a common path. Tell us about yourself and your background in your own words.

Our recruitment typically consists of four rounds of interviews where you will meet our team and learn more about working at AlphaSense. You will be given the opportunity to show your skills and ask us questions. The purpose is to get to know each other better.

Any thoughts or questions, please reach out to our TA Coordinator, Annie Virtanen on Linkedin",Entry level,3714403076,https://fi.linkedin.com/jobs/view/join-alphasense-helsinki-talent-community%21-at-alphasense-3714403076?trk=public_jobs_topcard-title,"Helsinki, Uusimaa, Finland",5 days ago,,,2024-10-06,,Software Development,Join AlphaSense Helsinki Talent Community!,Other,On-site
117 applicants,EXTERNAL,https://onehealthineers.wd3.myworkdayjobs.com/externalonehealthineers/job/Helsinki-Finland/Research-Scientist_R-25399-1?source=Linkedin,,5628,Varian,https://www.linkedin.com/company/varian-medical-systems?trk=public_jobs_topcard-org-name,Full-time,"Together, we can beat cancer.

At Varian, a Siemens Healthineers Company, we bring together the world's best talent to realize our vision of a world without fear of cancer. Together, we work passionately to develop and deliver easy-to-use, efficient oncology solutions.

We are part of an incredible community of scientists, clinicians, developers, researchers, professionals, and skilled specialists pushing the boundaries of what’s possible, to improve people’s lives around the world. We embrace a culture of inclusivity in which the power and potential of every individual can be unleashed. We spark ideas that lead to positive impact and continued success.

If you want to be part of this important mission, we want to hear from you.

We have an opportunity for Algorithm Developer to join our talented and diverse team with a wide range of expertise in algorithm development, for current and future medical devices.

As a member of our R&D team, you will take part in algorithm prototyping and commercialization using technologies such as C++, Python, or Cuda programming.

Our team has the freedom and opportunity to work on greenfield development projects that have a global impact and provide intellectual challenges every day. Our common driver is to make a difference in the lives of more than three million patients treated with our products around the world through our work and innovations.

Main Responsibilities


 * Prototype, implement, document and support the development of algorithms in the context of dose calculation in radiotherapy treatments.
 * Maintain substantial knowledge of state-of-the-art principles and theories.
 * Participate in the definition and evaluation of the product strategy from a technical viewpoint in collaboration with the product owners.
 * Participate in conferences, publications and invention disclosures.
 * Contribute to tasks of the application development lifecycle which are outside of your immediate role, such as risk management and complaint investigations.
   
   

Skills & Experience


 * Bachelor or Master’s Degree with relevant experience, or Doctoral Degree from Physics, Mathematics, or similar field.
 * Proficient in some programming language used in scientific computing, such as C++, Fortran, etc. Experience with Cuda is considered an asset.
 * Experience in algorithm development for scientific problems. Knowledge of Monte Carlo or deterministic solver for problems similar to radiation transport would be valued.
 * Ability to create concise and accurate documentation for internal purposes, and for the scientific community.
 * Fluency in English language, both written and verbal essential.
   
   

What We Can Offer


 * Inspiring work atmosphere with supporting work community.
 * Meaningful work with the medical domain.
 * International and cross-cultural working environment.
 * Newly opened modern office located in the downtown of Helsinki
   
   

Varian is required to comply with all local and applicable regulations that may be associated with vaccine requirements for certain roles.

Fighting cancer calls for big ideas.

We envision a world without fear of cancer. Achieving this vision takes dedication and commitment from all of us, every single day. That's why we celebrate and value the distinctly beautiful and intersectional identities of each of our employees. We are a mirror of our patient-base, which allows us to innovate. Big ideas come from everywhere, and the best ideas are fostered by our unique individual experiences. At Varian, we encourage you to bring your whole self to work and believe your bold and authentic perspective will help to power more victories over cancer.

#TogetherWeFight

Privacy Statement

",Entry level,4036488721,https://fi.linkedin.com/jobs/view/algorithm-developer-at-varian-4036488721?trk=public_jobs_topcard-title,"Helsinki, Uusimaa, Finland",1 week ago,,,2024-09-27,,Medical Device,Algorithm Developer,Engineering and Information Technology,On-site
Over 200 applicants,EASY_APPLY,https://fi.linkedin.com/jobs/view/junior-software-engineer-programme-helsinki-at-wolt-4040064159?trk=public_jobs_topcard-title,,3995846,Wolt,https://fi.linkedin.com/company/wolt-oy?trk=public_jobs_topcard-org-name,Full-time,"Job Description

Do you already have at least 1 - 2 years of software development experience but crave for new challenges? Awesome! 🚀 We have some good news for you - we now welcome a whopping dozen junior Kotlin and Scala engineers to our product teams, from consumer products to merchant, to courier and everything in between. We are looking for enthusiastic minds to help us build up Wolt products for everyone involved: 11 000+ employees, 30M+ registered users, 120 000+ restaurant and retail partners, and 180 000+ courier partners. We operate in 27 countries and our team consists of 100+ nationalities and now we want you to bring in fresh ideas and passion for technology – we'll provide the rest!

You'll be working with one of our 50+ awesome engineering teams. We work in small cross-functional teams with high ownership, with each team focusing on a key area of the Wolt product stack. Each of our product team members has a say in where we are going and what solutions we implement. We work with a passion, but haven't forgotten how to have fun along the way!

At Wolt, we strive to develop our product with the latest technologies and to name some of the most relevant ones: Scala, Kotlin, PostgreSQL, MongoDB, AWS, Kubernetes, Kafka, MongoDB. And now we have opportunities for junior engineers in the following areas:


 * Backend: Kotlin and Scala
   
   

Hungry to know what Wolt can do for you? Read Kristian's story of how he has grown with Wolt here.

Our humble expectations

👉 We are looking for potential to grow, readiness to learn fast, and passion for tech

👉 We so require some industry experience, at least 1+ years in software development in Kotlin or Scala (for Kotlin positions, modern Java experience is highly relevant, but we would expect the assignment to be implemented in Kotlin).

👉 We would also expect excellent communication and collaboration skills as well as fluency in English

Next steps

The application period is open until the 13th of October, 2024 but apply as soon as possible since due to a high volume of applications we will not consider candidates past this deadline!

Next Steps

FAQs

Do I need to be based in Finland? Do you offer relocation support?

At Wolt, we have a hybrid set-up in our tech hubs and for this position we would expect you to already be based in either Helsinki, Berlin or Stockholm. We don’t offer relocation support for this specific program so you should be already in one of those countries with a valid work permit.

I want to apply; what happens after I send my application?

If you are selected for the first round, you will get an invite for the next step by the latest on the following week the application period ends. We will be in touch with each and every candidate who applied regardless of the outcome. As a heads-up, the recruitment process includes a home assignment to showcase your skills in practice (the deadline to complete it is 7 days), a technical interview, a meeting with your possible team lead and someone else from the team you’ll be joining. We are aiming to make the final decisions within the October-November time frame.

I'm a student/ fresh graduate. Can I apply?

This is a full-time and permanent opportunity for engineers with some prior experience in the field. If you have some experience and can work full-time, you can definitely apply. However, a separate entry-level internship program (paid, of course!) will follow in January of 2025, read more here, so stay tuned.

I'm interested in working with Kotlin but I don't have the experience in Kotlin specifically?

Experience in modern Java is highly relevant as well.

I’m interested in backend development. Do I need to have the experience in all the technologies mentioned in that area?

Definitely not! We are looking for backend engineers in two different technology areas: Kotlin and Scala so only experience in one of these is required.

What about frontend, mobile, and Python opportunities in this junior programme?

At the moment for this programme we are only looking for software engineers working with Kotlin and Scala. However, please feel free to browse our careers site on www.careers.wolt.com/en where you might find something that suits your tech stack and interests as well!

I’m not based in Helsinki/Berlin/Stockholm, can I still apply?

Unfortunately, for the junior position we’re only considering applicants who are already living in one of our tech hub cities mentioned where we do support hybrid work opportunities.

What is the compensation for these roles?

The compensation consists of a monthly salary and DoorDash equity. In Finland the monthly salary level is around 3400-4200 EUR (Finland) depending on your level of experience.

When would the start date be?

The start date is flexible and negotiable based on your situation.",Entry level,4040064159,https://fi.linkedin.com/jobs/view/junior-software-engineer-programme-helsinki-at-wolt-4040064159?trk=public_jobs_topcard-title,"Helsinki, Uusimaa, Finland",1 week ago,,,2024-10-01,,Software Development,Junior Software Engineer Programme (Helsinki),Engineering,On-site
64 applicants,EXTERNAL,https://onehealthineers.wd3.myworkdayjobs.com/externalonehealthineers/job/Helsinki-Finland/Software-Engineer\u002d\u002d-Automation-Testing\u002d\u002d-Medical-Algorithms_R-25591?source=Linkedin,,5628,Varian,https://www.linkedin.com/company/varian-medical-systems?trk=public_jobs_topcard-org-name,Full-time,"Together, we can beat cancer.

At Varian, a Siemens Healthineers Company, we bring together the world's best talent to realize our vision of a world without fear of cancer. Together, we work passionately to develop and deliver easy-to-use, efficient oncology solutions.

We are part of an incredible community of scientists, clinicians, developers, researchers, professionals, and skilled specialists pushing the boundaries of what’s possible, to improve people’s lives around the world. We embrace a culture of inclusivity in which the power and potential of every individual can be unleashed. We spark ideas that lead to positive impact and continued success.

If you want to be part of this important mission, we want to hear from you.

We are looking for talented Software Engineer to join our Treatment Planning System (TPS) department.

You will be part of an innovative, cross-functional team that develops high quality dose calculation algorithms for radiotherapy treatment planning. You will work on challenging and inspiring global R&D projects that have an impact on people’s lives around the world.

As a member of the team, you will participate in the software development process from inception to production, focusing on design, development and especially on testing activities.

Your work would also involve management of requirements, ensuring that design trace to automated verification is consistent and well-documented. As our algorithms directly influence patient care, you would be involved in the testing of the accuracy and performance of the algorithms.

You are always dedicated to bringing in the best value and quality. You have an analytical and proactive mind set and you feel comfortable working on complex problems and long-term R&D projects.

In addition, you are an open minded, flexible thinker and you have no problems dealing with different personalities and opinions. We are developing a mission critical system, thus your commitment to safety and quality is a must.

Main Responsibilities


 * Implement and maintain automated tests related to algorithms, ensuring also that our design trace from requirements to verification is consistent and well-documented.
 * Design, implement, and maintain of state-of-the-art radiotherapy treatment planning algorithms and related services.
 * Work closely with product managers and other teams to ensure we deliver a functional high quality product.
 * Participate in a range of software development activities from inception to production, within an agile environment.
   
   

Skills & Experience


 * BSc or MSc Engineering qualification.
 * Seasoned knowledge of C++/.NET.
 * Knowledge of Python and PowerShell.
 * Experience in professional software development and its processes, including Scrum or Kanban.
 * Experience with TFS/Azure Devops (GIT version control)
 * Experience in test automation and CI/CD pipelines.
 * Knowledge of radiation physics.
 * Experience with high performance computing, including the use of GPU calculations, is a plus.
 * Proactive team worker.
 * Fluent English, both written and spoken.
   
   

What We Can Offer


 * Inspiring work atmosphere with supporting work community.
 * Meaningful work with the medical domain.
 * International and cross-cultural working environment.
 * Newly opened modern office located in the downtown of Helsinki
   
   

Varian is required to comply with all local and applicable regulations that may be associated with vaccine requirements for certain roles.

Fighting cancer calls for big ideas.

We envision a world without fear of cancer. Achieving this vision takes dedication and commitment from all of us, every single day. That's why we celebrate and value the distinctly beautiful and intersectional identities of each of our employees. We are a mirror of our patient-base, which allows us to innovate. Big ideas come from everywhere, and the best ideas are fostered by our unique individual experiences. At Varian, we encourage you to bring your whole self to work and believe your bold and authentic perspective will help to power more victories over cancer.

#TogetherWeFight

Privacy Statement

",Entry level,4038783696,https://fi.linkedin.com/jobs/view/software-engineer-%E2%80%93-automation-testing-medical-algorithms-at-varian-4038783696?trk=public_jobs_topcard-title,"Helsinki, Uusimaa, Finland",1 week ago,,,2024-09-30,,Medical Device,Software Engineer – Automation Testing & Medical Algorithms,Engineering and Information Technology,On-site
