applicationsCount,applyType,applyUrl,companyId,companyName,companyUrl,contractType,description,experienceLevel,jobUrl,location,postedTime,posterFullName,posterProfileUrl,publishedAt,salary,sector,title,workType,work_arrangement
Be among the first 25 applicants,EXTERNAL,https://careersatagoda.com/job/6227260-senior-analyst-bangkok-based-relocation-provided/?gh_jid=6227260&gh_src=bea0e2cc1,66719,Agoda,https://sg.linkedin.com/company/agoda?trk=public_jobs_topcard-org-name,Full-time,"About Agoda

Agoda is an online travel booking platform for accommodations, flights, and more. We build and deploy cutting-edge technology that connects travelers with more than 3.6 million accommodations globally. Based in Asia and part of Booking Holdings, our 6,000+ employees representing 90+ nationalities foster a work environment rich in diversity, creativity, and collaboration. We innovate through a culture of experimentation and ownership, enhancing the ability for our customers to experience the world.

Our Purpose – Bridging the World Through Travel

We believe travel allows people to enjoy, learn and experience more of the amazing world we live in. It brings individuals and cultures closer together, fostering empathy, understanding and happiness.

We are a skillful, driven and diverse team from across the globe, united by a passion to make an impact. Harnessing our innovative technologies and strong partnerships, we aim to make travel easy and rewarding for everyone.

Get to Know our Team:

The Performance Marketing Team of Agoda is a world leader in online marketing. This department is highly data-driven and focused on developing at-scale marketing programs that improve the lifetime value of Agoda customers through measurable marketing programs and channels. The team is a blend of the best analysts, marketing strategists, and data scientists in the world. The marketing leadership at Agoda have deep experience in data science, product, strategy, and other marketing fields and have built an organization that thrives on data, creative ideas, and technology. The Performance Marketing Team also fosters a great learning environment. You will be able to learn and grow by working closely with experts from a variety of backgrounds from all over the world.

In this Role, you’ll get to:


 * Search: Experiment with text ads, bidding, and campaign structures on Google, Bing, Baidu, Naver, and other search engines. Adapt to new product features and roll out changes from successful tests
 * Display: Test, analyze, and optimize campaigns on Facebook, Twitter, Instagram, and others
 * Modeling: Analyze the vast amounts of data generated by experiments, develop models we can use for optimization, and build dashboards for account managers
   
   

What you’ll Need to Succeed:


 * Bachelor’s Degree or higher from top university in a quantitative subject (computer science, mathematics, engineering, statistics or science)
 * Ability to communicate fluently in English
 * Exposure to one or more data analysis packages or databases, e.g., SAS, R, SPSS, Python, VBA, SQL, Tableau
 * Good numerical reasoning skills
 * Proficiency in Excel
 * Intellectual curiosity and analytical skills
   
   

It’s Great if you Have:


 * Experience in digital marketing
 * Academic research experience
   
   

#STRA#ANLS#MRKT#3


 * Experience in R studio, data modeling, hypothesis testing is a plus #STRA#ANLS#MRKT#3 #sanfrancisco #sanjose #losangeles #sandiego #oakland #denver #miami #orlando #atlanta #chicago #boston #detroit #newyork #portland #philadelphia #dallas #houston #austin #seattle #washdc #tirana #yerevan #sydney #melbourne #perth #vienna #graz #baku #minsk #brussels #antwerp #ghent #charleroi #saopaolo #sofia #toronto #vancouver #montreal #shanghai #beijing #shenzhen #zagreb #cyprus #prague #Brno #Ostrava #copenhagen #cairo #alexandria #giza #estonia #helsinki #paris #nice #marseille #rouen #lyon #toulouse #tbilisi #berlin #munich #hamburg #stuttgart #cologne #frankfurt #dusseldorf #dortmund #essen #Bremen #leipzig #dresden #hanover #nuremberg #athens #hongkong #budapest #bangalore #newdelhi #jakarta #bali #bandung #dublin #telaviv #milan #rome #naples #turin #palermo #venice #bologna #florence #tokyo #osaka #yokohama #nagoya #okinawa #fukuoka #sapporo #amman #irbid #riga #beirut #tripoli #vilnius #luxembourg #kualalumpur #malta #chisinau #amsterdam #oslo #jerusalem #manila #warsaw #krakow #sintra #porto #braga #cascais #loures #amadora #almada #doha #alrayyan #bucharest #moscow #saintpetersburg #riyadh #jeddah #mecca #medina #belgrade #singapore #bratislava #capetown #johannesburg #seoul #barcelona #madrid #valencia #seville #bilbao #malaga #oviedo #alicante #laspalmas #zaragozbanga #stockholm #zurich #geneva #basel #taipei #tainan #taichung #kaohsiung #Phuket #bangkok #istanbul #ankara #izmir #dubai #abudhabi #sharjah #london #manchester #edinburgh #kiev #hcmc #hanoi #sanaa #taiz #aden #gibraltar #marrakech #lodz #wroclaw #poznan #Gdansk #szczecin #bydgoszcz #lublin #katowice #rio #salvador #fortaleza #brasilia #belo #belem #manaus #curitiba #portoalegre #saoluis data representation data analysis SQL data analytics analytics python (programming language) data mining data science r (programming language) tableau analytical skills data visualization databases business analysis business intelligence (bi) microsoft sql server machine learning statistics microsoft power bi java
   
   

Equal Opportunity Employer

At Agoda, we pride ourselves on being a company represented by people of all different backgrounds and orientations. We prioritize attracting diverse talent and cultivating an inclusive environment that encourages collaboration and innovation. Employment at Agoda is based solely on a person’s merit and qualifications. We are committed to providing equal employment opportunity regardless of sex, age, race, color, national origin, religion, marital status, pregnancy, sexual orientation, gender identity, disability, citizenship, veteran or military status, and other legally protected characteristics.

We will keep your application on file so that we can consider you for future vacancies and you can always ask to have your details removed from the file. For more details please read our privacy policy .

To all recruitment agencies: Agoda does not accept third party resumes. Please do not send resumes to our jobs alias, Agoda employees or any other organization location. Agoda is not responsible for any fees related to unsolicited resumes.

",Associate,https://fi.linkedin.com/jobs/view/senior-analyst-bangkok-based-relocation-provided-at-agoda-4021554647?trk=public_jobs_topcard-title,"Helsinki, Uusimaa, Finland",2 days ago,,,2024-09-09,,"Technology, Information and Internet","Senior Analyst (Bangkok Based, relocation provided)",Business Development and Sales,On-site
Be among the first 25 applicants,EXTERNAL,https://jobs.telusinternational.com/en_US/careers/Pipelinedetails?pipelineId=62661&source=LinkedIn,6611939,TELUS International AI Data Solutions,https://www.linkedin.com/company/telusinternationalaidatasolutions?trk=public_jobs_topcard-org-name,Full-time,"*Please not that this is on- site job opportunity in Barcelona, Spain and we will help you to relocate if you are based outside the country.




As an AI Language Engineer you contribute your expertise in language and computational linguistics to develop and fine-tune natural language processing (NPL) systems to ensure they accurately understand and generate human language. You work with other teams to optimize language models that power various AI applications.




Key Responsibilities:

 * Develop natural language processing code specific to Finnish
 * Automate and integrate workflows from diverse systems
 * Contribute ideas for innovative approaches and product features relevant to a specific culture or market
 * Provide clever solutions to complex problems
 * Giving support, focusing on customers, embracing technology, managing self-development
 * No people management accountabilities




Competencies:

 * Native fluency in Finnish
 * Ability to classify and retrieve information
 * Knowledge in natural language processing, machine learning or related sub-field
 * Development in iOS or Mac OS X
 * Familiar with Java, Python and Shell scripting
 * Creative and critical thinking
 * Expert troubleshooting and problem solving skills




Qualifications:

 * 1 year of experience in Engineering; proven track record in delivering product-quality code
 * Bachelor’s degree in Computer Science, Engineering or related fields
 * Native speaker of Finnish with the ability to work in English speaking environment




What we offer:

 * Meal vouchers
 * Referral program with attractive bonuses
 * Private medical insurance for employees and relatives
 * Great office at a top location
 * Positive international working environment (relaxing zones, terrace, kitchen)
 * Discounts in gym memberships
 * Career development opportunities
 * No overtime or weekend work
 * Continuous support and learning
 * Access to counseling sessions




If this opportunity sounds appealing to you, apply now! Kindly attach your CV in English.

*Please note that only shortlisted candidates will be contacted.




About us:

AI Data Solutions

Creating and enhancing the world's data to enable better AI via human intelligence.

We strive to enhance the world's data to enable better AI through human intelligence. Our team of data, technology, and project management professionals work with companies to test and improve machine learning models. We handle various data types, including text, images, audio, video, and geo. Our solutions improve AI systems in multiple applications, such as advanced smart products, improved search results, expanded speech recognition, more human-like bot interactions, and more.




TELUS International values diversity and grants equal opportunity regardless of age, civil status, disability, gender, nationality, race, religion and political beliefs, sex or sexual orientation.",Associate,https://fi.linkedin.com/jobs/view/finnish-language-engineer-barcelona-spain-at-telus-international-ai-data-solutions-4021877287?trk=public_jobs_topcard-title,"Uusimaa, Finland",2 days ago,,,2024-09-10,,"Translation and Localization, IT System Testing and Evaluation, and IT Services and IT Consulting","Finnish Language Engineer (Barcelona, Spain)","Engineering, Writing/Editing, and Information Technology",On-site
39 applicants,EXTERNAL,https://job-boards.greenhouse.io/skylotechnologies/jobs/6097471003?gh_src=6fe593393us,40962637,Skylo,https://www.linkedin.com/company/skylotech?trk=public_jobs_topcard-org-name,Full-time,"About Skylo

Skylo is a global Non-Terrestrial Network service provider based in Mountain View, CA, offering a service that allows smartphone and IoT cellular devices to connect directly over existing satellites.

Skylo’s direct-to-device service is now live across four continents, with more than 50 million square kilometers of coverage, in partnership with multiple satellite operators, mobile network operators (MNOs), Tier-1 chipset makers, and OEMs. Devices connected over satellite are managed and served by Skylo's commercial NTN vRAN, featuring a 3GPP standards-based cloud-native base station and core. Skylo provides anywhere, anytime connectivity solution that seamlessly roams between terrestrial and satellite networks. Our focus is on enabling connected services for people outdoors and connected workflows across three main verticals: mass-market consumer devices, automotive, and industrial IoT.

This role is located Espoo, Finland where we are onsite 3 days a week in office.

Summary Of How You Will Impact Skylo

As a Software Engineer for our Cloud Applications team, you will be responsible for designing, developing, and maintaining scalable, high-performance applications in a cloud environment. You will work closely with cross-functional teams to create robust and reliable services that integrate seamlessly into Skylo’s cloud infrastructure, with a particular focus on leveraging Pub/Sub technologies to enable real-time data streaming and event-driven architectures.

How You Will Contribute


 * Develop and design scalable, high-performance, and secure cloud-native applications to supplement Skylo Core Network.
 * Design, implement, and maintain RESTful APIs to support a variety of services and applications
 * Implement and maintain Pub/Sub messaging systems (e.g., RabbitMQ, Google Pub/Sub) to enable real-time data processing and event-driven communication.
 * Monitor, analyze, and optimize application performance and scalability.
 * Contribute to CI/CD pipelines and automate deployment processes with a strong DevOps mindset.
 * Actively participate in reviews with strong intent to align application software design with end-to-end feature specifications.
   
   

What We Look For


 * Minimum 5 years software engineering / development experience, preferably in the telecommunication industry.
 * Proficiency in Go Programming Language and Python. Experience with RUST is desired but not required.
 * Strong experience in designing and developing RESTful APIs.
 * Strong experience with Pub/Sub messaging systems such as RabbitMQ or Google Pub/Sub.
 * Strong experience with cloud platforms (e.g.Google Cloud, AWS) and cloud-native technologies (e.g., Kubernetes, Docker).
 * Solid understanding of microservices architecture and experience in building microservices-based applications.
 * Experience with both relational (e.g. postgres) and NoSQL databases (e.g. redis)
 * Knowledge and implement security best practices in cloud environments.
   
   

What We Offer

With employees working across three continents, Skylo is proud to be an equal opportunity employer dedicated to building an inclusive and diverse workforce. Our worldwide and inclusive culture encourages a flexible approach to work, and we also offer an attractive range benefits such as:


 * Competitive compensation packages including a stock option based equity program
 * Comprehensive benefits plan
 * Monthly allowances for wellness and education reimbursement
 * A generous time off policy, holidays, and the opportunity to temporarily work abroad
 * Once in a lifetime opportunity to be a part of developing and running world’s first commercial, live direct-to-device satellite network and service
 * Access to world-class team and talent across tech domains: software, hardware, chipsets, telecom, satellite and network virtualization
 * Open, transparent, inclusive culture that blends the Silicon Valley, Nordic and South Asia characteristics",Associate,https://fi.linkedin.com/jobs/view/software-engineer-cloud-applications-at-skylo-4008207944?trk=public_jobs_topcard-title,"Espoo, Uusimaa, Finland",6 days ago,,,2024-09-05,,Telecommunications,"Software Engineer, Cloud Applications",Engineering and Information Technology,On-site
92 applicants,EASY_APPLY,https://fi.linkedin.com/jobs/view/software-engineer-flight-dynamics-at-iceye-3980179570?trk=public_jobs_topcard-title,4856503,ICEYE,https://fi.linkedin.com/company/iceye?trk=public_jobs_topcard-org-name,Full-time,"Role highlights:


 * Software Engineer, Flight Dynamics
 * Espoo, Finland
 * Permanent
   
   

Who are we?

ICEYE is the global leader in synthetic aperture radar (SAR) satellite operations for Earth Observation, persistent monitoring, and natural catastrophe solutions; owning and operating the world's largest SAR constellation. ICEYE is headquartered in Finland and operates from five international locations with more than 600 employees from nearly 60 countries, inspired by the shared vision of improving life on Earth by becoming the global source of truth in Earth Observation.

Our satellites acquire images of Earth at any time - even when it's cloudy or dark - providing commercial and government partners with unmatched persistent monitoring capabilities. Information derived from our SAR images helps customers make data-driven decisions to address time-critical challenges in various sectors, such as maritime, disaster management, insurance, and finance.

Our team is a tight-knit group of experts across many disciplines (e.g., engineering, software development, radar technology, etc.). We're innovative, driven people who strive for excellence in everything we do. Teamwork, curiosity, and having fun are core values at ICEYE, and contribute to Making the Impossible possible!!

Why should you work for us?

ICEYE is at the cutting edge of new technology and we are continuing to build and operate our commercial constellation of SAR satellites. Working with ICEYE, you will be part of making the impossible possible, whilst shaping the Earth Observation industry. You will work with varied, diverse and engaged colleagues to further the ICEYE mission. At ICEYE we realise that without great people we can not succeed, therefore you will be an integral, valued and appreciated colleague, with the ability to directly shape the vision and direction of the business.

We actively support Continuous Professional Development, and will provide access to a range of avenues to allow you to succeed, including courses, training and attendance at conferences. ICEYE is a place where your development, your growth and your success is a priority.

What is the role?

You will be a part of a small, dedicated team working on an exciting challenge: developing and maintaining a fully automated orbit determination system for ICEYE's entire fleet of SAR satellites. This system is a critical component of ICEYE's ground segment, since it is required for everything from ground antenna tracking to SAR image processing to propulsion activity planning. We are continuously working to improve the accuracy and reliability of this system while also adding new features and capabilities.

In this role, you will:


 * Work closely with other Flight Dynamics team members to develop and maintain ICEYE's automated orbit determination software
 * Apply problem solving and analysis skills to new issues and feature requests
 * Implement and monitor automated metrics to assess and improve system performance
 * Collaborate with other engineering and operations teams to support satellite launches, propulsion activities, and fleet planning
 * Share Flight Dynamics domain knowledge with the rest of the organization
   
   

Requirements

What will you need to be successful in this role?


 * Degree in Engineering, Physics, Mathematics, Computer Science or similar
 * At least 5 years experience in software engineering
 * At least 5 years experience in the space domain
 * An understanding of core concepts in orbit mechanics and state estimation
 * Proficiency in Python and common mathematics libraries
 * Strong problem solving and analysis skills
 * The ability to explain technical concepts clearly and concisely
 * A collaborative, team-oriented mindset
   
   

In addition, it would be beneficial if you had the following attributes and skills:


 * Experience with AWS, Docker, and Kubernetes
 * Experience with REST API frameworks
 * Experience with databases, especially Postgres and InfluxDB
 * Experience with flight dynamics tools and libraries, especially STK and ODTK
 * Experience with SAR or Optical earth observation systems
   
   

Benefits

What do we offer?


 * A job that matters in a dynamic Earth Observation environment with a scale-up approach
 * An independent role with a supportive and diverse work environment
 * Occupational healthcare, occupational and private insurance
 * A yearly benefit budget to spend as you wish (i.e. on sport, transport, bike benefit, wellness, lunch, etc.)
 * Phone subscription with iPhone of choice
 * Relocation support (i.e. flight tickets, accommodation, relocation agency support)
 * Time for self-development, research, training, conferences, or certification schemes
 * Inspiring and collaborating offices and silent workspaces enable you to focus
 * A wide variety of the best coffee, tea, snacks, and sweets to accompany your daily space mission
 * Base salary range for this position is 4,700 to 5,600 EUR per month (gross) contingent on your experience level, and will be negotiated individually.
   
   

Diversity, equity, and inclusion

At ICEYE, we believe that diversity isn't just a buzzword - it's our greatest asset.

We're committed to fostering an inclusive environment where every voice is not only heard but celebrated. We know that diverse perspectives breed innovation and creativity, which is why we actively seek out individuals from all walks of life, backgrounds, and experiences.

Whatever your background, we want you to bring your authentic self to the table. Join us and be part of a team where differences are not only embraced but cherished, because together, we're stronger.

Apply now to start your ICEYE journey, and help us continue to make the impossible possible together.

Read more about ICEYE and working with us at iceye.com",Associate,https://fi.linkedin.com/jobs/view/software-engineer-flight-dynamics-at-iceye-3980179570?trk=public_jobs_topcard-title,"Espoo, Uusimaa, Finland",2 weeks ago,,,2024-08-23,,Aviation and Aerospace Component Manufacturing,"Software Engineer, Flight Dynamics",Engineering,On-site
58 applicants,EXTERNAL,https://jobs.smartrecruiters.com/AFRY/744000011187060-forestry-data-analyst-afry-smart-forestry,30754506,AFRY,https://se.linkedin.com/company/afry?trk=public_jobs_topcard-org-name,Full-time,"Company Description

AFRY is a European leader in engineering, design, and advisory services, with a global reach. We accelerate the transition towards a sustainable society. We are 19,000 devoted experts in infrastructure, industry, energy and digitalization, creating sustainable solutions for generations to come.

Making Future

Job Description

AFRY Smart Forestry combines novel software, the latest forestry technology, and modern forestry techniques. Our products bring reliability to forestry decisions by mapping, optimising, monitoring, and continuously learning about the life cycle and functions in forest supply chains to improve forest management operations.

We help our clients manage their forestry assets based on in-depth data despite the complexity of the forest supply chain and the ecosystem around it. We know how forest management operations can be improved and costs reduced with the help of cutting-edge software combined with artificial intelligence.

The path to a brighter future is paved by decisions based on accurate data.

www.afry.com/smartforestry

We are looking for a Forestry Data Analyst to support our Smart Forestry unit's Data as a Service team's service implementation.

The analyst's work focuses on supporting the implementation of forest modeling, forest carbon, forest valuation and remote sensing projects. You will be responsible for conducting forest modelling work for a range of forest types, including semi-natural boreal forests as well as tropical plantation forests. The work includes analyzing forestry data and calculating new data using AFRY Smart Forestry's proprietary software solutions. While modelling is to a large extent automated in the company's proprietary software, manual work consists of sorting and analyzing the received results and identifying forestry-specific issues.

You will be providing services in English language for international clients. It will be considered as an advantage if you can perform assignments in Finnish language for Finnish clients.

The work can be conducted primarily remotely or in AFRY's Vantaa office. The work includes office workdays in Vantaa on an irregular basis.

Qualifications

The person we are looking for has:


 * Master's degree in forestry with a focus on forest resources and forest management, or equivalent
 * Good MS Office and GIS skills (e.g. QGIS or ArcGIS) and an interest in learning new software -- ability to read and/or write code is considered as major advantage
 * Ideally 1-3 years of work experience in forestry
 * Proficiency in English, Finnish is considered as a plus
   
   
   

It is also considered as an advantage if you have:


 * Knowledge of forest carbon dynamics
 * Experience in forest valuations
 * Experience in remote sensing in forestry
 * Experience in the consulting business
   
   
   

Indicative salary range is between 3 800 to 4 400 €, depending on skills and experience.

Please tell us more about your strengths in the application letter. We look forward to getting to know you!

Additional Information

Why AFRY? 

As a stable and growing company, we provide you with a variety of opportunities to develop yourself. At AFRY you will have the possibility to deepen your knowledge to new areas according to your interests and get to work together with the top experts in dynamic and international project environment. 

At AFRY we build sustainable future together and develop sustainable solutions that serve not only our clients but also society. The work at AFRY is versatile, interesting and challenging but at the same flexible, allowing you to take care of your work–life balance. We apply flexible working in a hybrid model where possible, taking into account project needs. 

We strive to include all new employees to our work community from the first day at AFRY. We are brave, devoted team players, and we wish that you have the same mindset. 

Would you like to read more about your future colleagues’ careers? Get to know them on our web page: https://afry.com/en/join-us/get-know-us  

  

Benefits At AFRY 

All AFRY employees are supported with lunch, exercise, culture, wellness and commuting benefit. AFRY employees are insured by private accident insurance when working remotely and in spare time. Employees have the right to receive help for taking care of a sick child at home. 

The team player spirit strengthens in spare time in hobby clubs depending on the office location. AFRY employees spend time together in cross fit classes, golf clubs and board game clubs. We also encourage our employees to commute by bike. Employees with permanent contract are allowed to have a bicycle benefit in order to choose carbon neutral commuting. Morning porridge is offered to all cyclists at AFRY offices.  

Sustainability at AFRY  

Sustainability and creating sustainable solutions are at the core of AFRY’s business strategy and all of our operations. By combining the latest technologies and the top expertise of our employees, we create sustainable business to our clients. Read more about sustainability at AFRY: https://afry.com/en/insights/sustainability  

  

Interested? 

You can ask for more detailed information from Head of Data as a Service team Miika Malmström: miika.malmstrom@afry.com or +358 50 303 80 66 on Tuesdays and Thursdays between 11.00 - 15:30.

Send your application and CV by 29.9.2024 and join our team full of experts! We will start interviews as applications arrive and will select suitable candidate when found.

At AFRY, we engineer change in everything we do. Change happens when brave ideas come together. When we collaborate, innovate technology, and embrace challenging points of view. That’s how we're making future. We are actively looking for qualified candidates to join our inclusive and diverse teams across the globe. Join us in accelerating the transition towards a sustainable future.",Associate,https://fi.linkedin.com/jobs/view/forestry-data-analyst-afry-smart-forestry-at-afry-4014948865?trk=public_jobs_topcard-title,"Vantaa, Uusimaa, Finland",1 week ago,,,2024-09-03,,Business Consulting and Services,"Forestry Data Analyst, AFRY Smart Forestry",Information Technology,On-site
84 applicants,EXTERNAL,https://join.com/companies/ambiomaterials/12143470-full-stack-developer?pid=e65242534431eadcb0c9,11333481,join.com,https://de.linkedin.com/company/join-com?trk=public_jobs_topcard-org-name,Full-time,"Ambio is looking for a Full Stack Developer

The shift from conventional to recycled and bio-based materials isn't just a trend; it's an essential part of reducing waste, preserving natural resources, and combating climate change.

At Ambio, we help brands and manufacturers transition to recycled and bio-based plastics, offering thousands of sustainable material options through a single point of contact. Our Europe-wide network comprises hundreds of recyclers and suppliers, and our dedicated sourcing experts and cutting-edge technology are key in finding the perfect sustainable material solutions for our clients – which already exist in industries ranging from consumer products to construction. Our vision is to become the de facto source of sustainable materials for manufacturers of all sizes.

We’ve raised early-stage funding from Europe’s top marketplace VC’s and angel investors. This allows us to continue expanding the team on all fronts with bright minds who welcome the task of exceeding their qualifications and see the uncertainty of early-stage company building as a chance to shape their destiny. People who make a long-term commitment of making Ambio’s vision their vision.

Tasks

In this role, you will be building both our customer-facing and internal software tools and services, as well as participate in planning and setting the product roadmap in collaboration with the product team.

Experience and interest in following tasks help but you do not need to be expert in everything:


 * Working with the product team to build new features from database models to UI components
 * Build and improve integrations from third-party data sources
 * Reducing manual work through automated integration and deployment pipelines
 * Building and maintaining cloud infrastructure
 * Help us shape Ambio’s engineering culture and practices
   
   
   

Requirements


 * You have experience in modern web development. We do not need you to be an expert in every technology we use, but we expect strong Javascript fundamentals – general familiarity with our tech stack or similar technologies is considered a big plus. Keywords: Node.js, Typescript, Next.js, PostgreSQL, Google Cloud Platform, Terraform, Github
 * You are ambitious, self-driven and care deeply about creating a real business impact for our customers, not just building cool stuff
 * You enjoy building something new and taking things from 0 to 1 – we value previous experience in building things from scratch (this could mean for example working at an early-stage startup, IT consulting or building something on your own)
   
   
   

Benefits


 * You will be instrumental in leading our software development and shaping our product strategy, being a key partner in company decisions, and defining our development culture.
 * You will have the chance to be a part of accelerating the transition to sustainable materials, while simultaneously solving interesting technological challenges.
 * Hybrid working – fostering a collaborative environment at our office in Kamppi, Helsinki complemented by occasional remote work based on your own needs and wishes
 * Steep learning curve in marketplace design & industrial sector as well as significant personal growth
 * Competitive compensation consisting of salary and stock options, together with a comprehensive health insurance and benefits package
 * Office space in Kamppi, Helsinki and equipment you need to get things done
   
   
   

You can expect the process to generally look like the following:

Introduction meeting with Elmo (45 minutes)

This is an introductory discussion. You tell us more about yourself and our co-founder Elmo, who leads the product team, talks about Ambio and the role. Based on this chat, we both decide if we want to kick off the interview process.

Technical interview with our Product team (90-120 minutes)

In this discussion, we will go deeper into your technical experience and skillset. You’ll also have a chance to meet our product team and also asks questions about the technology and ways of working at Ambio.

Values discussion with Tommi (45 minutes)

Final interview to discuss culture & values, and meet our CEO and other co-founder Tommi.

Reference checks and offer

We don’t consider reference checks as a mere formality, rather a key insight in solidifying our recruitment decision. We would expect to speak with 2-4 former colleagues / collaborators before making an offer.

As we develop as a company, so does our recruitment process – your experience might look slightly different.",Associate,https://fi.linkedin.com/jobs/view/ambio-full-stack-developer-at-join-com-3998638394?trk=public_jobs_topcard-title,"Helsinki, Uusimaa, Finland",4 weeks ago,,,2024-08-13,,"Technology, Information and Media",Ambio: Full Stack Developer,Information Technology,On-site
