applicationsCount,applyType,applyUrl,benefits,companyId,companyName,companyUrl,contractType,description,experienceLevel,id,jobUrl,location,postedTime,posterFullName,posterProfileUrl,publishedAt,salary,sector,title,workType,work_arrangement
Be among the first 25 applicants,EXTERNAL,https://dlrs.info/L6jZFPT,,601190,Turck Vilant Systems - RFID Solutions,https://fi.linkedin.com/company/turck-vilant-systems?trk=public_jobs_topcard-org-name,Full-time,"Millaiseen rooliin olet tulossa?
Etsimme asiakaspalveluhenkistä ja IT-taidoiltaan vahvaa insinööriä osaksi kansainvälistä tiimiämme, joka työskentelee RFID-järjestelmien asiakastoimitusten ja ylläpidon parissa.

Järjestelmiämme on jo käytössä noin 150 asiakkaalla ja toimitamme jatkuvasti uusia ratkaisuja. Sinulla on tärkeä rooli järjestelmien toimivuuden takaamisessa, ja teet tiivistä yhteistyötä asiakkaidemme, tiimisi sekä muiden yrityksen työntekijöiden kanssa.

Millaiselle tyypille tämä rooli sopii?

Päivittäiset tehtäväsi:

 * Huolehdit olemassa olevien asiakkaiden tuesta (noin 60% työajasta):

- Tukipyyntöjen hallinta tiketöintityökalulla ja puhelimitse.
- Ongelmanratkaisu, tekninen tuki ja huoltokäynti etäyhteyksin.


 * Osallistut uusien projektitoimitusten toimittamiseen (noin 40% työajasta):

- Järjestelmän testausta, käyttökoulutuksia ja käyttöönottoa asiakkailla.
- Projektitiimin tukeminen eri tehtävissä.
- Laitteiden konfigurointi ja huollon koordinointi.
- Asiakasratkaisuihin liittyvien dokumenttien ja ohjeiden laatiminen sekä päivitys.
- Tehtäväsi ovat keskeisiä järjestelmien toimivuuden varmistamisessa. Lisää monipuolisista työtehtävistä kerromme haastattelun yhteydessä.

Menestyt tässä tehtävässä, jos:

 * Olet kokenut IT-järjestelmien sekä laitteiden parissa: osaat tutkia lokitietoja, lukea koodia, ymmärrät tietokantoja ja tietoliikennettä.
 * Olet ratkaisukeskeinen, nopea oppimaan, oma-aloitteinen ja huolehdit itsenäisesti työn valmistumisesta.
 * Puhut ja kirjoitat sujuvaa suomea sekä englantia; arvostamme myös muuta kielitaitoa.
   
   

Miksi tulisit meille?
Tarjoamme paikan aktiiviselle System Engineerille teknisessä tukitiimissämme. RFID- ja IoT-pohjaiset seurantajärjestelmämme palvelevat teollisuuden suuryrityksiä sekä joukkoliikennettä eri puolilla maailmaa, yhteensä 40 maassa. Työskentelemällä kanssamme pääset seuraamaan teollisuuden digitalisaatiota aitiopaikalta.

Uskomme, että innostunut ja motivoitunut henkilöstö on menestyksen kulmakivi. Meillä on rento työympäristö, ja tiimimme koostuu monenlaisista persoonista. Tarjoamme mahdollisuuksia ammatilliseen kehitykseen ja urapolkuihin. Emoyhtiömme on saksalainen perheyhtiö Turck, jossa työskentelee lähes 5000 kollegaa maailmanlaajuisesti.

Jäikö jokin mietityttämään?
Voit soittaa tulevalle esimiehellesi Heidi Pinomaalle numeroon +358 50 323 6644.
Täytämme työtehtävän heti, kun löydämme potentiaalisen hakijan.",Associate,4048962679,https://fi.linkedin.com/jobs/view/system-engineer-j%C3%A4rjestelm%C3%A4asiantuntija-at-turck-vilant-systems-rfid-solutions-4048962679?trk=public_jobs_topcard-title,"Espoo, Uusimaa, Finland",3 hours ago,,,2024-10-11,,IT Services and IT Consulting,System Engineer (järjestelmäasiantuntija),Manufacturing,On-site
145 applicants,EASY_APPLY,https://fi.linkedin.com/jobs/view/software-engineer-flight-dynamics-at-iceye-3980179570?trk=public_jobs_topcard-title,,4856503,ICEYE,https://fi.linkedin.com/company/iceye?trk=public_jobs_topcard-org-name,Full-time,"Role highlights:


 * Software Engineer, Flight Dynamics
 * Espoo, Finland
 * Permanent
   
   

Who are we?

ICEYE is the global leader in synthetic aperture radar (SAR) satellite operations for Earth Observation, persistent monitoring, and natural catastrophe solutions; owning and operating the world's largest SAR constellation. ICEYE is headquartered in Finland and operates from five international locations with more than 600 employees from nearly 60 countries, inspired by the shared vision of improving life on Earth by becoming the global source of truth in Earth Observation.

Our satellites acquire images of Earth at any time - even when it's cloudy or dark - providing commercial and government partners with unmatched persistent monitoring capabilities. Information derived from our SAR images helps customers make data-driven decisions to address time-critical challenges in various sectors, such as maritime, disaster management, insurance, and finance.

Our team is a tight-knit group of experts across many disciplines (e.g., engineering, software development, radar technology, etc.). We're innovative, driven people who strive for excellence in everything we do. Teamwork, curiosity, and having fun are core values at ICEYE, and contribute to Making the Impossible possible!!

Why should you work for us?

ICEYE is at the cutting edge of new technology and we are continuing to build and operate our commercial constellation of SAR satellites. Working with ICEYE, you will be part of making the impossible possible, whilst shaping the Earth Observation industry. You will work with varied, diverse and engaged colleagues to further the ICEYE mission. At ICEYE we realise that without great people we can not succeed, therefore you will be an integral, valued and appreciated colleague, with the ability to directly shape the vision and direction of the business.

We actively support Continuous Professional Development, and will provide access to a range of avenues to allow you to succeed, including courses, training and attendance at conferences. ICEYE is a place where your development, your growth and your success is a priority.

What is the role?

You will be a part of a small, dedicated team working on an exciting challenge: developing and maintaining a fully automated orbit determination system for ICEYE's entire fleet of SAR satellites. This system is a critical component of ICEYE's ground segment, since it is required for everything from ground antenna tracking to SAR image processing to propulsion activity planning. We are continuously working to improve the accuracy and reliability of this system while also adding new features and capabilities.

In this role, you will:


 * Work closely with other Flight Dynamics team members to develop and maintain ICEYE's automated orbit determination software
 * Apply problem solving and analysis skills to new issues and feature requests
 * Implement and monitor automated metrics to assess and improve system performance
 * Collaborate with other engineering and operations teams to support satellite launches, propulsion activities, and fleet planning
 * Share Flight Dynamics domain knowledge with the rest of the organization
   
   

Requirements

What will you need to be successful in this role?


 * Degree in Engineering, Physics, Mathematics, Computer Science or similar
 * At least 5 years experience in software engineering
 * At least 5 years experience in the space domain
 * An understanding of core concepts in orbit mechanics and state estimation
 * Proficiency in Python and common mathematics libraries
 * Strong problem solving and analysis skills
 * The ability to explain technical concepts clearly and concisely
 * A collaborative, team-oriented mindset
   
   

In addition, it would be beneficial if you had the following attributes and skills:


 * Experience with AWS, Docker, and Kubernetes
 * Experience with REST API frameworks
 * Experience with databases, especially Postgres and InfluxDB
 * Experience with flight dynamics tools and libraries, especially STK and ODTK
 * Experience with SAR or Optical earth observation systems
   
   

Benefits

What do we offer?


 * A job that matters in a dynamic Earth Observation environment with a scale-up approach
 * An independent role with a supportive and diverse work environment
 * Occupational healthcare, occupational and private insurance
 * A yearly benefit budget to spend as you wish (i.e. on sport, transport, bike benefit, wellness, lunch, etc.)
 * Phone subscription with iPhone of choice
 * Relocation support (i.e. flight tickets, accommodation, relocation agency support)
 * Time for self-development, research, training, conferences, or certification schemes
 * Inspiring and collaborating offices and silent workspaces enable you to focus
 * A wide variety of the best coffee, tea, snacks, and sweets to accompany your daily space mission
 * Base salary range for this position is 4,700 to 5,600 EUR per month (gross) contingent on your experience level, and will be negotiated individually.
   
   

Diversity, equity, and inclusion

At ICEYE, we believe that diversity isn't just a buzzword - it's our greatest asset.

We're committed to fostering an inclusive environment where every voice is not only heard but celebrated. We know that diverse perspectives breed innovation and creativity, which is why we actively seek out individuals from all walks of life, backgrounds, and experiences.

Whatever your background, we want you to bring your authentic self to the table. Join us and be part of a team where differences are not only embraced but cherished, because together, we're stronger.

Apply now to start your ICEYE journey, and help us continue to make the impossible possible together.

Read more about ICEYE and working with us at iceye.com",Associate,3980179570,https://fi.linkedin.com/jobs/view/software-engineer-flight-dynamics-at-iceye-3980179570?trk=public_jobs_topcard-title,"Espoo, Uusimaa, Finland",6 days ago,,,2024-10-05,,Aviation and Aerospace Component Manufacturing,"Software Engineer, Flight Dynamics",Engineering,On-site
Be among the first 25 applicants,EXTERNAL,https://careersatagoda.com/job/6296514-director-of-marketing-innovation-and-strategy-bangkok-based-relocation-provided/?gh_jid=6296514&gh_src=bea0e2cc1,,66719,Agoda,https://sg.linkedin.com/company/agoda?trk=public_jobs_topcard-org-name,Full-time,"About Agoda

Agoda is an online travel booking platform for accommodations, flights, and more. We build and deploy cutting-edge technology that connects travelers with a global network of 4.7M hotels and holiday properties worldwide, plus flights, activities, and more . Based in Asia and part of Booking Holdings, our 7,100+ employees representing 95+ nationalities in 27 markets foster a work environment rich in diversity, creativity, and collaboration. We innovate through a culture of experimentation and ownership, enhancing the ability for our customers to experience the world.

Our Purpose – Bridging the World Through Travel

We believe travel allows people to enjoy, learn and experience more of the amazing world we live in. It brings individuals and cultures closer together, fostering empathy, understanding and happiness.

We are a skillful, driven and diverse team from across the globe, united by a passion to make an impact. Harnessing our innovative technologies and strong partnerships, we aim to make travel easy and rewarding for everyone.

Get to Know our Team:

The Performance Marketing Team of Agoda is a world leader in online marketing. This department is highly data-driven and focused on developing at-scale marketing programs that improve the lifetime value of Agoda customers through measurable marketing programs and channels. The team is a blend of the best analysts, marketing strategists, and data scientists in the world. The marketing leadership at Agoda have deep experience in data science, product, strategy, and other marketing fields and have built an organization that thrives on data, creative ideas, and technology.

The Opportunity:

We’re looking for Director, Marketing Innovation and Strategy to scale and drive growth across business vertical. You will work directly with multiple stakeholders, including executive leadership, product leadership and data analyst teams.

In this role, you will impact Agoda’s business through exploring new opportunities, identifying experiments, analyzing complex scaling challenges, and formulating structure and framework to existing operations. We’re looking for the future leaders who think critically, test, learn from mistakes, and adapt quickly.

This position offers high visibility with senior management and with other departments within the company. This position is based in Bangkok, Thailand.

In this Role, You’ll Get to:


 * Drive business-level vision by providing strategic context to product roadmaps
 * Implement competitive analysis and develop actionable insights on our markets and business trends, and disseminate this knowledge across Agoda to make key decisions
 * Set up operational processes and help our leaders run the business skillfully, which includes clarifying accountability, putting structure and framework, as well as seeing through business-critical success metrics
   
   

What You’ll Need to Succeed:


 * Bachelor’s degree in a quantitative/numerical field; MBA or other advanced technical degree preferred
 * 8+ years’ experience in top-tier management consulting, investment banking, private equity, or strategy/business operations for a fast-growing globally operating tech company
 * Strong analytical abilities, especially with respect to experimental design and analysis
 * Strategic thinking and planning, hands-on mentality
 * Excellent skills in presenting and analyzing data and creating actionable reports
 * Experience in and a passion for projects involving big data and statistical models
 * Excellent interpersonal skills and demonstrated ability to report and persuade different levels, including senior management
   
   

#STRA#ANLS#MRKT#3 #sanfrancisco #sanjose #losangeles #sandiego #oakland #denver #miami #orlando #atlanta #chicago #boston #detroit #newyork #portland #philadelphia #dallas #houston #austin #seattle #washdc #tirana #yerevan #sydney #melbourne #perth #vienna #graz #baku #minsk #brussels #antwerp #ghent #charleroi #saopaolo #sofia #toronto #vancouver #montreal #shanghai #beijing #shenzhen #zagreb #cyprus #prague #Brno #Ostrava #copenhagen #cairo #alexandria #giza #estonia #helsinki #paris #nice #marseille #rouen #lyon #toulouse #tbilisi #berlin #munich #hamburg #stuttgart #cologne #frankfurt #dusseldorf #dortmund #essen #Bremen #leipzig #dresden #hanover #nuremberg #athens #hongkong #budapest #bangalore #newdelhi #jakarta #bali #bandung #dublin #telaviv #milan #rome #naples #turin #palermo #venice #bologna #florence #tokyo #osaka #yokohama #nagoya #okinawa #fukuoka #sapporo #amman #irbid #riga #beirut #tripoli #vilnius #luxembourg #kualalumpur #malta #chisinau #amsterdam #oslo #jerusalem #manila #warsaw #krakow #sintra #porto #braga #cascais #loures #amadora #almada #doha #alrayyan #bucharest #moscow #saintpetersburg #riyadh #jeddah #mecca #medina #belgrade #singapore #bratislava #capetown #johannesburg #seoul #barcelona #madrid #valencia #seville #bilbao #malaga #oviedo #alicante #laspalmas #zaragozbanga #stockholm #zurich #geneva #basel #taipei #tainan #taichung #kaohsiung #Phuket #bangkok #istanbul #ankara #izmir #dubai #abudhabi #sharjah #london #manchester #edinburgh #kiev #hcmc #hanoi #sanaa #taiz #aden #gibraltar #marrakech #lodz #wroclaw #poznan #Gdansk #szczecin #bydgoszcz #lublin #katowice #rio #salvador #fortaleza #brasilia #belo #belem #manaus #curitiba #portoalegre #saoluis data representation data analysis SQL data analytics analytics python (programming language) data mining data science r (programming language) tableau analytical skills data visualization databases business analysis business intelligence (bi) microsoft sql server machine learning statistics microsoft power bi java #flights #newactivities #emailgeek #emailmarketing #emailandcommunication #communicationmarketing #digitalmarketing #integratedmarketing communications #sql #marketinganalytics #performancemarketing

Equal Opportunity Employer

At Agoda, we pride ourselves on being a company represented by people of all different backgrounds and orientations. We prioritize attracting diverse talent and cultivating an inclusive environment that encourages collaboration and innovation. Employment at Agoda is based solely on a person’s merit and qualifications. We are committed to providing equal employment opportunity regardless of sex, age, race, color, national origin, religion, marital status, pregnancy, sexual orientation, gender identity, disability, citizenship, veteran or military status, and other legally protected characteristics.

We will keep your application on file so that we can consider you for future vacancies and you can always ask to have your details removed from the file. For more details please read our privacy policy .

To all recruitment agencies: Agoda does not accept third party resumes. Please do not send resumes to our jobs alias, Agoda employees or any other organization location. Agoda is not responsible for any fees related to unsolicited resumes.

",Associate,4043185075,https://fi.linkedin.com/jobs/view/director-of-marketing-innovation-and-strategy-%E2%80%93-bangkok-based-relocation-provided-at-agoda-4043185075?trk=public_jobs_topcard-title,"Helsinki, Uusimaa, Finland",6 days ago,,,2024-10-04,,"Technology, Information and Internet","Director of Marketing Innovation and Strategy – Bangkok Based, Relocation Provided",Marketing and Sales,On-site
