applicationsCount,applyType,applyUrl,benefits,companyId,companyName,companyUrl,contractType,description,experienceLevel,id,jobUrl,location,postedTime,posterFullName,posterProfileUrl,publishedAt,salary,sector,title,workType,work_arrangement
Be among the first 25 applicants,EXTERNAL,https://peoplecounter.io/blogs/news-room/apply-for-deployment-engineer-position,,90241187,Supersight,https://www.linkedin.com/company/supersight-ai?trk=public_jobs_topcard-org-name,Part-time,"About Us:

Supersight is a leading developer of privacy-preserving computer vision technology. Based in Finland, the company is committed to developing cutting-edge technology that ensures 100% privacy, makes everyday life easier, brings efficiency and prevents climate change.

Position Overview:

We are seeking a versatile Deployment Engineer to join our team. In this role, you’ll travel to customer sites for installations, perform maintenance, and troubleshoot issues. You’ll also support our machine learning (ML) development by assisting with data collection and testing.

Key Responsibilities:

 * On-site Maintenance: Conduct site surveys, install hardware, perform maintenance, test accuracy, and update documentation.
 * Testing: Implement physical testing of new AI models, app versions, external housing designs, and different phone models. Test for accuracy across a variety of use cases.

Qualifications:

 * Trade skills: Some practical experience in a relevant trade (e.g., electrical work, plumbing, network maintenance, or construction) and aren't afraid to get your hands dirty solving real-world problems. 
 * Installation Superstar: With your sharp eye for detail and efficiency, you are consistently delivering high-quality results. Everything works perfectly, and it looks great, too. 
 * Safety Guru: You’re the master of safe work practices, with a sixth sense for spotting hazards before they happen. From PPE to electrical safety, you know how to keep the jobsite secure and everyone safe. 
 * Driver: Must be willing and able to drive to various customer locations as part of the job requirements. 

Good to have:

 * Apprenticeships, certifications, or accreditations relating to on-site hands-on work. 

Why Join Us?

 * Work with cutting-edge AI/ML technologies. 
 * Contribute to revolutionary privacy-preserving computer vision solutions. 
 * Be part of a dynamic, fast-growing startup with a mission to enhance efficiency and combat climate change. 
 * Inclusive and supportive workplace environment. 

Apply Now:

Join us at Supersight and help shape the future of AI-powered computer vision technology. Be part of a team that values innovation, privacy, and sustainability. Contact william.hammersley@supersight.fi ",Entry level,4042229807,https://fi.linkedin.com/jobs/view/deployment-engineer-at-supersight-4042229807?trk=public_jobs_topcard-title,"Helsinki, Uusimaa, Finland",3 days ago,William Hammersley,https://fi.linkedin.com/in/willhammersley,2024-10-07,,Information Services,Deployment Engineer,Information Technology,On-site
