applicationsCount,applyType,applyUrl,benefits,companyId,companyName,companyUrl,contractType,description,experienceLevel,id,jobUrl,location,postedTime,posterFullName,posterProfileUrl,publishedAt,salary,sector,title,workType,work_arrangement
Be among the first 25 applicants,EXTERNAL,https://jobs.helsinki.fi/job/Helsinki-Postdoctoral-Researcher%2C-N2O-Predict/803788102/?feedId=350602&utm_source=CareerSite_UniversityOfHelsinki,,4273,University of Helsinki,https://fi.linkedin.com/school/university-of-helsinki/?trk=public_jobs_topcard-org-name,Contract,"The Faculty of Agriculture and Forestry invites applications for the position of a

Postdoctoral Researcher, N2O-Predict

The postdoctoral researcher will be appointed for a fixed-term of 36 months (start date: 1 November 2024 or as agreed with the appointee) to work in Research Council of Finland funded project N2O-Predict ( Predicting episodic N2O emissions from northern agricultural soils ). The postdoctoral researcher will join a multidisciplinary team of around 10 scientists studying the exchange of greenhouse gases nitrous oxide (N2O) and methane (CH4) in agricultural, forest and peatland ecosystems, with the focus in processes and drivers of the emissions and uptake in soil-plant systems.

N2O -Predict is a consortium project that brings together a multidisciplinary team of scientists from University of Helsinki, University of Eastern Finland, Natural Resources Institute Finland and Finnish Meteorological Institute, all working at INAR RI Agriculture infrastructures ( https://www.helsinki.fi/en/infrastructures/inar-ri-agriculture ). The main aim of the N ₂ O-Predict is 1) to quantify the seasonality, budgets and drivers of N ₂ O emissions in northern agricultural soils, 2) to reveal the legacy effects of agricultural management and weather on N ₂ O forming processes and episodic N ₂ O emissions, 3) to integrate the new understanding to biogeochemical process models and 4) to predict N ₂ O emissions in northern agricultural soils in future conditions.

Do you want to be part of our dream team?

Tasks of the postdoctoral researcher at the University of Helsinki will be to


 * analyze the multi-year N2O eddy covariance data together with comprehensive soil and meteorological data from SMEAR-Agri supersite ( https://www.atm.helsinki.fi/smear/smear-agri/ ) ,
 * publish and present the findings in high-impact scientific journals and international meetings,
 * participate in planning and supervising laboratory and field experiments on episodic N2O emissions,
 * take an active role in group work, supervision of students and interaction between the consortium partners to facilitate direct interplay between the experimental work and modelling.
   
   
   

We are seeking a highly motivated researcher with a recent Ph.D. in the subject area in micrometeorology, atmospheric sciences, terrestrial ecology, biogeochemistry, soil science, or other relevant fields. Experience in supervising MSc and/or PhD students, an excellent publication record, ability to work independently as part of a multidisciplinary research group are essential. Programming skills and an interest towards learning new data analysis tools are assets.

This project is affiliated to the Institute for Atmospheric and Earth System Research (INAR). We offer an internationally competitive package and access to state-of-the-art infrastructures (such as ICOS, Integrated Carbon Observation System, https://www.icos-ri.eu/ ).

The salary of the postdoctoral researcher is based on level 5 of the requirement level chart for teaching and research personnel in the salary system of Finnish universities. In addition, the appointee will be paid a personal salary component. The monthly salary in a full-time postdoctoral researcher position is usually about 3 500 – 3 700 euros/month, depending on the appointee’s qualifications and experience.

The University of Helsinki offers comprehensive services to its employees, including occupational health care and health insurance, a generous holiday package, sports facilities, and opportunities for professional development. A six-month trial period will be applied.

How To Apply

Please submit your application as a single pdf file in English using the University of Helsinki Recruitment System.

The application should consist of:


 * A concise cover letter explaining the applicant’s motivation for the research work.
 * Curriculum vitae showing the applicant's education, completed qualifications, work experience (max 3 pages)
 * contact information of at least two persons for references
   
   
   

Please submit your application using the University of Helsinki Recruitment System via the Apply Now button.

Applicants who have a helsinki.fi username and a valid employment contract, a grant researcher's contract or a visiting researcher's contract at the University of Helsinki are requested to submit their application by using the Employee login.

The University of Helsinki welcomes applicants of any gender and age, linguistic or cultural background, or minority group.

The closing date for applications is 15 October 2024 at 23:59 EEST (i.e. local time in Helsinki)

Further information


 * For questions regarding the project: Professor Mari Pihlatie, mari.pihlatie@helsinki.fi
 * For questions regarding the recruitment system: HR Specialist Mirkka Juntunen, mirkka.juntunen(at)helsinki.fi, tel +358505560748
 * Viikki Campus: https://www.helsinki.fi/en/about-us/campuses/viikki-campus
 * Support for international staff: https://www.helsinki.fi/en/about-us/careers/welcome and https://ihhelsinki.fi (International House Helsinki)
   
   
   

About Us

Work will take place at the department of Agricultural Sciences ( https://www.helsinki.fi/en/faculty-agriculture-and-forestry/research/agricultural-sciences ) a part of the Faculty of Agriculture and Forestry ( https://www.helsinki.fi/en/faculty-agriculture-and-forestry ), nationally unique faculty with a high international standing. The mission of the faculty is to promote the sustainable use of renewable natural resources through scientific research and research-based teaching. We focus on agricultural and forest sciences, food and nutrition, microbiology, as well as on economics and management.",Entry level,4032895212,https://fi.linkedin.com/jobs/view/postdoctoral-researcher-n2o-predict-at-university-of-helsinki-4032895212?trk=public_jobs_topcard-title,"Helsinki, Uusimaa, Finland",1 week ago,,,2024-10-02,,Higher Education,"Postdoctoral Researcher, N2O-Predict","Research, Analyst, and Information Technology",On-site
Be among the first 25 applicants,EXTERNAL,https://jobs.helsinki.fi/job/Tv%C3%A4rminne-Postdoctoral-Researcher-in-Molecular-Food-Web-Ecology/802189202/?feedId=350602&utm_source=CareerSite_UniversityOfHelsinki,,4273,University of Helsinki,https://fi.linkedin.com/school/university-of-helsinki/?trk=public_jobs_topcard-org-name,Contract,"The Faculty of Biological and Environmental Sciences and Academy Research Fellow Dr. Susanne Kortsch are seeking a Postdoctoral researcher. The position is funded by the Research Council of Finland project entitled ‘Heatwave-driven rewiring of coastal food webs`. The overarching aim of this project is to predict how coastal ecosystems respond to marine heatwaves, a common feature of climate change and one of the most pervasive threats to marine biodiversity globally.

Postdoctoral researcher in experimental and molecular food web ecology

The postdoctoral project will contribute to developing a framework for predicting the rewiring of coastal food webs exposed to heatwaves. This will be achieved through a combination of approaches: mesocosm experiments, DNA sequencing, and food web modeling.

Mesocosm experiments are valuable because they can mimic the complexity of natural ecosystems, enabling us to unravel how these complex systems might respond to future environmental conditions. Metabarcoding, on the other hand, offers high taxonomic resolution in revealing who feeds on whom (both prokaryote and eukaryote) within a community. The modeling component of the project will integrate the metabarcoding outputs from the experiments into a bioenergetic food web model to quantify ecosystem functioning and stability.

Specifically, we aim to:


 * Quantify shifts in species dietary preferences under climate warming and resource availability scenarios.
 * Analyze trophic rewiring in mesocosm food webs under heatwave scenarios.
 * Assess the implications of these changes for coastal ecosystem functioning and stability.
   
   
   

This novel methodological framework, which combines aquatic mesocosm experiments with metabarcoding and food web modeling, will provide a mechanistic understanding of how coastal ecosystems respond to rapidly intensifying heatwaves. The insights gained from this research are critical for managing and safeguarding our coastal marine ecosystems.

The focus of the specifics of the research questions and the experimental setup will be developed jointly with the candidate, largely driven by the candidate’s research profile and interest.

Position Requirements


 * A completed Ph.D. in Molecular Ecology, Environmental Microbiology , Experimental Community Ecology, Food Web Ecology, or a related field
 * Demonstrated expertise in molecular community or environmental ecology (e.g., DNA/eDNA metabarcoding), experimental ecology, or preferably both
 * Strong conceptual, analytical, and quantitative skills; Proficiency in programming (e.g., R or other relevant software) and statistical analysis
 * Experience with interdisciplinary research (e.g., experimental and molecular ecology or molecular ecology and modeling) is advantageous, as is an aptitude for acquiring new skills
 * Excellent communication skills in English, both spoken and written
 * Proven ability to conceive, execute, and complete complex research projects
 * A creative mind-set, with the ability to work effectively and both independently and as part of a team
   
   
   

What We Offer


 * A fully funded 3-year postdoctoral position at the University of Helsinki at Tvärminne Zoological Station; ( https://www.helsinki.fi/en/research-stations/tvarminne-zoological-station ) with a start date from 01.12.2024 (or as mutually agreed)
 * Start salary range (3625–4060 euros) depending on experience level and personal performance
 * An exciting opportunity to conduct novel and impactful research in a supportive and stimulating environment
 * Exceptional scope for collaboration, with planned research visits to leading international research groups in the field
 * Plenty of opportunities to attend international conferences to build your scientific network
 * Access to state-of-the-art resources and excellent support to further learning and professional development
   
   
   

The University of Helsinki offers comprehensive services to its employees, including occupational health care and health insurance, unemployment and pension fund, a generous holiday package, sports facilities, and opportunities for professional development ( https://www.helsinki.fi/en/about-us/careers ).

How To Apply


 * Motivation Letter (max 2 pages). Outline your research interests and explain why you are interested in this position, and highlight your background and experiences relevant to the project:
 * Provide a brief description of your research interests and how they align with the objectives of this project.
 * Describe the background and expertise that make you a strong candidate for this position.
 * Include examples of previous work that demonstrate your analytical and quantitative skills, particularly in relation to the methods and approaches outlined in the project description.
 * Curriculum vitae (max 3 pages)
 * Publication list
 * Contact information of two persons who are willing to provide a reference letter by separate request
   
   
   

External applicants, please submit your application using the University of Helsinki Recruitment System via the Apply Now button.

Applicants who have a helsinki.fi username and a valid employment contract, a grant researcher's contract or a visiting researcher's contract at the University of Helsinki are requested to leave their application by using the Employee Login button.

We will process applications already during the application period and the position will be filled as soon as a suitable candidate is found.

Further information


 * About the position: Dr. Susanne Kortsch, susanne.kortsch@helsinki.fi
 * Recruitment system: HR Specialist Harri Hamara, harri.hamara@helsinki.fi or HR
 * Viikki Campus: https://www.helsinki.fi/en/about-us/campuses/viikki-campus
 * Support for international staff: https://www.helsinki.fi/en/about-us/careers/welcome and https://ihhelsinki.fi (International House Helsinki)
 * Why choose University of Helsinki: https://www.helsinki.fi/en/about-us/careers/why-university-helsinki
 * Faculty of Biological and Environmental Sciences: https://www.helsinki.fi/en/faculty-biological-and-environmental-sciences
   
   
   

The closing date for applications is 15th October 2024 at 23:59 EEST.",Entry level,4013838104,https://fi.linkedin.com/jobs/view/postdoctoral-researcher-in-molecular-food-web-ecology-at-university-of-helsinki-4013838104?trk=public_jobs_topcard-title,"Helsinki, Uusimaa, Finland",4 weeks ago,,,2024-09-12,,Higher Education,Postdoctoral Researcher in Molecular Food Web Ecology,"Research, Analyst, and Information Technology",On-site
Be among the first 25 applicants,EXTERNAL,https://jobs.helsinki.fi/job/Helsinki-Postdoctoral-Researcher-on-Philosophy-of-Loneliness/804161002/?feedId=350602&utm_source=CareerSite_UniversityOfHelsinki,,4273,University of Helsinki,https://fi.linkedin.com/school/university-of-helsinki/?trk=public_jobs_topcard-org-name,Contract,"The Faculty of Social Sciences at the University of Helsinki invites applications for the position of     

    

POSTDOCTORAL RESEARCHER ON Philosophy of Loneliness. Phenomenological Inquiries into the Social and Affective Dimensions of Experiencing a Lack of Meaningful Connection

    

for a fixed term period for the duration of 2 years, starting in March 2025 or as agreed.

This position is part of a Research Council of Finland project awarded to Research Fellow Sanna Tirkkonen (Principal Investigator) for a project on philosophy of loneliness.

THE PROJECT

The research project Philosophy of Loneliness: Phenomenological Inquiries analyzes loneliness through philosophical means. Today, loneliness is recognized as a serious social problem and a specific form of emotional distress, studied within a multidisciplinary field of research. However, the renewed interest among philosophers in loneliness has brought to light the complexity and diversity of the phenomenon. Some researchers have defined loneliness as an emotional experience of absence, others as an existential feeling, and some as an overarching experiential structure that frames the possibilities of perceiving oneself, others, and one’s lived reality. In addition, critical approaches have emphasized the importance of shifting the focus from the individual to social structures and harmful environments that contribute to loneliness.

The Philosophy of Loneliness project develops a new research paradigm at the intersection of philosophical studies of loneliness, critical phenomenology, and the philosophy of emotion. This framework is particularly useful for analyzing how experiences of loneliness are shaped by social interactions. The project addresses questions such as: In what sense is loneliness a socially embedded phenomenon? How does loneliness emerge in specific types of interaction? How are socially shaped, normative expectations of relationships present in experiences of loneliness? In this context, the project also explores the experiential links between loneliness and antagonistic emotions such as anger, misogyny, and hatred. What types of emotional environments and social dynamics are involved when loneliness accumulates into hostile emotions? The developed framework thus challenges individualistic conceptions of loneliness and promotes more nuanced, critical ways of understanding and analyzing the phenomenon.

THE CANDIDATE

The postdoctoral researcher working on this project is expected to have a doctoral degree in philosophy with a specialisation in relevant areas (e.g. phenomenology, post-structuralism, hermeneutics, existentialism, enactivism, philosophy of emotions, social/critical theory, or political philosophy). It will also be considered an advantage if the applicant possesses relevant knowledge and skills for building bridges between philosophy and other fields of loneliness research, such as the history of emotions, psychology, psychotherapy, literary studies, political science, gender studies, or media studies. Other areas of research will also be considered.

The default assumption is that the doctoral degree requirement must be met by the beginning of the employment. The period following the completion of doctoral degree must not exceed three years, excluding family leave and equivalent periods of absence. Applicants must have strong skills in philosophical writing and an excellent command of written and spoken English.

 

Successful applicants will demonstrate excellent methodological and academic writing skills. Strong organizational skills are required in order to plan and conduct work independently. As the postdoctoral researcher will work as part of a project and with students, it is essential that applicants demonstrate good communication skills.

Responsibilities

The main task of the appointed researcher is to coordinate and conduct philosophical research. The post-doctoral fellow will play a pivotal role in project implementation individually and jointly. In addition, the researcher will actively contribute to teaching and administrative tasks in the discipline of Practical Philosophy at the University of Helsinki (up to 5% of their working time annually) and participate in organizing a conference on the topic. It is possible to complete the teaching and administrative tasks through English.

 

What We Offer  

 

University of Helsinki is an equal opportunity employer and offers an attractive and diverse workplace with a variety of development opportunities and benefits. The annual gross salary range will be approx. €43,500 – €47,000, depending on the appointee’s qualifications and experience. Standard Finnish pension benefits and occupational health care are provided for university employees. Further information can be obtained online . The employment contract will include a probationary period of six months.

 

Finland is a member of the European Union, has high quality free schooling (also in English) and generous family benefits and healthcare. Finland was recently ranked as the best country in the world for expat families, and Helsinki in the world’s top ten most livable cities. Finland and the Helsinki region feature leading research and innovation facilities, clean environment, affordable accommodation, and excellent international, national, and local transport connections. For more information about working at the University of Helsinki and living in Finland, please see the website .

The chosen applicant is expected to reside in Finland while employed by the University of Helsinki. The Faculty of Social Sciences provides assistance in relocation. 

How To Apply  

The University of Helsinki welcomes applicants from a variety of genders, linguistic and cultural backgrounds, and minorities.

 

Please submit your application, together with the required attachments, through the University of Helsinki Recruitment System via the link ""Apply now"" (“Hae nyt”). Use your current email address to register to the Recruitment System. Only applicants who are currently employed by the University of Helsinki are requested to submit their application via the link “Employee login”. The closing date for applications is 28 October 2024.

 

Applicants are requested to enclose with their applications the following documents in English:

 


 * A curriculum vitae that includes all publications and positions 2) A statement outlining how the applicant would contribute to the loneliness project (max 2 pages), and 3) A writing sample (ONE published work such as article or book chapter OR a chapter from PhD).
   
   
   

Shortlisted candidates will be interviewed in November.

 

FURTHER INFORMATION

 

Further information about the positions and the research project may be obtained from Research Fellow Sanna Tirkkonen, sanna.tirkkonen@helsinki.fi.

The Faculty of Social Sciences is Finland’s leading research and education institute in the social sciences, and the country’s most diverse social sciences faculty in terms of the range of its disciplines and fields of research. The Faculty has a strong international research profile and an international master’s programme, and several of its disciplinary units have been rated among the top 50 in the world.  The Faculty has approximately 500 research and teaching staff, and each year it awards some 350 bachelor’s degrees, 400 master’s degrees and more than 40 doctoral degrees.",Entry level,4036765449,https://fi.linkedin.com/jobs/view/postdoctoral-researcher-on-philosophy-of-loneliness-at-university-of-helsinki-4036765449?trk=public_jobs_topcard-title,"Helsinki, Uusimaa, Finland",3 days ago,,,2024-10-07,,Higher Education,Postdoctoral Researcher on Philosophy of Loneliness,"Research, Analyst, and Information Technology",On-site
Be among the first 25 applicants,EXTERNAL,https://jobs.helsinki.fi/job/Helsinki-Postdoctoral-Researcher-on-Queer-perspectives-for-just-sustainability-transformations/804684102/?feedId=350602&utm_source=CareerSite_UniversityOfHelsinki,,4273,University of Helsinki,https://fi.linkedin.com/school/university-of-helsinki/?trk=public_jobs_topcard-org-name,Contract,"The Faculty of Social Sciences at the University of Helsinki invites applications for the position of

POSTDOCTORAL RESEARCHER on Understanding and redefining just sustainability transformations from queer perspectives

for a fixed term period for the duration of 3 and half years, starting in January 2025 or as agreed.

This position is part of an ERC Consolidator Grant awarded to Associate Professor Guido Caniglia (Principal Investigator) for the project: “Whose sustainability? Understanding and redefining just sustainability transformations from disability and queer perspectives” (WEIRD) (see further information below).

By foregrounding and leveraging disability and queer perspectives around environmental sustainability, WEIRD aims to (a) critically appraise the way in which we usually think about sustainability transformations, (b) empirically understand how people with disability and from gender and sexual minorities are enacting and prefiguring alternative, just, and more environmentally sustainable futures, and (b) creatively redefine and generate new theories of justice in sustainability transformations (see: TOPIC and OBJECTIVES below for more details). The research design of the project is organized in two main tracks: the first looking at the intersection of environmental sustainability and disability and the second investigating the intersection of environmental sustainability and queer (see: APPROACH AND RESEARCH DESIGN below for more details).

Responsibilities

The postdoctoral researcher will have to be able to engage actively and creatively with the complex inter and transdisciplinary design of the project as well as to conduct empirical and theoretical work (see: APPROACH AND RESEARCH DESIGN below for more details). Under the guidance and direction from the Principal Investigator, the postdoctoral researcher will be in charge of conducting research in the queer track of WEIRD as well as to coordinate synergies with the disability track of the project. The main tasks for the researcher over the three and half years years duration of the contract will be:


 * First, to lead an interdisciplinary literature review about the intersection of queer justice and environmental issues.
 * Second, to design and implement the empirical investigation of one initiative or a series of initiatives that engage with environmental issues in transformative ways from queer perspectives.
 * Third, to work on the theoretical synthesis of the results from the empirical investigations towards the redefinition of just sustainability transformations from queer perspectives.
 * Fourth, to scope, map, and collect initiatives at the disability and queer environmental intersection globally for the development of an Atlas of disability and queer environmental initiatives around environmental sustainability.
 * Fifth, to contribute to the development of ethical and methodological principles and guidelines for disability and queer (transformative) environmental research.
   
   
   

Over the course of the three years, the researcher will also be able to develop their own line of investigation about the intersection of queer and sustainability justice. They will do so from their own specific disciplinary background and interest (e.g., from the perspective of environmental philosophy or political ecology).

In addition, the researcher will actively contribute to teaching, PhD supervision within WEIRD, and administrative tasks in the discipline of Social and Public Policy at the University of Helsinki (up to 5% of their working time annually). It is possible to complete the teaching and administrative tasks in English.

Qualifications

An appointee to the position must hold a doctoral degree in one of the environmental humanities (e.g., environmental ethics, philosophy of science, environmental history) or in one of the environmental social sciences (e.g., ecological economics, environmental sociology, political ecology). The appointed researcher will also have a strong motivation to develop their profile more at the interdisciplinary intersection with queer or gender studies.

The default assumption is that the doctoral degree requirement must be met by the beginning of the employment. The period following the completion of doctoral degree must not exceed three years, excluding family leave and equivalent periods of absence. Applicants must have strong theoretical interests, qualitative methods skills and an excellent command of written and spoken English.

Essential Qualities And Attributes

Overall, the post-doctoral researcher will have:


 * strong theoretical and philosophical knowledge and skill.
 * experience in qualitative, mixed-methods research (or willingness to strengthen this methodological skill).
 * Capacity to work collaboratively in a diverse and interdisciplinary research group.
 * Ethical sensitivity and competence to work with vulnerable populations and minorities.
   
   
   

Successful applicants will demonstrate excellent methodological and academic writing skills. Strong organizational skills are required in order to plan and conduct fieldwork independently as well as to contribute to the organization and facilitation of workshops. As the postdoctoral researchers will also be working as a team with other researchers, including PhD students, it is essential that applicants demonstrate excellent collaboration and communication skills.

What We Offer

University of Helsinki is an equal opportunity employer and offers an attractive and diverse workplace with a variety of development opportunities and benefits. The annual gross salary range will be approx. €43,000 – €48,000, depending on the appointee’s qualifications and experience. Standard Finnish pension benefits and occupational health care are provided for university employees. Further information can be obtained online . The employment contract will include a probationary period of six months.

Finland is a member of the European Union, has high quality free schooling (also in English) and generous family benefits and healthcare. Finland was recently ranked as the best country in the world for expat families, and Helsinki in the world’s top ten most livable cities. Finland and the Helsinki region feature leading research and innovation facilities, clean environment, affordable accommodation, and excellent international, national, and local transport connections. For more information about working at the University of Helsinki and living in Finland, please see the website .

The chosen applicants are expected to reside in Finland while employed by the University of Helsinki. The Faculty of Social Sciences provides assistance in relocation.

How To Apply

The University of Helsinki welcomes applicants from a variety of genders, linguistic and cultural backgrounds, and minorities.

Please submit your application, together with the required attachments, through the University of Helsinki Recruitment System via the link ""Apply now"" (“Hae nyt”). Use your current email address to register to the Recruitment System. Only applicants who are currently employed by the University of Helsinki are requested to submit their application via the link “Employee login”. The closing date for applications is October 31, 2024.

Applicants are requested to enclose with their applications the following documents in English:


 * A curriculum vitae that includes all publications and the names, positions and contact details of two referees; 2) A cover letter (max 1 page) highlighting their motivation to be part of WEIRD as well as capacities and qualities that make them an good fit with the project ; 3) A statement (max 2 pages) outlining how the applicant would address the tasks highlighted in the section RESPONSIBILITIES, 4) A statement (max 1 page) about how they would contribute to the development of the intersection of queer and environmental issues from their own research and disciplinary background.
   
   
   

Shortlisted candidates will be interviewed in November.

FURTHER INFORMATION

Further information about the positions and the research project may be obtained from Associate Professor Guido Caniglia, guido.caniglia(at)helsinki.fi.

Topic and oblectives of the project

A major adagio of the Sustainable Development Goals is “Leave no one behind” implying that actions addressing the sustainability challenges of our time should not be only ecologically beneficial, but also emancipatory for the most vulnerable and marginalized. Yet, many vulnerable and marginalized groups are often left behind in sustainability research and actions. Despite the increasing engagement of disabled and queer scholars and societal actors for environmental and climate justice, their voices are rarely considered in research and action on sustainability transformations. Using an inter and transdisciplinary approach, this project aims to understand and redefine the often-neglected contributions of disability and queer scholarship and societal initiatives around sustainability towards new theories, methodologies, and ethics of just and emancipatory sustainability transformations. WEIRD will: (1) overcome the fragmentation of disability and queer scholarship around sustainability; (2) explain how disability and queer societal initiatives contribute to just sustainability transformations by subverting ableistic and cis/heteronormative social norms; (3) develop new theories of emancipatory sustainability transformations that rely on subversive social norms; (4) generate new transformative methodologies in sustainability science; (5) redefine transformative justice for sustainability and the ethics of sustainability science.This project is groundbreaking because it will generate new theories, methodologies and ethics to systematically integrate issues of justice and emancipation in the study of sustainability transformations that are anchored in, but not limited to, disability and queer perspectives. Overall, through the synergistic achievement of all its objectives, WEIRD will enhance the potential of sustainability science to generate new knowledge about and for just sustainability transformations.

Approach and research design of the project

The research design of the project is organized in two main tracks: the first looking at the intersection of environmental sustainability and disability and the second investigating the intersection of environmental sustainability and queer. Both tracks are highly interdisciplinary as it engages in integrated ways with different academic disciplines. WEIRD is situated in the emerging field of transformative and transdisciplinary sustainability science includes approaches, for example, from the environmental humanities, political ecology, philosophy of science, science and technology studies, social-ecological system research and many more. Furthermore, as WEIRD explicitly engages issues of justice, emancipation, and transformation from disability and queer perspectives, it also engages with disability studies, queer studies and gender studies. The project also has transdisciplinary elements as it will involve practitioners, activists, researchers and societal actors from the sustainability, disability and queer communities towards the co-creation of new theories and methodologies.

The two tracks of the project also combine theoretical and empirical elements. The initial and final phases of the project are more theoretical. At the beginning, most work is going to be about scoping and synthetizing existing works at the intersection disability studies and queer studies, respectively, with environmental sustainability. In the final stages, the synthesis and theoretical integration of insights will also require theoretical engagement. The middle phases of the project aim to empirically understand the wide variety of initiatives and experiences that people with disabilities and people from gender and sexual minorities are engaging with to enact, envision, and rethink sustainability transformations that engage with disability and queer justice as well as with environmental sustainability.

The Faculty of Social Sciences

The Faculty of Social Sciences is Finland’s leading research and education institute in the social sciences, and the country’s most diverse social sciences faculty in terms of the range of its disciplines and fields of research. The Faculty has a strong international research profile and an international master’s programme, and several of its disciplinary units have been rated among the top 50 in the world. The Faculty has approximately 500 research and teaching staff, and each year it awards some 350 bachelor’s degrees, 400 master’s degrees and more than 40 doctoral degrees.",Entry level,4043023241,https://fi.linkedin.com/jobs/view/postdoctoral-researcher-on-queer-perspectives-for-just-sustainability-transformations-at-university-of-helsinki-4043023241?trk=public_jobs_topcard-title,"Helsinki, Uusimaa, Finland",3 days ago,,,2024-10-07,,Higher Education,Postdoctoral Researcher on Queer perspectives for just sustainability transformations,"Research, Analyst, and Information Technology",On-site
Be among the first 25 applicants,EXTERNAL,https://jobs.helsinki.fi/job/Helsinki-Doctoral-Researcher%2C-Boreal-Peatlands/803576202/?feedId=350602&utm_source=CareerSite_UniversityOfHelsinki,,4273,University of Helsinki,https://fi.linkedin.com/school/university-of-helsinki/?trk=public_jobs_topcard-org-name,Contract,"Faculty of Science invites applications for

Doctoral Researcher in Boreal peatlands

starting earliest in November 2024 in a fixed term contract of 3 years.

Background

Boreal peatlands store vast amounts of carbon and are important carbon sinks that help mitigate global warming. Increasing drought in the boreal zone threatens these carbon sinks as limited water availability can drastically reduce plant production. The water use strategies of boreal peatland plants in response to drought and their impact on peatland production, however, are largely unknown. Therefore, we urgently need to understand the water use of peatland plants and its implications for peatland carbon sink potentials. To address this knowledge gap, our project will assess the drought response of distinct peatland types, i.e., pristine and forestry-drained peatlands.

We will systematically characterize the impact of plant water use strategies on peatland productivity by combining 1) novel in-situ water stable isotope methods and state-of-the-art machine learning techniques for process understanding with 2) eddy-covariance carbon and water flux monitoring and multi-sensor remote sensing for vegetation and soil water dynamics. We will integrate our results in a process-based land surface model to provide improved predictions for future carbon emissions of boreal peatlands. The doctoral researcher will work with the extensive observations collected during the project. The observations include novel in situ plant and soil water isotope data, greenhouse gas exchange measurements, as well as ecosystem level eddy covariance measurements, collected at different peatland sites. The doctoral researcher will actively conduct and participate in observations.

The doctoral researcher will work as part of the new Academy of Finland fellowship PeatStress. The position will be located in the micrometeorology group at INAR. The work will be done in close collaboration with the Finnish Meteorological Institute, the German Aerospace Center (Munich, Germany) and University College Dublin (Ireland), including visits to our collaborators.

We are seeking a talented and motivated doctoral researcher (PhD student), who recently completed their MSc degree in the field of Meteorology, Environmental Sciences, Hydrology, Geography, Environmental Data Sciences, or similar areas. MSc students near the completion of their degree are also encouraged to apply.

The candidate should have:


 * Willingness to pursue a PhD degree in environmental sciences or meteorology.
 * Some experience in programming (e.g., R, python) and statistical analysis of scientific data.
 * Experience in working with remote sensing data (e.g., with products from Copernicus) as well as greenhouse gas measurements (e.g. eddy covariance, chamber, sap flux) is an asset.
 * Willingness and suitability for field work, with partially long working days.
 * Driver’s license class B.
 * Sufficient skills in written and spoken English.
 * Interest in doing research and ability to independent creative thinking, combined with good self-discipline and reasonable communication skills.
 * Enjoy working collaboratively.
   
   
   

What We Can Offer


 * A 3-year PhD student position, an extension to 4 years is planned and will be applied for
 * Starting salary of ca. 2600-2800 € per month, depending on the appointees’ qualifications and experience
 * A multi-disciplinary research environment at the University of Helsinki Kumpula Campus, which also hosts the FMI headquarters
 * Flexibility between on-site and remote working
 * Desk space and sufficient computing resources
   
   
   

The appointee should either already have the right to pursue a doctoral degree at the University of Helsinki by the start of the appointment or apply for the right and obtain it within the probationary period of six months of their appointment. If the candidate does not already have the right to pursue a doctoral degree at the University of Helsinki, it must be applied for separately, please see more information here . The requirements for pursuing a doctoral degree at the University of Helsinki can be found here .

The candidate will get a chance to attend international conferences and present their scientific work in local and international meetings. As an employee of the University of Helsinki, researcher will receive occupational health care, and will be entitled to sports facilities, and opportunities for professional development. The doctoral researcher position will start earliest in November 2024 (or as soon as the position is filled). The position is initially for 3 years but an extension to 4 years is planned. The employment contract will include a probationary period of six months.

Research environment

Finland is a member of EU, has high quality free schooling (also in English), generous family benefits and healthcare, and was recently ranked as the best country in the world for expat families and in the world’s top ten most livable cities. Finland and the Helsinki region possess top expertise in sciences in terms of a vibrant talent pool, leading research, strong support services and functioning collaboration networks. For more information about working at the University of Helsinki and living in Finland, please see here .

The starting salary of the doctoral researcher will be ca. 2600-2800 €/month, depending on the appointees’ qualifications and experience. Furthermore, the University of Helsinki offers comprehensive services to its employees, including occupational health care and health insurance, sports facilities, and opportunities for professional development. The University of Helsinki welcomes applicants of any gender and age, linguistic or cultural background, or minority group. Click this link to read about accessibility and inclusivity at our University .

How To Apply

Please submit all files using the University of Helsinki Recruitment System by clicking the button “Apply now”. Applicants who are employees of the University of Helsinki are requested to leave their application via SAP Fiori. Deadline for applications is 21 October 2024, or until a suitable candidate is found. The selected candidates will be contacted personally and will be invited for an interview.

The application should include:


 * A short motivation letter (max. 1 page), clearly highlighting research/educational accomplishments,
 * Your CV (max. 2 pages), clearly highlighting earlier relevant experience in environmental sciences.
 * Bachelors/Masters degree grade card including Bachelors/Masters thesis topic and its grade
 * Publication list (if applicable)
 * Names and contact details of 2 references.
   
   
   

For further information, please contact Dr. Angelika Kübert, angelika.kuebert(at)helsinki.fi.

Institute for Atmospheric and Earth System Research (INAR) is a large multidisciplinary research unit based in physics, chemistry, meteorology, forest sciences, environmental sciences and social sciences in the University of Helsinki. INAR aims to strengthen the internationally leading, integrated multidisciplinary research and education environment for atmospheric and Earth system science and to feed in scientific results for the national and international environment and climate policy. It performs multiscale research from molecular to global scale and focuses on climate change, air quality, biogeochemical cycles and ecosystem processes.

JOIN US TO BUILD A BETTER WORLD – TOGETHER!

#HelsinkiUniCareers",Mid-Senior level,4030159785,https://fi.linkedin.com/jobs/view/doctoral-researcher-boreal-peatlands-at-university-of-helsinki-4030159785?trk=public_jobs_topcard-title,"Helsinki, Uusimaa, Finland",1 week ago,,,2024-10-01,,Higher Education,"Doctoral Researcher, Boreal Peatlands","Research, Analyst, and Information Technology",On-site
