applicationsCount,applyType,applyUrl,companyId,companyName,companyUrl,contractType,description,experienceLevel,jobUrl,location,postedTime,posterFullName,posterProfileUrl,publishedAt,salary,sector,title,workType,work_arrangement
Be among the first 25 applicants,EXTERNAL,https://jobs.helsinki.fi/job/Helsinki-Postdoctoral-Researcher-in-Minority-Stress-and-Gendered-Lives-of-Same-Sex-Couples/801865702/?feedId=350602&utm_source=CareerSite_UniversityOfHelsinki,4273,University of Helsinki,https://fi.linkedin.com/school/university-of-helsinki/?trk=public_jobs_topcard-org-name,Contract,"The Faculty of Social Sciences at the University of Helsinki invites applications for the position of

POSTDOCTORAL RESEARCHER

for a fixed term period of 2 years, starting as agreed.

The Faculty of Social Sciences is looking for a postdoctoral researcher to work in the “Minority stress and gendered lives of same-sex couples and their children in Finland (MISTLIFE)” project financed by the Research Council of Finland. The principal investigator (PI) of the project is Dr Elina Einiö.

The project aims to provide insight into how the changing social environment has shaped the lives of gay men and lesbian women in same-sex couples. The objective is to understand (1) educational and earning paths, (2) family formations and dissolutions, (3) mental health problems and intimate partner violence among individuals in same-sex couples, and (4) the educational achievement of children in families with same-sex parents. The project uses advanced statistical methods and mainly register-based data from Finland. The societal impact of the project goes far beyond academia, given that discrimination against sexual minority groups can take various forms that need to be statistically studied and discussed.

The successful applicant should contribute to one or more of the research themes of the project. The project is associated with the Helsinki Institute for Demography and Population Health and the newly established Max Planck – University of Helsinki Center on Social Inequalities in Population Health .

Responsibilities

The main task of the appointed researcher is - jointly with the research team - to design and conduct quantitative research mostly on longitudinal register-based data. Additionally, the researcher is expected to actively contribute to teaching in the master’s program in social sciences, or thesis supervision (up to 5% annually) and other research activities of the Institute.

Qualifications

The appointee to the position must hold a doctoral degree in demography, sociology, social psychology, public health, data sciences, statistics, economics, or other relevant field, have strong quantitative methods skills and an excellent command of written English. The default assumption is that the degree requirement must be met by the beginning of employment. Knowledge of neither Finnish nor Swedish is needed for the position.

What We Offer

University of Helsinki is an equal opportunity employer and offers an attractive and diverse workplace with a variety of development opportunities and benefits. The annual gross salary range will be approx. €44,500 – €50,000, depending on the appointee’s qualifications and experience. Standard Finnish pension benefits and occupational health care are provided for university employees. Further information can be obtained online . The employment contract will include a probationary period of six months.

Finland is a member of the European Union, has high quality free schooling (also in English) and generous family benefits and healthcare. Finland was recently ranked as the best country in the world for expat families, and Helsinki in the world’s top ten most livable cities. Finland and the Helsinki region feature leading research and innovation facilities, clean environment, affordable accommodation, and excellent international, national, and local transport connections. For more information about working at the University of Helsinki and living in Finland, please see the website .

The chosen applicant is expected to reside in Finland while employed by the University of Helsinki. The Faculty of Social Sciences provides assistance in relocation.

How To Apply

Please submit your application, together with the required attachments, through the University of Helsinki Recruitment System via the link ""Apply now"" (“Hae nyt”). Applicants who are currently employed by the University of Helsinki are requested to submit their application via the SAP Fiori portal at https://msap.sap.helsinki.fi. The closing date for applications is 30th of September 2024.

The following English-language documents must be enclosed with applications:


 * A curriculum vitae, 2) A statement (max 1 page) outlining applicants research experience and interests, and 3) A numbered list of publications.
   
   
   

Detailed information on the CV and list of publications can be obtained online

The University of Helsinki welcomes applicants from a variety of gender identities, age groups, linguistic and cultural backgrounds.

FURTHER INFORMATION

Further information about the position and the research project may be obtained from Dr Elina Einiö, elina.einio@helsinki.fi.

In case you need support with the recruitment system, please contact recruitment@helsinki.fi

The Faculty of Social Sciences is Finland’s leading research and education institute in the social sciences, and the country’s most diverse social sciences faculty in terms of the range of its disciplines and fields of research. The Faculty has a strong international research profile and an international master’s programme, and several of its disciplinary units have been rated among the top 50 in the world. The Faculty has approximately 500 research and teaching staff, and each year it awards some 350 bachelor’s degrees, 400 master’s degrees and more than 40 doctoral degrees.",Entry level,https://fi.linkedin.com/jobs/view/postdoctoral-researcher-in-minority-stress-and-gendered-lives-of-same-sex-couples-at-university-of-helsinki-4009281570?trk=public_jobs_topcard-title,"Helsinki, Uusimaa, Finland",1 week ago,,,2024-09-02,,Higher Education,Postdoctoral Researcher in Minority Stress and Gendered Lives of Same-Sex Couples,"Research, Analyst, and Information Technology",On-site
28 applicants,EXTERNAL,https://jobs.helsinki.fi/job/Helsinki-Doctoral-researcher%2C-Urban-Meteorology/801059802/?feedId=350602&utm_source=CareerSite_UniversityOfHelsinki,4273,University of Helsinki,https://fi.linkedin.com/school/university-of-helsinki/?trk=public_jobs_topcard-org-name,Contract,"The University of Helsinki is a multidisciplinary research university that ranks among the best in the world and the top ten among European universities. The university has some 36,000 degree students.

Institute for Atmospheric and Earth System Research (INAR) is a large multidisciplinary research unit based in physics, chemistry, meteorology, forest sciences, environmental sciences and social sciences in the University of Helsinki. INAR aims to strengthen the internationally leading, integrated multidisciplinary research and education environment for atmospheric and Earth system science and to feed in scientific results for the national and international environment and climate policy. It performs multiscale research from molecular to global scale and focuses on climate change, air quality, biogeochemical cycles and ecosystem processes.

Faculty of Science invites applications for

DOCTORAL RESEARCHER

in urban meteorology starting earliest in November 2024 in a fixed term contract of 3,5 years.

Background

Cities worldwide are increasingly interested in harnessing the potential of urban vegetation to mitigate greenhouse gas (GHG) emissions. While existing research has primarily focused on carbon sequestration, the exchange of other GHGs and the role of soils have been widely neglected. Studies indicate that biogeochemical cycles of vegetation and GHG exchanges undergo alterations in urban settings compared to natural ecosystems, driven by specific urban features such as fertilization, irrigation, pollution and changes in soil physical condition. These processes are not well understood in urban settings. The Research Council of Finland funded GHUGS ( GreenHouse gas dynamics of Urban Green Space ) project aims to offer a comprehensive understanding of atmosphere-plant-soil GHG dynamics in urban areas and practical insights for urban planning practices to mitigate natural urban GHG emissions. The project integrates novel ecosystem level, tree ecophysiological and soil measurements with satellite observations and process-based modelling.

The doctoral researcher will be working with the comprehensive observations collected during the project. The observations cover ecosystem level eddy covariance measurements, soil and shoot chamber measurements, and tree-level sap flux measurements collected in different cities. The researcher will actively participate on observations

The doctoral researcher will work as part of the urban meteorology group at INAR , led by Prof. Leena Järvi. The group studies urban atmosphere, air quality and greenhouse gas cycle using a wide range of methodologies including eddy covariance technique, land surface modelling and large eddy simulation. The work will be done in close collaboration with Finnish Meteorological Institute.

Doctoral researcher position

We are seeking a talented and motivated doctoral researcher (PhD student), who recently completed their MSc degree in the field of Physics, Meteorology, Forest Sciences, Geography, or any other similar area. MSc students near the completion of their degree are also encouraged to apply.

The candidate should have:


 * Willingness to pursue a PhD degree in meteorology
 * Good skills in written and spoken English
 * Some previous experience in programming (e.g., R or Python) and statistical analysis of scientific data. Previous experience from working with GHG observations (e.g. eddy covariance, chamber, sap flux) is an advantage
 * Interest in doing research on close to the project scope and ability to independent creative thinking, combined with good
 * self-discipline and reasonable communication skills.
   
   
   

The appointee should either already have the right to pursue a doctoral degree at the University of Helsinki by the start of the appointment or apply for the right and obtain it within the probationary period of six months of their appointment. If the candidate does not already have the right to pursue a doctoral degree at the University of Helsinki, it must be applied for separately ( www.helsinki.fi/en/research/doctoral-education/the-application-process-in-a-nutshell ). The requirements for pursuing a doctoral degree at the University of Helsinki can be found at https://www.helsinki.fi/en/research/doctoral-education/eligibility-and-educational-documents .

The candidate will get a chance to attend international conferences and present their scientific work in local and international meetings. As an employee of the University of Helsinki, researcher will receive occupational health care, and will be entitled to sports facilities, and opportunities for professional development.

The doctoral researcher position starts in November 2024 (or as soon as the position is filled). The position is initially for 3,5 years. The employment contract will include a probationary period of six months.

Research environment

Finland is a member of EU, has high quality free schooling (also in English), generous family benefits and healthcare, and was recently ranked as the best country in the world for expat families and in the world’s top ten most livable cities. Finland and the Helsinki region possess top expertise in sciences in terms of a vibrant talent pool, leading research, strong support services and functioning collaboration networks. For more information about working at the University of Helsinki and living in Finland, please see https://www.helsinki.fi/en/university/working-at-the-university .

The starting salary of the doctoral researcher will be ca. 2600-2800 euros/month, depending on the appointees’ qualifications and experience. Furthermore, the University of Helsinki offers comprehensive services to its employees, including occupational health care and health insurance, sports facilities, and opportunities for professional development.

The University of Helsinki welcomes applicants from a variety of gender identities, linguistic and cultural backgrounds.

How To Apply

Please apply with;


 * a one-page motivation letter clearly highlighting research/educational accomplishments,
 * a two-page CV (clearly highlighting earlier relevant experience in computational biophysics and/or modeling/simulations of biomolecules), and
 * a Bachelors/Masters degree grade card including Bachelors/Masters thesis topic and its grade.
   
   
   

Please submit all files in a single pdf document using the University of Helsinki Recruitment System by clicking the Apply for the position button below. button “Apply now”. Applicants who are employees of the University of Helsinki are requested to leave their application via SAP Fiori. Deadline for applications is 19th September 2024. The selected candidates will be contacted personally and will be invited for an interview.

For further information, please contact Professor Leena Järvi, leena.jarvi(at)helsinki.fi.",Mid-Senior level,https://fi.linkedin.com/jobs/view/doctoral-researcher-urban-meteorology-at-university-of-helsinki-3997517591?trk=public_jobs_topcard-title,"Helsinki, Uusimaa, Finland",3 weeks ago,,,2024-08-22,,Higher Education,"Doctoral researcher, Urban Meteorology","Research, Analyst, and Information Technology",On-site
Be among the first 25 applicants,EXTERNAL,https://jobs.helsinki.fi/job/Tv%C3%A4rminne-Postdoctoral-Researcher-in-Molecular-Food-Web-Ecology/802189202/?feedId=350602&utm_source=CareerSite_UniversityOfHelsinki,4273,University of Helsinki,https://fi.linkedin.com/school/university-of-helsinki/?trk=public_jobs_topcard-org-name,Contract,"The Faculty of Biological and Environmental Sciences and Academy Research Fellow Dr. Susanne Kortsch are seeking a Postdoctoral researcher. The position is funded by the Research Council of Finland project entitled ‘Heatwave-driven rewiring of coastal food webs`. The overarching aim of this project is to predict how coastal ecosystems respond to marine heatwaves, a common feature of climate change and one of the most pervasive threats to marine biodiversity globally.

Postdoctoral researcher in experimental and molecular food web ecology

The postdoctoral project will contribute to developing a framework for predicting the rewiring of coastal food webs exposed to heatwaves. This will be achieved through a combination of approaches: mesocosm experiments, DNA sequencing, and food web modeling.

Mesocosm experiments are valuable because they can mimic the complexity of natural ecosystems, enabling us to unravel how these complex systems might respond to future environmental conditions. Metabarcoding, on the other hand, offers high taxonomic resolution in revealing who feeds on whom (both prokaryote and eukaryote) within a community. The modeling component of the project will integrate the metabarcoding outputs from the experiments into a bioenergetic food web model to quantify ecosystem functioning and stability.

Specifically, we aim to:


 * Quantify shifts in species dietary preferences under climate warming and resource availability scenarios.
 * Analyze trophic rewiring in mesocosm food webs under heatwave scenarios.
 * Assess the implications of these changes for coastal ecosystem functioning and stability.
   
   
   

This novel methodological framework, which combines aquatic mesocosm experiments with metabarcoding and food web modeling, will provide a mechanistic understanding of how coastal ecosystems respond to rapidly intensifying heatwaves. The insights gained from this research are critical for managing and safeguarding our coastal marine ecosystems.

The focus of the specifics of the research questions and the experimental setup will be developed jointly with the candidate, largely driven by the candidate’s research profile and interest.

Position Requirements


 * A completed Ph.D. in Molecular Ecology, Environmental Microbiology , Experimental Community Ecology, Food Web Ecology, or a related field
 * Demonstrated expertise in molecular community or environmental ecology (e.g., DNA/eDNA metabarcoding), experimental ecology, or preferably both
 * Strong conceptual, analytical, and quantitative skills; Proficiency in programming (e.g., R or other relevant software) and statistical analysis
 * Experience with interdisciplinary research (e.g., experimental and molecular ecology or molecular ecology and modeling) is advantageous, as is an aptitude for acquiring new skills
 * Excellent communication skills in English, both spoken and written
 * Proven ability to conceive, execute, and complete complex research projects
 * A creative mind-set, with the ability to work effectively and both independently and as part of a team
   
   
   

What We Offer


 * A fully funded 3-year postdoctoral position at the University of Helsinki at Tvärminne Zoological Station; ( https://www.helsinki.fi/en/research-stations/tvarminne-zoological-station ) with a start date from 01.12.2024 (or as mutually agreed)
 * Start salary range (3625–4060 euros) depending on experience level and personal performance
 * An exciting opportunity to conduct novel and impactful research in a supportive and stimulating environment
 * Exceptional scope for collaboration, with planned research visits to leading international research groups in the field
 * Plenty of opportunities to attend international conferences to build your scientific network
 * Access to state-of-the-art resources and excellent support to further learning and professional development
   
   
   

The University of Helsinki offers comprehensive services to its employees, including occupational health care and health insurance, unemployment and pension fund, a generous holiday package, sports facilities, and opportunities for professional development ( https://www.helsinki.fi/en/about-us/careers ).

How To Apply


 * Motivation Letter (max 2 pages). Outline your research interests and explain why you are interested in this position, and highlight your background and experiences relevant to the project:
 * Provide a brief description of your research interests and how they align with the objectives of this project.
 * Describe the background and expertise that make you a strong candidate for this position.
 * Include examples of previous work that demonstrate your analytical and quantitative skills, particularly in relation to the methods and approaches outlined in the project description.
 * Curriculum vitae (max 3 pages)
 * Publication list
 * Contact information of two persons who are willing to provide a reference letter by separate request
   
   
   

External applicants, please submit your application using the University of Helsinki Recruitment System via the Apply Now button.

Applicants who have a helsinki.fi username and a valid employment contract, a grant researcher's contract or a visiting researcher's contract at the University of Helsinki are requested to leave their application by using the Employee Login button.

We will process applications already during the application period and the position will be filled as soon as a suitable candidate is found.

Further information


 * About the position: Dr. Susanne Kortsch, susanne.kortsch@helsinki.fi
 * Recruitment system: HR Specialist Harri Hamara, harri.hamara@helsinki.fi or HR
 * Viikki Campus: https://www.helsinki.fi/en/about-us/campuses/viikki-campus
 * Support for international staff: https://www.helsinki.fi/en/about-us/careers/welcome and https://ihhelsinki.fi (International House Helsinki)
 * Why choose University of Helsinki: https://www.helsinki.fi/en/about-us/careers/why-university-helsinki
 * Faculty of Biological and Environmental Sciences: https://www.helsinki.fi/en/faculty-biological-and-environmental-sciences
   
   
   

The closing date for applications is 15th October 2024 at 23:59 EEST.",Entry level,https://fi.linkedin.com/jobs/view/postdoctoral-researcher-in-molecular-food-web-ecology-at-university-of-helsinki-4013838104?trk=public_jobs_topcard-title,"Helsinki, Uusimaa, Finland",1 week ago,,,2024-09-02,,Higher Education,Postdoctoral Researcher in Molecular Food Web Ecology,"Research, Analyst, and Information Technology",On-site
