applicationsCount,applyType,applyUrl,companyId,companyName,companyUrl,contractType,description,experienceLevel,jobUrl,location,postedTime,posterFullName,posterProfileUrl,publishedAt,salary,sector,title,workType,work_arrangement
30 applicants,EXTERNAL,https://www.nigelfrank.com/job/NFI0020124J_1723561772/senior-net-developer,205918,Nigel Frank International,https://uk.linkedin.com/company/nigel-frank-international?trk=public_jobs_topcard-org-name,Contract,"Software Developer - Helsinki

Looking for an exciting opportunity to work with cutting-edge technologies in a product development company that makes a positive impact on society? Your search ends here!

Company:

Our Client, experiencing rapid growth, is seeking a Developer to join their highly skilled team. While their office is located in Helsinki, they also offer the flexibility of remote work. This is a chance to be part of the digital transformation of critical infrastructure. The company focuses on creating solutions that improve information management for various different areas and industries. Join now, as they dominate the Finnish markets, have a strong presence in the nordics, and are preparing to expand to the USA!

Role and responsibilities:

As a Developer, you will collaborate with an existing development team, making teamwork and strong communication skills highly valuable. You will also have the opportunity to act as a mentor, supporting and guiding junior colleagues as needed.

Your primary responsibility will be developing the core functionalities of the system, with an emphasis on back-end development. The company's system is built on the Microsoft Azure environment, so a solid understanding of Azure's various services and modern cloud architecture is essential for success in this role.

Skills and requirements:


 * Minimum 4 years of experience with .NET
 * Proficiency in SQL
 * Knowledge of JavaScript is considered beneficial
 * University degree
 * Fluent in Finnish or English
   
   

What can they offer YOU?


 * Access to high-quality tools and the opportunity to work with state-of-the-art technologies
 * Interesting projects that have a positive impact on society
 * Emphasis on green values in customer activities
 * Autonomy and the ability to influence your work
 * Commitment to continuous learning and development, both as an organization and as individuals
 * Open and collaborative working atmosphere with knowledgeable and supportive colleagues
 * Strong growth opportunities
 * Agile working practices
   
   

This company is conducting interviews now! Why wait?

If you're interested in learning more, please send an updated version of your CV to j.selen@nigelfrank.com.

Even if this particular role doesn't match your expectations, feel free to reach out! Send an email and let us know what interests you.

Nigel Frank International is the global leader in Microsoft Technology Recruitment. Since 2006, we've found over 20,000 perm and contract Microsoft professionals for partners, ISVs, and end users in the ecosystem. For more information, visit www.nigelfrank.com",Mid-Senior level,https://fi.linkedin.com/jobs/view/senior-net-developer-at-nigel-frank-international-4000978817?trk=public_jobs_topcard-title,"Helsinki, Uusimaa, Finland",4 weeks ago,,,2024-08-14,,Staffing and Recruiting,Senior .NET Developer,Engineering and Information Technology,On-site
