applicationsCount,applyType,applyUrl,benefits,companyId,companyName,companyUrl,contractType,description,experienceLevel,id,jobUrl,location,postedTime,posterFullName,posterProfileUrl,publishedAt,salary,sector,title,workType,work_arrangement
Be among the first 25 applicants,EXTERNAL,https://odoo.unikie.com/jobs/detail/scientific-consultant-ai-for-terminal-device-ai-agent-194?src=Linkedin,,9393418,Unikie,https://fi.linkedin.com/company/unikie?trk=public_jobs_topcard-org-name,Full-time,"WE ARE LOOKING FOR Scientific consultant: AI for terminal device / AI Agent

We are looking for AI Agent to our team. The consultant will be part of our client's team developing machine learning (agent) solution for terminal devices. Below are the main responsibilities for this position, and the consultant will take part in one or more of these;


 * Optimizing the performance of the model usage by improving timing and memory use without losing too much accuracy, precision or recall of the model.
 * Implementing novel use case such as file encryption mechanism, where file encryption/decryption keys are available only when device state has desired classification (determined by the agent). One possibility is to run unsupervised learning for clustering different device state categories as a device state labels. After clustering the AI agent can use model to classify current device state.
 * System security design for AI agent such as AppAgent ( https://github.com/mnotgod96/AppAgent) to perform malicious actions. One possibility is to implement Guardian Agent (GA) that can analyze real time behavior of the AI agent. When GA detects that AI agent is tries high risk action it should stop action permanently or it could ask user consent to perform such action. The GA can inform OS to limit the capabilities of AI agent in order to stop malicious or high-risk action.
   
   

Your future colleagues are waiting for you to join our international team. Working with us is uncomplicated, there’s a good team spirit, low-hierarchy and nonexistent bureaucracy. Our way of working is flexible too, many of our team work remotely from home with visits to our office from time to time when needed. This role is equally challenging, and as such we offer a very good compensation.

Required Qualifications


 * Experience on optimizing AI models, such GPT models.
 * Knowledge on some isolation technologies such as Arm Trustzone, Intel SGX/TDX, etc.
 * Understanding about the security threats of AI models.
 * Experience on analyzing and visualizing datasets.
 * Some experience with C/C++ or Rust.
 * Experience on Android development and preferably some experience on Android Native Development.
 * Good English language skills.
   
   

Person we are looking should be able to help in the following tasks:


 * Provide clear guidelines for optimizing GPT models running in Secure Enclaves.
 * Prototype of some selected use case (such as device state classifier).
 * Prototyping “AgentGuard” solution and demonstrate how it can prevent malicious actions made by local AI Agent (such as multi-modal AppAgent)",Mid-Senior level,4019352662,https://fi.linkedin.com/jobs/view/scientific-consultant-ai-for-terminal-device-ai-agent-at-unikie-4019352662?trk=public_jobs_topcard-title,"Helsinki, Uusimaa, Finland",6 days ago,,,2024-10-04,,IT Services and IT Consulting,Scientific consultant: AI for terminal device / AI agent,"Research, Analyst, and Information Technology",Remote
Be among the first 25 applicants,EXTERNAL,https://grnh.se/ccd862701us,,234280,Canonical,https://uk.linkedin.com/company/canonical?trk=public_jobs_topcard-org-name,Full-time,"The role of a Go Software Engineer, Commercial Systems at Canonical

This engineering role is an opportunity for a technologist with a passion for Linux to build a career with Canonical and drive the success of those leveraging Ubuntu and open source products. If you have an affinity for open source development, you will enjoy working with some of the best people in the industry at Canonical.

The Commercial Systems unit has several areas of responsibility spread across five engineering teams, closely collaborating with other engineering and business teams at Canonical. Services designed, developed, and operated by the Commercial Systems unit are deployed to millions of machines worldwide.

The first area of responsibility is centered around security. We develop and operate Ubuntu Pro and Livepatch backend services that support the authentication, authorization, and delivery of Extended Security Maintenance (ESM) at scale to a wide range of devices spanning from individual systems to large enterprise fleets running in cloud environments.

On the distributed systems front, we develop an open source identity manager Candid and a Juju multi-controller manager JIMM (Juju Intelligent Model Manager), that enables organizations to centrally manage operations across many Juju controllers deployed to public, private, and hybrid clouds. The majority of our systems are deployed to Kubernetes clusters.

The third major area is related to internal business operations. We develop and operate a data warehouse, including data ingestion pipelines, that are relied on by operations and data analytics teams. In addition to that, we help internal business units to automate processes across many software solutions and integrate SaaS solutions to ensure a smooth flow of data.

Lastly, we have a dedicated team of Salesforce engineers and administrators who take care of our Salesforce implementation and integration crucial to our sales and business operations. This team configures Salesforce and implements business processes that facilitate efficient operations.

We are looking for new colleagues with strong background in Go or Python, who have the drive and energy to deliver and operate solutions at scale with the highest engineering quality, continuously develop their skills, and work with us on defining the future of open source.

Location: This role will be based remotely in the EMEA region.

What your day will look like


 * Code in Go or Python
 * Collaborate with colleagues on technical designs
 * Stay in sync with team mates
 * Deploy and operate services developed by the team
 * Improve engineering and operations practices
   
   

What we are looking for in you


 * Bachelor's degree or equivalent in Computer Science or related engineering field
 * Experience as a software developer in a high-level language - preferably Go or Python
 * Experience building, deploying, and operating distributed systems and APIs
 * Excellent verbal and written communication skills in English
 * Ability to collaborate remotely with a diverse set of team members and stakeholders, remain highly motivated, productive, and organized in a fully remote environment
 * Ability to travel to international destinations for one week at a time, approximately 2-4 times per year. Locations prior to the global pandemic included New York, Seattle, London, Cape Town, Budapest, Berlin, Montreal, and Brussels
   
   

Additional Skills That You Might Also Bring


 * Experience developing and deploying for Ubuntu Linux in public clouds
 * Experience integrating authentication & authorization, financial, public cloud or marketplace systems
 * Experience with Salesforce development/integration or APEX
   
   

What we offer you

Your base pay will depend on various factors including your geographical location, level of experience, knowledge and skills. In addition to the benefits above, certain roles are also eligible for additional benefits and rewards including annual bonuses and sales incentives based on revenue or utilisation. Our compensation philosophy is to ensure equity right across our global workforce.

In addition to a competitive base pay, we provide all team members with additional benefits, which reflect our values and ideals. Please note that additional benefits may apply depending on the work location and, for more information on these, you can ask in the later stages of the recruitment process.


 * Fully remote working environment - we've been working remotely since 2004!
 * Personal learning and development budget of 2,000USD per annum
 * Annual compensation review
 * Recognition rewards
 * Annual holiday leave
 * Parental Leave
 * Employee Assistance Programme
 * Opportunity to travel to new locations to meet colleagues at 'sprints'
 * Priority Pass for travel and travel upgrades for long haul company events
   
   

About Canonical

Canonical is a pioneering tech firm that is at the forefront of the global move to open source. As the company that publishes Ubuntu, one of the most important open source projects and the platform for AI, IoT and the cloud, we are changing the world on a daily basis. We recruit on a global basis and set a very high standard for people joining the company. We expect excellence - in order to succeed, we need to be the best at what we do.

Canonical has been a remote-first company since its inception in 2004. Work at Canonical is a step into the future, and will challenge you to think differently, work smarter, learn new skills, and raise your game. Canonical provides a unique window into the world of 21st-century digital business.

Canonical is an equal opportunity employer

We are proud to foster a workplace free from discrimination. Diversity of experience, perspectives, and background create a better work environment and better products. Whatever your identity, we will give your application fair consideration.

",Entry level,4046271911,https://fi.linkedin.com/jobs/view/go-software-engineer-commercial-systems-at-canonical-4046271911?trk=public_jobs_topcard-title,"Helsinki, Uusimaa, Finland",2 days ago,,,2024-10-09,,"Technology, Information and Internet","Go Software Engineer, Commercial Systems",Engineering and Information Technology,Remote
Be among the first 25 applicants,EXTERNAL,https://grnh.se/c3cc3dd81us,,234280,Canonical,https://uk.linkedin.com/company/canonical?trk=public_jobs_topcard-org-name,Full-time,"Our mission is to build a next-generation private cloud infrastructure, combining KVM, Ceph, and SDN technologies to create a data center scale cloud that 'just works' and provides a mission-critical cloud for edge and core enterprise deployments. We are hiring a Golang software engineer to work on the low level Go codebase sitting between our REST API and the low level C libraries used to manage containers and virtual machines. We are looking for system-level developers with experience in design and data management/modeling.

LXD components span the entire software stack from low-level kernel features to the upper level management API/CLI. Our most effective engineers are fluent in all these layers, and able to anticipate the consequences of design and engineering choices elsewhere in a complex distributed system.

This is an opportunity for someone who wants to have a meaningful impact on modern cloud computing technologies. Canonical offers a fun, fast-paced team environment and a career full of learning and development.

Location: This is a remote position available in EMEA and the Americas.

What you will focus on


 * Design, implement and document system level Go code
 * Model data, design database schema and implement data storage in a dqlite (SQL) database
 * Maintain code quality through static analysis, unit and system tests
 * Collaborate proactively with a distributed team
 * Discuss ideas and collaborate on finding good solutions
 * Work from home with global travel 2 to 4 weeks/year for internal and external events
   
   

What we are looking for in you


 * You have experience programming in Go and C
 * You are knowledgeable in networking and storage technologies
 * You have experience with two or more of: cloud computing, virtualisation, containers, distributed systems, open source community
 * You are curious, flexible, articulate and accountable
 * You value soft skills and are enterprising, thoughtful and self-motivated
 * You have a bachelor's or equivalent in Computer Science, STEM or similar degree
   
   

What we offer you

We consider geographical location, experience, and performance in shaping compensation worldwide. We revisit compensation annually (and more often for graduates and associates) to ensure we recognise outstanding performance. In addition to base pay, we offer a performance-driven annual bonus. We provide all team members with additional benefits, which reflect our values and ideals. We balance our programs to meet local needs and ensure fairness globally.


 * Distributed work environment with twice-yearly team sprints in person
 * Personal learning and development budget of USD 2,000 per year
 * Annual compensation review
 * Recognition rewards
 * Annual holiday leave
 * Maternity and paternity leave
 * Employee Assistance Programme
 * Opportunity to travel to new locations to meet colleagues
 * Priority Pass, and travel upgrades for long haul company events
   
   

About Canonical

Canonical is a pioneering tech firm at the forefront of the global move to open source. As the company that publishes Ubuntu, one of the most important open source projects and the platform for AI, IoT and the cloud, we are changing the world on a daily basis. We recruit on a global basis and set a very high standard for people joining the company. We expect excellence - in order to succeed, we need to be the best at what we do. Canonical has been a remote-first company since its inception in 2004. Working here is a step into the future, and will challenge you to think differently, work smarter, learn new skills, and raise your game.

Canonical is an equal opportunity employer

We are proud to foster a workplace free from discrimination. Diversity of experience, perspectives, and background create a better work environment and better products. Whatever your identity, we will give your application fair consideration.

",Entry level,4037048966,https://fi.linkedin.com/jobs/view/golang-system-software-engineer-containers-virtualisation-at-canonical-4037048966?trk=public_jobs_topcard-title,"Helsinki, Uusimaa, Finland",1 week ago,,,2024-09-28,,"Technology, Information and Internet",Golang System Software Engineer - Containers / Virtualisation,Engineering and Information Technology,Remote
Be among the first 25 applicants,EXTERNAL,https://grnh.se/f4c1276b1us,,234280,Canonical,https://uk.linkedin.com/company/canonical?trk=public_jobs_topcard-org-name,Full-time,"The role of a Systems Integrations Software Engineer, Commercial Systems at Canonical

This engineering role is an opportunity for a technologist with a passion for Linux to build a career with Canonical and drive the success of those leveraging Ubuntu and open source products. If you have an affinity for open source development, you will enjoy working with some of the best people in the industry at Canonical.

The Commercial Systems unit has several areas of responsibility spread across six engineering teams, closely collaborating with other engineering and business teams at Canonical. Services designed, developed, and operated by the Commercial Systems unit are at the heart of Canonical business and Salesforce plays an integral role in it.

The Integrations team aspires to integrate all business systems used at Canonical to ensure data reliably flows at the right time to the right place, and to automate business processes across the company. The systems include popular SaaS solutions, such as Salesforce, NetSuite, Greenhouse, GSuite, and a few dozen others. To achieve this goal, we leverage Python and Go in combination with open source tools, such as Airbyte and Temporal. Our work helps to make data-driven decisions, and increases the efficiency of business operations.

We are looking for new colleagues at all seniority levels, who strive for the highest engineering quality, seek improvements, continuously develop their skills, and apply them at work. This is an exciting opportunity to work with many popular software systems, integrations technologies, and exciting open source solutions.

Location: This role will be based remotely in the EMEA region.

What your day will look like


 * Design and deliver engineering solutions leveraging Go, Python, and open source tools such as Airbyte and Temporal
 * Collaborate with colleagues on technical designs and code reviews
 * Deploy and operate services developed by the team
 * Seek Improvements to engineering and operations practices
   
   

What we are looking for in you


 * Experience as a software developer in Python
 * Excellent understanding of integration patterns
 * Excellent verbal and written communication skills in English
 * Ability to collaborate remotely with a diverse set of team members and stakeholders, remain highly motivated, productive, and organized in a fully remote environment
 * Ability to travel to international destinations for one week at a time, approximately 2-4 times per year. Locations prior to the global pandemic included New York, Seattle, London, Cape Town, Budapest, Berlin, Montreal, and Brussels
   
   

Additional skills that you might also bring


 * Experience as a software developer in a high-level language - preferably Go
 * Experience in a business role such as sales, finance, or operations
 * Bachelor's degree or equivalent in Computer Science or related engineering fiel
   
   

What we offer you

Your base pay will depend on various factors including your geographical location, level of experience, knowledge and skills. In addition to the benefits above, certain roles are also eligible for additional benefits and rewards including annual bonuses and sales incentives based on revenue or utilisation. Our compensation philosophy is to ensure equity right across our global workforce.

In addition to a competitive base pay, we provide all team members with additional benefits, which reflect our values and ideals. Please note that additional benefits may apply depending on the work location and, for more information on these, you can ask in the later stages of the recruitment process.


 * Fully remote working environment - we've been working remotely since 2004!
 * Personal learning and development budget of 2,000USD per annum
 * Annual compensation review
 * Recognition rewards
 * Annual holiday leave
 * Parental Leave
 * Employee Assistance Programme
 * Opportunity to travel to new locations to meet colleagues at 'sprints'
 * Priority Pass for travel and travel upgrades for long haul company events
   
   

About Canonical

Canonical is a pioneering tech firm that is at the forefront of the global move to open source. As the company that publishes Ubuntu, one of the most important open source projects and the platform for AI, IoT and the cloud, we are changing the world on a daily basis. We recruit on a global basis and set a very high standard for people joining the company. We expect excellence - in order to succeed, we need to be the best at what we do.

Canonical has been a remote-first company since its inception in 2004. Work at Canonical is a step into the future, and will challenge you to think differently, work smarter, learn new skills, and raise your game. Canonical provides a unique window into the world of 21st-century digital business.

Canonical is an equal opportunity employer

We are proud to foster a workplace free from discrimination. Diversity of experience, perspectives, and background create a better work environment and better products. Whatever your identity, we will give your application fair consideration.

",Entry level,4046270704,https://fi.linkedin.com/jobs/view/systems-integrations-software-engineer-at-canonical-4046270704?trk=public_jobs_topcard-title,"Helsinki, Uusimaa, Finland",2 days ago,,,2024-10-09,,"Technology, Information and Internet",Systems Integrations Software Engineer,Quality Assurance,Remote
Be among the first 25 applicants,EXTERNAL,https://grnh.se/21cd5f851us,,234280,Canonical,https://uk.linkedin.com/company/canonical?trk=public_jobs_topcard-org-name,Full-time,"Canonical is a leading provider of open source software and operating systems to the global enterprise and technology markets. Our platform, Ubuntu, is very widely used in breakthrough enterprise initiatives such as public cloud, data science, AI, engineering innovation and IoT. Our customers include the world's leading public cloud and silicon providers, and industry leaders in many sectors. The company is a pioneer of global distributed collaboration, with 1000+ colleagues in 70+ countries and very few roles based in offices. Teams meet two to four times yearly in person, in interesting locations around the world, to align on strategy and execution.

The company is founder led, profitable and growing.

We are hiring an Ubuntu on WSL Software Engineer to grow the team working on this exciting technology. The Windows Subsystem for Linux (WSL) opens up new possibilities for Linux development in Windows environments. WSL offers a specific set of capabilities to bridge a containerised Linux into the Windows desktop, allowing for interesting new kinds of integration to take place at that boundary. It is a potent new way to enable open source developer experiences on Windows workstations. We are excited to explore these possibilities, helping to shape the future of Windows-and-Linux development. We work closely with the Microsoft WSL team to ensure that the latest capabilities in WSL are well integrated with Ubuntu. We work with other open source developer communities to ensure that WSL makes a happy place to work with their libraries, toochains and applications.

This team delivers the best Linux experience on WSL to a huge audience. You will have direct influence over the roadmap for Ubuntu on WSL and will specify, architect and develop features in association with engineering managers, product managers and developer advocates. If you enjoy public speaking you would be welcome to speak at conferences about your work on WSL, and interact with a very enthusiastic community.

This role involves learning and driving improvements anywhere in the Ubuntu system, from the lowest level up to user experience and a GUI. The team works in a range of languages including Python, Golang, Flutter (Dart) and C/C++. If you don't already know about containers the role will challenge you to understand the details of kernel confinement and low level system services. The successful candidate will be passionate about the future of Ubuntu, mindful of the dynamics of the open source ecosystem, and equally aware of the needs of large organisations. Strong communication and relationship skills are as important as superb technical skills.

Location: This is a home-based role, in the EMEA or Americas time zone.

The role entails the following:


 * Implement support for new WSL features in Ubuntu
 * Closely follow upstream development in WSL
 * Manage Ubuntu WSL applications in the Microsoft Store
 * Implement support for Ubuntu features on WSL
 * Contribute to upstream projects in support of WSL features
 * Define, manage and execute test plans
 * Work with other teams at Canonical to ensure that Ubuntu is released every 6 months on schedule
 * Respond and work to resolve issues raised by end users and customers
   
   

What we are looking for in you


 * Bachelor's degree or equivalent in Computer Science or related engineering field
 * Exceptional academic track record from both high school and university
 * Software development experience in a high-level language - preferably Go, Python or C++
 * Confidence to respectfully speak up, exchange feedback, and share ideas without hesitation
 * Track record of going above-and-beyond expectations to achieve outstanding results
 * Passion for technology evidenced by personal projects and initiatives, preferably on WSL!
 * The work ethic and confidence to shine alongside motivated colleagues
 * Professional written and spoken English
 * Experience with Linux (Debian or Ubuntu preferred)
 * Excellent interpersonal skills, curiosity, flexibility, and accountability
 * Appreciative of diversity, polite and effective in a multi-cultural, multi-national organisation
 * Thoughtfulness and self-motivation
 * Result-oriented, with a personal drive to meet commitments
 * Ability to travel internationally twice a year, for company events up to two weeks long
   
   

Additional Skills That Are Nice To Have


 * Knowledge of Windows, especially system-level capabilities like storage, filesystems, permissions, hyper-v
 * Experience with Windows Subsystem for Linux, virtualization, and containers
 * Knowledge of PowerShell, Visual Studio, and Azure DevOps
 * Knowledge of Ubuntu desktop technologies (GNOME, D-Bus, systemd, Xorg/Wayland, etc.)
 * Debian or Ubuntu contributor/developer
 * Awareness of agile development methodologies and tools
   
   

What we offer colleagues

We consider geographical location, experience, and performance in shaping compensation worldwide. We revisit compensation annually (and more often for graduates and associates) to ensure we recognise outstanding performance. In addition to base pay, we offer a performance-driven annual bonus or commission. We provide all team members with additional benefits, which reflect our values and ideals. We balance our programs to meet local needs and ensure fairness globally.


 * Distributed work environment with twice-yearly team sprints in person
 * Personal learning and development budget of USD 2,000 per year
 * Annual compensation review
 * Recognition rewards
 * Annual holiday leave
 * Maternity and paternity leave
 * Employee Assistance Programme
 * Opportunity to travel to new locations to meet colleagues
 * Priority Pass, and travel upgrades for long haul company events
   
   

About Canonical

Canonical is a pioneering tech firm at the forefront of the global move to open source. As the company that publishes Ubuntu, one of the most important open source projects and the platform for AI, IoT and the cloud, we are changing the world of software. We recruit on a global basis and set a very high standard for people joining the company. We expect excellence - in order to succeed, we need to be the best at what we do. Most colleagues at Canonical have worked from home since its inception in 2004. Working here is a step into the future, and will challenge you to think differently, work smarter, learn new skills, and raise your game.

Canonical is an equal opportunity employer

We are proud to foster a workplace free from discrimination. Diversity of experience, perspectives, and background create a better work environment and better products. Whatever your identity, we will give your application fair consideration.

",Entry level,4046272744,https://fi.linkedin.com/jobs/view/ubuntu-on-wsl-software-engineer-at-canonical-4046272744?trk=public_jobs_topcard-title,"Helsinki, Uusimaa, Finland",2 days ago,,,2024-10-09,,"Technology, Information and Internet",Ubuntu on WSL Software Engineer,Engineering and Information Technology,Remote
25 applicants,EXTERNAL,https://grnh.se/7847026f1us,,234280,Canonical,https://uk.linkedin.com/company/canonical?trk=public_jobs_topcard-org-name,Full-time,"Canonical is a leading provider of open source software and operating systems to the global enterprise and technology markets. Our platform, Ubuntu, is very widely used in breakthrough enterprise initiatives such as public cloud, data science, AI, engineering innovation and IoT. Our customers include the world's leading public cloud and silicon providers, and industry leaders in many sectors. The company is a pioneer of global distributed collaboration, with 1100+ colleagues in 75+ countries and very few office based roles. Teams meet two to four times yearly in person, in interesting locations around the world, to align on strategy and execution.

The company is founder led, profitable and growing.

We are hiring a Cloud Support Associate Engineer to build a career with Canonical and support the technical needs of customers leveraging Ubuntu and open source products. This role is an opportunity for a hands-on engineer with eagerness to learn, a passion for Linux and cloud technologies to work with some of the best people in the industry at Canonical.

We regularly solve interesting, technical problems. From triaging complex Cloud environment issues, Linux kernel crashes we've never seen before to OS configuration issues and root cause analysis, we provide an expert level of support and satisfaction to our peer groups and customers. You will be accountable for delivering an outstanding technical support experience on the full cloud technical stack at Canonical. From problem qualification to full resolution, you will own and manage your cases. When needed, you will transfer your cases to your colleagues or involve senior engineers.

Location: This is a remote role based in AMER, EMEA or APAC time zones.

The role entails


 * Work from your remote home office and provide technical support for employees.
 * Be available to take ownership of new cases via telephone, email and web
 * Act as an internal customer advocate keeping them updated in a timely manner
 * Ensure that each support case owned by you is handled according to our Service Level Agreement (SLA) with the highest possible customer satisfaction by setting the right expectations and fulfilling your commitments.
 * Contribute new knowledge base articles and maintain existing articles, ensuring shared knowledge and lessons learned are available to customers.
 * Draft and distribute technical notices for internal and external communication.
 * Prioritise your work in order to accomplish the most important and urgent tasks first
 * Keep on learning as our products and services grow and evolve
 * Understanding Ubuntu development process to be able to set customer expectations correctly on timeline for a fix.
 * Maintain regular communication and information exchange with the rest of the team, locally and remotely
 * Identify and suggest any opportunities to provide a better service
 * Participate in a regular weekend working rotation.
   
   

What are we looking for in you


 * Bachelors or equivalent four year degree in a technical field from an accredited college or university. Preferable majors: Computer Science, MIS, Electrical Engineering, etc.
 * Experience with Linux troubleshooting (collecting logs and stack traces, fine-tuning by editing configuration files)
 * Experience with Linux server administration
 * Strong knowledge of Cloud computing concepts (provisioning, monitoring, orchestration, etc.)
 * Knowledge or basic hands-on experience on 2 or more of:
    * Virtualization / Cloud
    * Containers
    * Storage technologies
    * Networking (bonding, firewalling, bridging, switching, network file system tuning, MTU issues, etc.

 * Programming fundamentals in any language (bash, Perl, Ruby, Javascript, C or C++, Go)
 * Ability to learn quickly, thrive on change and handle the pressure of a customer facing job
 * Strong written and verbal English communication skills
 * Ability to travel
 * Background check required
   

Nice-to-have skills


 * Experience supporting virtualized environments (KVM, Virtual Box, VMWare)
 * Experience with other open-source desktop technologies
 * Active contribution to open-source projects/forum/code
   
   

What we offer colleagues

We consider geographical location, experience, and performance in shaping compensation worldwide. We revisit compensation annually (and more often for graduates and associates) to ensure we recognise outstanding performance. In addition to base pay, we offer a performance-driven annual bonus or commission. We provide all team members with additional benefits, which reflect our values and ideals. We balance our programs to meet local needs and ensure fairness globally.


 * Distributed work environment with twice-yearly team sprints in person
 * Personal learning and development budget of USD 2,000 per year
 * Annual compensation review
 * Recognition rewards
 * Annual holiday leave
 * Maternity and paternity leave
 * Employee Assistance Programme
 * Opportunity to travel to new locations to meet colleagues
 * Priority Pass, and travel upgrades for long haul company events
   
   

About Canonical

Canonical is a pioneering tech firm at the forefront of the global move to open source. As the company that publishes Ubuntu, one of the most important open source projects and the platform for AI, IoT and the cloud, we are changing the world of software. We recruit on a global basis and set a very high standard for people joining the company. We expect excellence - in order to succeed, we need to be the best at what we do. Most colleagues at Canonical have worked from home since its inception in 2004. Working here is a step into the future, and will challenge you to think differently, work smarter, learn new skills, and raise your game.

Canonical is an equal opportunity employer

We are proud to foster a workplace free from discrimination. Diversity of experience, perspectives, and background create a better work environment and better products. Whatever your identity, we will give your application fair consideration.

",Entry level,4030969775,https://fi.linkedin.com/jobs/view/cloud-support-associate-engineer-at-canonical-4030969775?trk=public_jobs_topcard-title,"Helsinki, Uusimaa, Finland",2 weeks ago,,,2024-09-20,,"Technology, Information and Internet",Cloud Support Associate Engineer,Information Technology,Remote
Be among the first 25 applicants,EXTERNAL,https://grnh.se/16afc36a1us,,234280,Canonical,https://uk.linkedin.com/company/canonical?trk=public_jobs_topcard-org-name,Full-time,"Next-gen operations at scale, with pure Python infra-as-code, from bare metal to containers and applications. Our goal is to perfect enterprise infrastructure devops.

We run hundreds of private cloud, Kubernetes, and application clusters for customers across physical and public cloud estate, and we are raising the bar on what's possible with automation by embracing a universal operator pattern and model-driven operations.

To succeed in this role you need to believe in automation as a pure software engineering problem, not a hack-it-till-it-works-for-me problem. You need to be interested in the scientific approach to operations at scale, driven by metrics and code, and you need to be able to learn the entire stack, from bare metal networking and kernel up to serverless and open source applications.

Site Reliability Engineer

Our site reliability engineers bring Python software-engineering skills and rigour to the operations domain. We practice devsecops from bare metal to application. We architect and run OpenStack, Kubernetes and software defined storage, and we enable devsecops for applications running on that infrastructure too.

To become a member of this team, you need to be a software engineer fluent in Python, you need a genuine interest in the full open source infrastructure stack from metal to containers, and you need the ability to work in a high pressure operations environment with mission-critical services for global brand name customers.

As a member of the team you will gain experience in a broad range of cloud technologies. We evolve our offerings as the state of the art improves, so you get to stay current with the latest capabilities in open source infrastructure. We drive upgrades to keep our customers on the latest, best solutions.

What Canonical Offers


 * Technical management team that understands the details of what we are developing
 * A culture of openness and inclusiveness
 * Helpful and talented engineers who are world-class experts in many fields
 * Teams focused on good work life balance with long average retention rates
 * A wide range of engineering disciplines and career paths that can move between divisions
 * Fully remote company for career growth without relocation requirements
   
   

Requirements


 * Software Engineering or Computer Science degree
 * Linux experience and familiarity with Linux networking and storage
 * Python software development experience
 * Demonstrated drive for continual learning
 * Devops experience
   
   

Nice to haves


 * Experience with OpenStack or Kubernetes deployment or operations
 * We hope that you'll join us in helping to shape and build the future of free software together
   
   

Of course we also offer...


 * Learning and Development
 * Annual Compensation Review
 * Recognition Rewards
 * Annual Leave
 * Priority Pass for travel
 * Flexible working option
   
   

About Canonical

Canonical is a pioneering tech firm that is at the forefront of the global move to open source. As the company that publishes Ubuntu, one of the most important open source projects and the platform for AI, IoT and the cloud, we are changing the world on a daily basis. We recruit on a global basis and set a very high standard for people joining the company. We expect excellence - in order to succeed, we need to be the best at what we do.

Canonical has been a remote-first company since its inception in 2004. Work at Canonical is a step into the future, and will challenge you to think differently, work smarter, learn new skills, and raise your game. Canonical provides a unique window into the world of 21st-century digital business.

Canonical is an equal opportunity employer

We are proud to foster a workplace free from discrimination. Diversity of experience, perspectives, and background create a better work environment and better products. Whatever your identity, we will give your application fair consideration.

#stack

",Entry level,4030742549,https://fi.linkedin.com/jobs/view/site-reliability-engineer-emea-at-canonical-4030742549?trk=public_jobs_topcard-title,"Helsinki, Uusimaa, Finland",3 weeks ago,,,2024-09-20,,"Technology, Information and Internet","Site Reliability Engineer, EMEA",Engineering and Information Technology,Remote
Be among the first 25 applicants,EXTERNAL,https://grnh.se/36c88b021us,,234280,Canonical,https://uk.linkedin.com/company/canonical?trk=public_jobs_topcard-org-name,Full-time,"This is our general process for Golang engineers of all levels of seniority, for all relevant teams at Canonical. Apply here if you are an exceptional software engineer who prefers to work in Go. After the first round of interviews we'll find the best fit product team at Canonical for you to progress your application based on your personal interests.

Canonical prefers Golang for software where performance and security are primary considerations. We also have substantial projects in Python, C, C++ and are starting to invest in Rust. For front-end development we prefer React and Flutter.

Golang is an essential language for our engineering teams, who build the systems that deliver Ubuntu to the world. From our software distribution systems, to those which build and test every possible kind of open source on every architecture, from our systems management tools to our distributed systems operations R&D, we count on Golang for its tasteful concurrency and developer ecosystem. Juju, Livepatch, LXD, MAAS, Microk8s, Snapd, Ubuntu Core, Ubuntu Pro, and many more Canonical offerings include Golang components.

We also want to ensure that Ubuntu is the very best platform for Golang development, offering easy access to the widest range of tooling and capabilities that support cutting edge open source and enterprise development.

Join us in our mission to deliver innovative open-source solutions to individuals and enterprises around the world. We expect the highest engineering standards and strong motivation to get things done well in a fully remote and distributed environment. These roles require extensive personal experience with Linux - the more different versions of Linux the better!

Location: we have open roles for Golang engineers in every time zone

What your day will look like


 * Design and implement well-tested and documented software in Go
 * Debug and fix issues encountered by your users
 * Participate in our engineering process through code and architectural reviews
 * Collaborate with community and colleagues on technical specifications
 * Seek improvements to engineering and operations practices
 * In some cases, deploy and operate services developed by the team
 * Contribute to the success of your product through technical advocacy
   
   

What we are looking for in you


 * An exceptional academic track record from both high school and university
 * Undergraduate degree in Computer Science or STEM, or a compelling narrative about your alternative path
 * Drive and a track record of going above-and-beyond expectations
 * Well-organised, self-starting and able to deliver to schedule
 * Professional manner interacting with colleagues, partners, and community
 * Experience designing and writing high-quality Golang software on Linux
 * Experience with and passion for Linux at the system level
 * For more senior roles, experience building, deploying, and operating distributed systems and APIs
 * Professional written and spoken English
 * Experience with Linux (Debian or Ubuntu preferred)
 * Excellent interpersonal skills, curiosity, flexibility, and accountability
 * Passion, thoughtfulness, and self-motivation
 * Excellent communication and presentation skills
 * Result-oriented, with a personal drive to meet commitments
 * Ability to travel twice a year, for company events up to two weeks each
   
   

Additional Skills That You Might Also Bring


 * Experience developing for Ubuntu Linux
 * Experience with Juju, LXD, Microk8s, Snapd, Ubuntu Core, Ubuntu Pro
 * Performance engineering and security experience
   
   

What we offer you

We consider geographical location, experience, and performance in shaping compensation worldwide. We revisit compensation annually (and more often for graduates and associates) to ensure we recognise outstanding performance. In addition to base pay, we offer a performance-driven annual bonus. We provide all team members with additional benefits, which reflect our values and ideals. We balance our programs to meet local needs and ensure fairness globally.


 * Distributed work environment with twice-yearly team sprints in person
 * Personal learning and development budget of USD 2,000 per year
 * Annual compensation review
 * Recognition rewards
 * Annual holiday leave
 * Maternity and paternity leave
 * Employee Assistance Programme
 * Opportunity to travel to new locations to meet colleagues
 * Priority Pass, and travel upgrades for long haul company events
   
   

About Canonical

Canonical is a pioneering tech firm at the forefront of the global move to open source. As the company that publishes Ubuntu, one of the most important open source projects and the platform for AI, IoT and the cloud, we are changing the world on a daily basis. We recruit on a global basis and set a very high standard for people joining the company. We expect excellence - in order to succeed, we need to be the best at what we do. Canonical has been a remote-first company since its inception in 2004. Working here is a step into the future, and will challenge you to think differently, work smarter, learn new skills, and raise your game.

Canonical is an equal opportunity employer

We are proud to foster a workplace free from discrimination. Diversity of experience, perspectives, and background create a better work environment and better products. Whatever your identity, we will give your application fair consideration.

",Entry level,4046272900,https://fi.linkedin.com/jobs/view/golang-engineer-at-canonical-4046272900?trk=public_jobs_topcard-title,"Helsinki, Uusimaa, Finland",2 days ago,,,2024-10-09,,"Technology, Information and Internet",Golang Engineer,Engineering and Information Technology,Remote
Be among the first 25 applicants,EXTERNAL,https://grnh.se/8f6423491us,,234280,Canonical,https://uk.linkedin.com/company/canonical?trk=public_jobs_topcard-org-name,Full-time,"This role is one of our general tracks. Apply here for all engineering teams at Canonical who work on low-level system technology and embedded systems, across all seniority levels.

We hire careful and conscientious engineers who appreciate the challenge of memory, performance, battery and connectivity constrained code that has to work every time in an unreliable and unforgiving world, on x86, ARM or RISC-V silicon.

Canonical Ubuntu is the leading Linux for software engineers, desktops, cloud and IoT. We bring open source to the world as a high-performance, safe and secure platform for enterprise computing, software engineering, and connected devices.

These smart, connected devices have the potential to transform every industry. Classic Ubuntu – desktop or server – is widely used in embedded systems because of its developer focus and enterprise grade security maintenance. We partner with the world's most prominent silicon companies to optimise Ubuntu on their latest and greatest chips, as well as with major OEMs and ODMs (PC, servers and connected device manufacturers) to ensure that Ubuntu works perfectly on their hardware.

But while classic, 'deb' based Ubuntu is ideal for developers, it has too much variability for appliance or connected device environments, where you want to know *exactly* what the state of millions or billions of devices might be. So Canonical builds Ubuntu Core, a fully containerised version of Ubuntu that is mathematically precise and rigorously secure. We are working on additional solutions for even smaller devices.

We have several teams that focus on open source for embedded environments. We hire outstanding Linux and RTOS software engineers with a passion for open source, innovation, cutting-edge hardware and software technologies in general. You will be expected to make significant contributions through high-quality design and code, and to develop your technical leadership.

These roles include:


 * Ubuntu Core and snapd software development
 * Silicon software and optimisation engineers
 * Kernel driver and hardware enablement engineers
 * Hardware-centric Linux QA Engineers
 * Hardware Certification Engineers
 * Robotics engineers
 * Industrial IoT software engineers
 * Networking software engineers (switching, routing, access and SmartNICs)
   
   

At Canonical you will have the opportunity to engage with the broader open source community. We're looking for individuals who can help build a thriving community, contribute to a broad range of technologies, and contribute to the deployment of Ubuntu and Ubuntu Core across the widest range of devices.

Location: we have remote roles open in every time zone.

What your day will look like

Based on the first round of interviews we identify specific teams where you might be an excellent fit, and conduct second round interviews with those teams. Our engineers:


 * Work with the latest Linux kernel, RTOS, and open source technologies
 * Deliver Ubuntu for the latest IoT and server-class hardware platforms
 * Integrate and maintain device-oriented software stacks
 * Write high-quality, well-designed software
 * Collaborate proactively with other globally distributed teams
 * Display technical leadership internally and within our external communities
 * Help our customers ship their apps and SDKs on Ubuntu
 * Build device OS images with Ubuntu Core, Desktop and Server
 * Optimise the Ubuntu kernel and libraries for silicon-specific capabilities
 * Debug issues and produce high-quality code to fix them
 * Contribute to technical documentation to make it the best of its kind
 * Discuss ideas and collaborate on finding good solutions
 * Participate as technical lead on complex customer engagements involving complete system architectures from cloud to edge
 * Work usually from home, with global travel 2 to 4 weeks for company events
   
   

What we are looking for in you


 * An exceptional academic track record from both high school and university
 * Drive and a track record of going above-and-beyond expectations
 * Undergraduate degree in Computer Science or STEM, or a compelling narrative about your alternative path
 * Passion for embedded systems software (e.g. kernel, graphics, Yocto, RTOS)
 * Fluency in at least one of Golang, C, C++, or Rust
 * Professional written and spoken English
 * Experience with Linux (Debian or Ubuntu preferred)
 * Excellent interpersonal skills, curiosity, flexibility, and accountability
 * Passion, thoughtfulness, and self-motivation
 * Excellent communication and presentation skills
 * Result-oriented, with a personal drive to meet commitments
 * Ability to travel twice a year, for company events up to two weeks each
   
   

Additional Skills That You Might Also Bring


 * Experience with Debian/Ubuntu or other distro packaging
 * Understanding of build systems and toolchains, including for cross-compilation
 * Experience with firmware, uboot, UEFI, ACPI, DSDT, or boot loaders
 * Experience with power management on PCI ASPM, SATA ALPM, low power profiles
 * Computer architecture knowledge of x86, ARM, RISC-V
 * Experience in board design, bring up, and validation
 * Experience with electrical engineering design tools (e.g. schematic capture, layout)
 * Familiarity with Ubuntu development model
 * Performance engineering and security experience
 * Shell or Python scripting skills
   
   

What we offer you

We consider geographical location, experience, and performance in shaping compensation worldwide. We revisit compensation annually (and more often for graduates and associates) to ensure we recognise outstanding performance. In addition to base pay, we offer a performance-driven annual bonus. We provide all team members with additional benefits, which reflect our values and ideals. We balance our programs to meet local needs and ensure fairness globally.


 * Distributed work environment with twice-yearly team sprints in person
 * Personal learning and development budget of USD 2,000 per year
 * Annual compensation review
 * Recognition rewards
 * Annual holiday leave
 * Maternity and paternity leave
 * Employee Assistance Programme
 * Opportunity to travel to new locations to meet colleagues
 * Priority Pass, and travel upgrades for long haul company events
   
   

About Canonical

Canonical is a pioneering tech firm at the forefront of the global move to open source. As the company that publishes Ubuntu, one of the most important open source projects and the platform for AI, IoT and the cloud, we are changing the world on a daily basis. We recruit on a global basis and set a very high standard for people joining the company. We expect excellence - in order to succeed, we need to be the best at what we do. Canonical has been a remote-first company since its inception in 2004. Working here is a step into the future, and will challenge you to think differently, work smarter, learn new skills, and raise your game.

Canonical is an equal opportunity employer

We are proud to foster a workplace free from discrimination. Diversity of experience, perspectives, and background create a better work environment and better products. Whatever your identity, we will give your application fair consideration.

",Entry level,4043270541,https://fi.linkedin.com/jobs/view/embedded-linux-software-engineer-at-canonical-4043270541?trk=public_jobs_topcard-title,"Helsinki, Uusimaa, Finland",6 days ago,,,2024-10-04,,"Technology, Information and Internet",Embedded Linux Software Engineer,Engineering and Information Technology,Remote
Be among the first 25 applicants,EXTERNAL,https://grnh.se/57219a631us,,234280,Canonical,https://uk.linkedin.com/company/canonical?trk=public_jobs_topcard-org-name,Full-time,"We are hiring a software developer to focus on dqlite, our distributed SQLite database which uses our own Raft library for establishing consensus and replication. Dqlite is available as a pure C library or through a Go package that we also maintain, and we intend to provide bindings for Python and other languages.

You will design and implement enhancements to the libraft, dqlite and go-dqlite components which we consume in MicroK8s, LXD and other projects. Work includes development in those pieces of software as well as responding to issues and user inquiries.

This is an excellent opportunity for someone who wants to have a meaningful impact on modern computing technologies. Canonical offers a fast-paced team environment and a career full of learning and development opportunities.

Location: This is a remote position available in EMEA

What you will focus on


 * Design and implement features across dqlite
 * Debug and fix issues encountered by your users
 * Improve Jepsen tests, traditional HA database automated testing and stress tests
 * Participate in our engineering process through code and architectural review
 * Engage with the open source community and commercial partners
   
   

What we are looking for in you


 * Experience with distributed systems (preferably with Raft)
 * Good C programming experience
 * Solid understanding of asynchronous programming and concurrency patterns a plus
 * Capacity to learn quickly about new systems and techniques
 * Strong written and verbal communication skills
 * Bachelor's or equivalent in Computer Science, STEM or similar degree
   
   

What we offer you

We consider geographical location, experience, and performance in shaping compensation worldwide. We revisit compensation annually (and more often for graduates and associates) to ensure we recognise outstanding performance. In addition to base pay, we offer a performance-driven annual bonus. We provide all team members with additional benefits, which reflect our values and ideals. We balance our programs to meet local needs and ensure fairness globally.


 * Distributed work environment with twice-yearly team sprints in person
 * Personal learning and development budget of USD 2,000 per year
 * Annual compensation review
 * Recognition rewards
 * Annual holiday leave
 * Maternity and paternity leave
 * Employee Assistance Programme
 * Opportunity to travel to new locations to meet colleagues
 * Priority Pass, and travel upgrades for long haul company events
   
   

About Canonical

Canonical is a pioneering tech firm at the forefront of the global move to open source. As the company that publishes Ubuntu, one of the most important open source projects and the platform for AI, IoT and the cloud, we are changing the world on a daily basis. We recruit on a global basis and set a very high standard for people joining the company. We expect excellence - in order to succeed, we need to be the best at what we do. Canonical has been a remote-first company since its inception in 2004. Working here is a step into the future, and will challenge you to think differently, work smarter, learn new skills, and raise your game.

Canonical is an equal opportunity employer

We are proud to foster a workplace free from discrimination. Diversity of experience, perspectives, and background create a better work environment and better products. Whatever your identity, we will give your application fair consideration.

",Entry level,4037048960,https://fi.linkedin.com/jobs/view/c-golang-software-engineer-working-on-dqlite-a-raft-extension-for-sqlite-at-canonical-4037048960?trk=public_jobs_topcard-title,"Helsinki, Uusimaa, Finland",1 week ago,,,2024-09-28,,"Technology, Information and Internet","C, Golang Software Engineer working on dqlite, a Raft extension for SQLite",Engineering and Information Technology,Remote
Be among the first 25 applicants,EXTERNAL,https://grnh.se/e018bd541us,,234280,Canonical,https://uk.linkedin.com/company/canonical?trk=public_jobs_topcard-org-name,Full-time,"Canonical is a leading provider of open source software and operating systems to the global enterprise and technology markets. Our platform, Ubuntu, is very widely used in breakthrough enterprise initiatives such as public cloud, data science, AI, engineering innovation and IoT. Our customers include the world's leading public cloud and silicon providers, and industry leaders in many sectors. The company is a pioneer of global distributed collaboration, with 1000+ colleagues in 70+ countries and very few office based roles. Teams meet two to four times yearly in person, in interesting locations around the world, to align on strategy and execution.

The company is founder led, profitable and growing.

This is a general selection process for software engineers focused on virtualisation and container technology - from the kernel through userspace. Apply here if you are an exceptional Go, Rust, or C/C++ software engineer and want to work on next-generation open source VMM or container technology, or related open source networking and storage.

Container, virtualisation and cloud infrastructure have become essentials of modern software deployments. We invest in open source related to application isolation, workload orchestration, system or OCI containers, micro service architecture or cloud infrastructure.

Here are some examples of projects under way at Canonical.

RustVMM has great potential as a new hypervisor for Linux. We are building a team to work on this, with an emphasis on performance, security and operability. Work in Rust and bring your expert knowledge of VMM and related kernel networking and storage capabilities.

Docker images are easy to make and publish on Docker Hub and other registries, but the quality, consistency and security maintenance of those images is broadly very poor. Canonical is in a good position to publish a portfolio of outstanding Docker images. Our Rockcraft team is designing and implementing an elevated Docker image experience for the open source community.

LXD is a modern system container and virtual machine manager that is widely used on Ubuntu, ChromeOS and other Linux platforms. LXD engineering spans the entire software stack from low-level kernel work on namespaces, confinement, security, filesystems, VMMs and networking, to the high level management REST API and CLI.

Members of the Kubernetes product team build MicroK8s for on-rails K8s, and Charmed Kubernetes for more sophisticated integration. We work on K8s itself and on the operations tooling around it.

The OpenStack team deliver Charmed OpenStack, OVN / OVS and Ceph. This work brings cloud platform technologies to large-scale computing environments.

These teams hire system level C/C++, Golang, Rust and Python developers to work on security-critical, performance-critical and mission-critical code, focused on software delivery, containers, security, sandboxing, application orchestration and management. Our teams are motivated to have a meaningful impact on modern cloud computing technologies.

Location: we have remote container and virt engineering roles in every time zone.

What you will focus on


 * Design and specify new features, building consensus on approach
 * Engage with upstream communities in your area of expertise
 * Conduct security analysis and reviews to ensure defence in depth
 * Create and monitor performance benchmarks to optimise your product
 * Collaborate proactively with a distributed team
 * Write high quality code to create new features
 * Debug issues and produce high quality code to fix them
 * Review code produced by other engineers
 * Discuss ideas and collaborate on finding good solutions
   
   

What we are looking for in you


 * An exceptional academic track record from both high school and university
 * Undergraduate degree in Computer Science or STEM, or a compelling narrative about your alternative path
 * Drive and a track record of going above-and-beyond expectations
 * You have worked on open source virt or container tech
 * You have experience working in the kernel or very low level system
 * Professional written and spoken English
 * Experience with Linux (Debian or Ubuntu preferred)
 * Excellent interpersonal skills, curiosity, flexibility, and accountability
 * Passion, thoughtfulness, and self-motivation
 * Excellent communication and presentation skills
 * Result-oriented, with a personal drive to meet commitments
 * Ability to travel twice a year, for company events up to two weeks each
   
   

Additional Skills We Value


 * Performance engineering and security experience
   
   

What we offer you

We consider geographical location, experience, and performance in shaping compensation worldwide. We revisit compensation annually (and more often for graduates and associates) to ensure we recognise outstanding performance. In addition to base pay, we offer a performance-driven annual bonus. We provide all team members with additional benefits, which reflect our values and ideals. We balance our programs to meet local needs and ensure fairness globally.


 * Distributed work environment with twice-yearly team sprints in person
 * Personal learning and development budget of USD 2,000 per year
 * Annual compensation review
 * Recognition rewards
 * Annual holiday leave
 * Maternity and paternity leave
 * Employee Assistance Programme
 * Opportunity to travel to new locations to meet colleagues
 * Priority Pass, and travel upgrades for long haul company events
   
   

About Canonical

Canonical is a pioneering tech firm at the forefront of the global move to open source. As the company that publishes Ubuntu, one of the most important open source projects and the platform for AI, IoT and the cloud, we are changing the world on a daily basis. We recruit on a global basis and set a very high standard for people joining the company. We expect excellence - in order to succeed, we need to be the best at what we do. Canonical has been a remote-first company since its inception in 2004. Working here is a step into the future, and will challenge you to think differently, work smarter, learn new skills, and raise your game.

Canonical is an equal opportunity employer

We are proud to foster a workplace free from discrimination. Diversity of experience, perspectives, and background create a better work environment and better products. Whatever your identity, we will give your application fair consideration.

",Entry level,4036872322,https://fi.linkedin.com/jobs/view/containerization-virtualisation-engineer-at-canonical-4036872322?trk=public_jobs_topcard-title,"Helsinki, Uusimaa, Finland",1 week ago,,,2024-09-27,,"Technology, Information and Internet",Containerization & Virtualisation Engineer,Engineering and Information Technology,Remote
Be among the first 25 applicants,EXTERNAL,https://grnh.se/d8857c181us,,234280,Canonical,https://uk.linkedin.com/company/canonical?trk=public_jobs_topcard-org-name,Full-time,"The role of a Billing System Engineer, Commercial Systems at Canonical

This engineering role is an opportunity for a technologist with a passion for Linux to build a career with Canonical and drive the success of those leveraging Ubuntu and open source products. If you have an affinity for open source development, you will enjoy working with some of the best people in the industry at Canonical.

The Commercial Systems unit has several areas of responsibility spread across six engineering teams, closely collaborating with other engineering and business teams at Canonical. Services designed, developed, and operated by the Commercial Systems unit are at the heart of Canonical business and Salesforce plays an integral role in it.

The Billing team's mission is to develop an internal billing system delivering a consistent billing experience to all Canonical customers across all products and services, and across all service delivery methods. This challenging assignment requires close cooperation with business departments to ensure our customers are billed accurately and reliably, while achieving the highest engineering standards expected of any engineering team at Canonical.

We are looking for new colleagues at all seniority levels, who strive for the highest engineering quality, seek improvements, continuously develop their skills, and apply them at work. This is an exciting opportunity to work on a fairly unique solution and gain expertise in billing and finance.

Location: This role will be based remotely in the EMEA region.

What your day will look like


 * Deliver engineering solutions in Go or Python
 * Collaborate with colleagues on technical designs and code reviews
 * Deploy and operate services developed by the team
 * Seek Improvements to engineering and operations practices
   
   

What we are looking for in you


 * Experience as a software developer in a high-level language - preferably Go or Python
 * Experience building, deploying, and operating distributed systems and APIs
 * Excellent verbal and written communication skills in English
 * Ability to collaborate remotely with a diverse set of team members and stakeholders, remain highly motivated, productive, and organized in a fully remote environment
 * Ability to travel to international destinations for one week at a time, approximately 2-4 times per year. Locations prior to the global pandemic included New York, Seattle, London, Cape Town, Budapest, Berlin, Montreal, and Brussels
   
   

Additional skills that you might also bring


 * Experience with Salesforce, NetSuite, or Stripe APIs
 * Experience in a business role such as sales, finance, or operations
 * Bachelor's degree or equivalent in Computer Science or related engineering field
   
   

What we offer you

Your base pay will depend on various factors including your geographical location, level of experience, knowledge and skills. In addition to the benefits above, certain roles are also eligible for additional benefits and rewards including annual bonuses and sales incentives based on revenue or utilisation. Our compensation philosophy is to ensure equity right across our global workforce.

In addition to a competitive base pay, we provide all team members with additional benefits, which reflect our values and ideals. Please note that additional benefits may apply depending on the work location and, for more information on these, you can ask in the later stages of the recruitment process.


 * Fully remote working environment - we've been working remotely since 2004!
 * Personal learning and development budget of 2,000USD per annum
 * Annual compensation review
 * Recognition rewards
 * Annual holiday leave
 * Parental Leave
 * Employee Assistance Programme
 * Opportunity to travel to new locations to meet colleagues at 'sprints'
 * Priority Pass for travel and travel upgrades for long haul company events
   
   

About Canonical

Canonical is a pioneering tech firm that is at the forefront of the global move to open source. As the company that publishes Ubuntu, one of the most important open source projects and the platform for AI, IoT and the cloud, we are changing the world on a daily basis. We recruit on a global basis and set a very high standard for people joining the company. We expect excellence - in order to succeed, we need to be the best at what we do.

Canonical has been a remote-first company since its inception in 2004. Work at Canonical is a step into the future, and will challenge you to think differently, work smarter, learn new skills, and raise your game. Canonical provides a unique window into the world of 21st-century digital business.

Canonical is an equal opportunity employer

We are proud to foster a workplace free from discrimination. Diversity of experience, perspectives, and background create a better work environment and better products. Whatever your identity, we will give your application fair consideration.

",Entry level,4046200731,https://fi.linkedin.com/jobs/view/billing-system-software-engineer-at-canonical-4046200731?trk=public_jobs_topcard-title,"Helsinki, Uusimaa, Finland",2 days ago,,,2024-10-08,,"Technology, Information and Internet",Billing System Software Engineer,Engineering and Information Technology,Remote
Be among the first 25 applicants,EXTERNAL,https://grnh.se/d7977bff1us,,234280,Canonical,https://uk.linkedin.com/company/canonical?trk=public_jobs_topcard-org-name,Full-time,"Ubuntu Linux, already the most popular Linux distribution in the world, is looking to increase its adoption even further by expanding the number of System On Chip (SoC) platforms supported natively and further optimising to ensure the highest performant experience for all users. There is a strong demand from silicon manufacturers such as NVIDIA, Xilinx, MediaTek, and Qualcomm to provide Ubuntu Linux to their customers and Canonical is looking to broaden its silicon enablement squads to meet this challenge. The Canonical Kernel Team - those responsible for the build, maintenance, and distribution of the Linux kernel for Ubuntu - are looking for individuals with a strong flair for software development at the hardware level and a passion for ensuring the most optimal performance the silicon can provide.

The successful candidate will be able to prove a strong aptitude for software engineering at the hardware level. While direct experience with the Linux kernel would be a substantial advantage, it is not a hard requirement for candidates with prior background in other RTOS' or bare-metal environments as long as direct hardware experience can be demonstrated.

There are a number of work-from-home based roles available worldwide and we are looking for experience levels from early career candidates with a couple of years under their belt up through senior industry veterans.

What your day will look like


 * Collaborate regularly and proactively with a globally distributed team
 * Work closely with our silicon vendor partners to integrate their platform support into the Ubuntu Linux kernel for their product ranges
 * Diagnose and resolve issues in the kernel reported by partners, customers, the community at large, and discovered by your own rigorous testing
 * Take responsibility for the delivery of distinct silicon-optimised variants of the Ubuntu Linux kernel to the world
 * Improve tooling and automation for the delivery and test of Ubuntu Linux kernels
 * Submit, review, and apply kernel patches, working with both internal and external upstream maintainers
 * Identify new means of maximising performance on partner silicon
   
   

What we are looking for in you


 * Well-organised and motivated self-starter able to thrive in a remote work environment
 * Professional manner with colleagues, business partners, and the open-source community
 * Ability to communicate effectively in English, both written and verbal
 * Significant programming ability in C
 * Strong grasp of device drivers, BSP's, and other aspects of hardware-level system engineering
 * Solid background with git
 * Understanding of operating system kernel fundamentals
 * Ability to travel twice a year for company events of up to two weeks length
   
   

Additional skills that you might also bring


 * Python and Bash scripting ability
 * Prior background with the major SoC families
 * Ubuntu/Debian/Snap packaging
 * Demonstrated experience with Linux kernel patching and debugging
 * Solid understanding of performance optimisation for silicon platforms
   
   

What we offer you

We consider geographical location, experience, and performance in shaping compensation worldwide. We revisit compensation annually to ensure we recognise outstanding performance. In addition to base pay, we offer a performance-driven annual bonus. We provide all team members with additional benefits, which reflect our values and ideals. We balance our programs to meet local needs and ensure fairness globally.


 * Home-based work environment with twice-yearly team sprints in person
 * Personal learning and development budget of USD 2,000 per year
 * Annual compensation review
 * Recognition rewards
 * Annual holiday leave
 * Maternity and paternity leave
 * Employee Assistance Programme
 * Opportunity to travel to new locations to meet colleagues
 * Priority Pass, and travel upgrades for long haul company events
   
   

About Canonical

Canonical is a pioneering tech firm at the forefront of the global move to open source. As the company that publishes Ubuntu, one of the most important open source projects and the platform for AI, IoT and the cloud, we are changing the world on a daily basis. We recruit on a global basis and set a very high standard for people joining the company. We expect excellence - in order to succeed, we need to be the best at what we do. Canonical has been a remote-first company since its inception in 2004. Working here is a step into the future, and will challenge you to think differently, work smarter, learn new skills, and raise your game.

Canonical is an equal opportunity employer

We are proud to foster a workplace free from discrimination. Diversity of experience, perspectives, and background create a better work environment and better products.

Whatever your identity, we will give your application fair consideration.

",Entry level,4036488071,https://fi.linkedin.com/jobs/view/ubuntu-linux-kernel-engineer-silicon-enablement-at-canonical-4036488071?trk=public_jobs_topcard-title,"Helsinki, Uusimaa, Finland",1 week ago,,,2024-09-27,,"Technology, Information and Internet",Ubuntu Linux Kernel Engineer - Silicon Enablement,Information Technology,Remote
Be among the first 25 applicants,EXTERNAL,https://grnh.se/757b26df1us,,234280,Canonical,https://uk.linkedin.com/company/canonical?trk=public_jobs_topcard-org-name,Full-time,"Canonical is a leading provider of open source software and operating systems to the global enterprise and technology markets. Our platform, Ubuntu, is very widely used in breakthrough enterprise initiatives such as public cloud, data science, AI, engineering innovation and IoT. Our customers include the world's leading public cloud and silicon providers, and industry leaders in many sectors. The company is a pioneer of global distributed collaboration, with 1100+ colleagues in 75+ countries and very few office based roles. Teams meet two to four times yearly in person, in interesting locations around the world, to align on strategy and execution. The company is founder led, profitable and growing.

This is an exciting opportunity for you, a software engineer passionate about open source software. Come build a rewarding, meaningful career working with the best and brightest people in technology at Canonical, a growing international software company and help us to bring free software to the widest audience.

Ubuntu Server is a platform that enables amazing technology the whole world over, and is the #1 operating system in the public clouds. Applicants to this role will have the opportunity to help with everything that goes into evolving Ubuntu. You will get to work with our experienced team and have the benefits of learning and growing alongside the best engineers in the business.

What you'll do


 * Collaborate proactively within a distributed team
 * Foster a software ecosystem with seamless user experience for all Ubuntu users
 * Debug issues and facilitate their solution together with upstream projects
 * Evaluate contributions of other engineers to maintain high-quality software standards.
 * Work from home with global travel 2 to 4 weeks for internal and external events
 * Play a role in shaping the future of Ubuntu via both - new ideas in your areas of interest and advising on work being done elsewhere
 * Own the maintenance of Ubuntu Server packages. Specifically but not limited to:
    * Traditional server workloads (web servers, databases, network services, etc)
    * Virtualisation and Containers
    * Package management and dependencies
    * Language runtimes and toolchains (python, golang, rust, etc)

 * Collaborate with other teams in the Ubuntu and Debian communities, with upstream projects, and commercially supported customers
   

Who you are


 * You love technology and working with brilliant people
 * You are curious, flexible, articulate, and accountable
 * You value soft skills and are passionate, enterprising, thoughtful, and self-motivated
 * You have a Bachelor's or equivalent in Computer Science, STEM or similar degree (or any higher)
 * You have interest and experience with two or more of the following: Distribution Development; debugging issues in a wide range of software; creation of test environments and reproducibility steps; administration and optimization of complex workloads; coding in Python, Go or Rust; packaging or distributing software; Public clouds like AWS, GCP, Azure, Oracle Cloud and, IBM Cloud
 * You enjoy switching projects frequently and learning about a wide range of technologies
 * Involvement in open source projects in the past a plus
   
   

What we offer you

We consider geographical location, experience, and performance in shaping compensation worldwide. We revisit compensation annually (and more often for graduates and associates) to ensure we recognise outstanding performance. In addition to base pay, we offer a performance-driven annual bonus. We provide all team members with additional benefits, which reflect our values and ideals. We balance our programs to meet local needs and ensure fairness globally.


 * Distributed work environment with twice-yearly team sprints in person
 * Personal learning and development budget of USD 2,000 per year
 * Annual compensation review
 * Recognition rewards
 * Annual holiday leave
 * Maternity and paternity leave
 * Employee Assistance Programme
 * Opportunity to travel to new locations to meet colleagues
 * Priority Pass, and travel upgrades for long haul company events
   
   

About Canonical

Canonical is a pioneering tech firm at the forefront of the global move to open source. As the company that publishes Ubuntu, one of the most important open source projects and the platform for AI, IoT and the cloud, we are changing the world on a daily basis. We recruit on a global basis and set a very high standard for people joining the company. We expect excellence - in order to succeed, we need to be the best at what we do. Canonical has been a remote-first company since its inception in 2004. Working here is a step into the future, and will challenge you to think differently, work smarter, learn new skills, and raise your game.

Canonical is an equal opportunity employer

We are proud to foster a workplace free from discrimination. Diversity of experience, perspectives, and background create a better work environment and better products. Whatever your identity, we will give your application fair consideration.

",Entry level,4026766689,https://fi.linkedin.com/jobs/view/software-engineer-packaging-optimize-ubuntu-server-at-canonical-4026766689?trk=public_jobs_topcard-title,"Helsinki, Uusimaa, Finland",3 weeks ago,,,2024-09-18,,"Technology, Information and Internet",Software Engineer - packaging - optimize Ubuntu Server,Engineering and Information Technology,Remote
Be among the first 25 applicants,EXTERNAL,https://grnh.se/a71495151us,,234280,Canonical,https://uk.linkedin.com/company/canonical?trk=public_jobs_topcard-org-name,Full-time,"We are seeking a software engineer passionate about software quality, Ubuntu, and the open source community, to join the Ubuntu Quality Engineering team as we expand the set of open source packages we fully support and secure.

We see quality engineering as a first class engineering practice and are looking for people who can bring deep engineering insights to automation, testing capabilities, reporting and data analytics, as well as run processes in partnership with Canonical and community teams.

Ubuntu strives to deliver the latest-best free software components, in an easy to use and highly reliable form. We build on the technical excellence of Debian and bring additional focus and shape to the solutions we offer the industry.

As an Ubuntu Quality Engineer, you must be passionate about the future of Ubuntu, about quality and continuous integration and testing. You will work closely with multiple teams at the heart of Ubuntu and drive quality excellence. You will work closely with the Ubuntu Desktop, Server and Foundations team and put in place metrics for quality. You will research existing issues, troubleshoot and resolve problems, and identify opportunities for improvement and communicate them to the rest of the organization to drive the overall quality of Ubuntu. This is a great opportunity to start and progress your career in the QA domain.

Location: This is a Globally remote role

What your day will look like


 * Monitor indicators of quality across the Ubuntu ecosystem and products
 * Troubleshoot and resolve issues in Ubuntu Desktop, Ubuntu Server and Ubuntu Core
 * Enhance our continuous integration to guard Ubuntu image, release and package quality
 * Report on KPIs and analytical insights
 * Empower other teams for better planning and constant quality improvements
 * Develop, enhance and automate test cases, from unit tests to end-to-end multi machine workloads
 * Work from home with international travel twice a year, for events up to two weeks long
   
   

What we are looking for in you


 * A strong software engineering, Linux, and open source background
 * In-depth knowledge of Python and Shell scripting
 * Experience with C/C++
 * Excellent troubleshooting skills and experience working with others to identify, isolate and resolve issues
 * Experience with quality processes and continuous integration tools
 * Experience working in an agile development environment
   
   

Additional Skills That You Might Also Bring

Experience with Debian/Ubuntu based operating system and good understanding of Debian packaging and snaps would also be a considerable advantage.

What we offer you

We consider geographical location, experience, and performance in shaping compensation worldwide. We revisit compensation annually (and more often for graduates and associates) to ensure we recognise outstanding performance. In addition to base pay, we offer a performance-driven annual bonus. We provide all team members with additional benefits, which reflect our values and ideals. We balance our programs to meet local needs and ensure fairness globally.


 * Distributed work environment with twice-yearly team sprints in person - we've been working remotely since 2004!
 * Personal learning and development budget of USD 2,000 per year
 * Annual compensation review
 * Recognition rewards
 * Annual holiday leave
 * Maternity and paternity leave
 * Employee Assistance Programme
 * Opportunity to travel to new locations to meet colleagues from your team and others
 * Priority Pass for travel and travel upgrades for long haul company events
   
   

About Canonical

Canonical is a pioneering tech firm that is at the forefront of the global move to open source. As the company that publishes Ubuntu, one of the most important open source projects and the platform for AI, IoT and the cloud, we are changing the world on a daily basis. We recruit on a global basis and set a very high standard for people joining the company. We expect excellence - in order to succeed, we need to be the best at what we do.

Canonical has been a remote-first company since its inception in 2004. Work at Canonical is a step into the future, and will challenge you to think differently, work smarter, learn new skills, and raise your game. Canonical provides a unique window into the world of 21st-century digital business.

Canonical is an equal opportunity employer

We are proud to foster a workplace free from discrimination. Diversity of experience, perspectives, and background create a better work environment and better products. Whatever your identity, we will give your application fair consideration.

",Entry level,4042179821,https://fi.linkedin.com/jobs/view/linux-system-engineer-qa-tooling-automation-at-canonical-4042179821?trk=public_jobs_topcard-title,"Helsinki, Uusimaa, Finland",1 week ago,,,2024-10-03,,"Technology, Information and Internet","Linux System Engineer - QA, Tooling, Automation",Information Technology,Remote
