applicationsCount,applyType,applyUrl,benefits,companyId,companyName,companyUrl,contractType,description,experienceLevel,id,jobUrl,location,postedTime,posterFullName,posterProfileUrl,publishedAt,salary,sector,title,workType,work_arrangement
51 applicants,EXTERNAL,https://app.9am.works/job/b1c861c2-53b0-47e3-9a66-4ef5c292863b?utm_campaign=9am_app&utm_source=karriera&utm_medium=jobad&utm_content=en,,7105949,9am,https://de.linkedin.com/company/9am?trk=public_jobs_topcard-org-name,Contract,"About Project:

The team build massively scalable software and systems, architect low latency infrastructure solutions, proactively guard against cyber threats, and leverage machine learning alongside financial engineering to continuously turn data into action.




Create new businesses, transform finance, and explore a world of opportunity at the speed of markets.




Job Requirements:

 * 3+ years of software development experience in one or more general purpose programming languages such as Java / JavaScript / Python
 * Minimal 1+ years' experience and strong proficiency in smart contract programming to develop commercial solutions using DAML, on private and public blockchains, with solid performance, resiliency, security and privacy design
 * Strong technology knowhow with developing, upgrading and deploying smart contract decentralized applications on Canton.
 * Experience with tokenize financial asset implementation for Debt Securities, Equities, Loans or Funds, covering end-to-end lifecycle processing across issuance, distribution, trading, settlement, custody and account management, asset / loan / fund servicing, etc.
 * Experience in AWS Cloud development/deployment
 * Experience of using a test-driven development approach and associated testing tools
 * Excellent communication and follow-through, analytical, self-motivated, attention to detail
 * Education: Bachelor's Degree




Financial details:

Job Type: Contract

Pay: From $80 per hour




Other details:

Start: immediately

Duration: 2 months (possible extension)

Allocation: 80% (4 days in a week)

Location: 100% Remote",Associate,4048905448,https://fi.linkedin.com/jobs/view/software-developer-remote-freelance-at-9am-4048905448?trk=public_jobs_topcard-title,"Helsinki, Uusimaa, Finland",6 hours ago,,,2024-10-11,,Software Development,"Software Developer - remote, freelance",Information Technology,Remote
