applicationsCount,applyType,applyUrl,companyId,companyName,companyUrl,contractType,description,experienceLevel,jobUrl,location,postedTime,posterFullName,posterProfileUrl,publishedAt,salary,sector,title,workType,work_arrangement
Be among the first 25 applicants,EXTERNAL,https://workat.septentrio.com/job-detail/?id=mp0pekz,37977,Septentrio,https://be.linkedin.com/company/septentrio?trk=public_jobs_topcard-org-name,Full-time,"For our Espoo offices, we are looking for highly qualified and motivated professionals like you. If you think you have what it takes to keep Septentrio firmly in Pole Position, get in touch.

We need you for the position of




High Precision GNSS Algorithm Engineer




The Job

Our High Precision GNSS Algorithm Engineer designs, implements and validates our state-of-the-art embedded positioning and navigation software. This software runs on GNSS and hybrid navigation modules capable of centimeter-level-precision positioning. As an algorithm engineer, you’re part of our PNT Products development team.

Your mission

As High Precision GNSS Algorithm Engineer, you are a key contributor to the development of Septentrio next generation Positioning Engine. The Positioning Engine computes centimeter level position, cm/s velocity and sub-degree orientation based on GNSS ranges coupled with additional sensors such as accelerometers, gyros, a magnetometer, and an odometer.

You work closely with peer Software Engineers and GNSS Algorithms Experts to develop high quality software in C++, running efficiently on a state-of-the-art embedded platform and will ensure the flexibility, modularity and efficiency of the object-oriented software implementation starting from Matlab and/or C++ prototypes.

You develop unit tests and software test cases to validate your algorithms and software, leveraging the Septentrio library of real test data and the continuous integration framework.

Your qualifications

You have at least four years of hands-on experience in cm-level GNSS positioning, gained either in the industry or through academic research. You hold a MSc or PhD in geomatics, geodesy, aerospace engineering, mathematics, or a related field.

Your technical expertise will be crucial as you navigate the complexities of GNSS error components in adverse conditions, such as ionospheric storms or high multipath environments in industrial settings. A solid understanding of the Embedded Software Development Life Cycle, along with familiarity with tools like issue tracking, source control, and continuous integration, will help you excel in this role. Proficiency in embedded C/C++ is essential, and your experience as an algorithm developer will be backed by a strong foundation in linear algebra and advanced matrix handling. You’ll be tasked with performance evaluation, quality control, and error analysis for the algorithms you develop, ensuring that they meet the highest standards.

We value individuals who are proactive, structured, and analytical problem-solvers. You should enjoy working closely with a small team of specialists, where collaboration is key to our success.

While not mandatory, experience working in Agile/Scrum teams, knowledge of ambiguity resolution algorithms, and programming skills in Matlab and Python will give you an edge in this position.

Our Offer

In exchange for your talent, we offer a competitive compensation package in a top-notch high-tech, international working environment. At Septentrio you’ll have room to grow, both personally and professionally. Our on-boarding plan is legendary, our homework policy family-friendly. Get in touch and help us shoot for the moon, the stars and beyond.",Associate,https://fi.linkedin.com/jobs/view/high-precision-gnss-algorithm-engineer-at-septentrio-4011114901?trk=public_jobs_topcard-title,"Espoo, Uusimaa, Finland",1 week ago,Heleen Draye,https://be.linkedin.com/in/heleendraye,2024-08-29,,Semiconductor Manufacturing,High Precision GNSS Algorithm Engineer,Research and Information Technology,Hybrid
26 applicants,EXTERNAL,https://www.academicwork.fi/avoimet-tyopaikat/j/lead-fullstack-developer-ouluhelsinki-vividworks-oy/AJREI4?i=0,1336573,VividWorks | 3D Product Configuration Platform,https://fi.linkedin.com/company/vividworks-ltd-?trk=public_jobs_topcard-org-name,Full-time,"We are looking for a lead developer for our client company VividWorks Oy to take technical leadership responsibility, spearhead and help shape new innovations and coach and support the rest of the team. As a lead dev, you will be actively participating in product discovery and product delivery with variable emphasis over time.




About the role

VividWorks' product is used by over 50 businesses mostly in Europe and but also in Asia-Pacific and Americas in both retail and manufacturing as a mission critical sales tool. You will work in product team developing the core offering of VividWorks. Immediately upon start you will be able to contribute on something new and exciting VividWorks is working on that they are happy to share more during the interview stage.




Ideally you would live within commuting distance of Oulu office near Ainolanpuisto or Helsinki office in Arabianranta, but this requirement isn’t carved in stone. You are offered flexible working arrangements, but the team enjoys meeting face-to-face regularly as well. You will have to travel occasionally to in-person meetings arranged by the team or company.




You must have an existing work permit to work in Finland or you are a citizen of Finland. You speak and write well in English. Finnish language is not a pre-requisite for the job but is a plus.




Work tasks

Your main emphasis will be to lead in product delivery, but to shape the technical direction you will need to actively seek and learn about our customers business and IT architecture.




 * You are a go-getter and can derive actionable tasks for development.
 * You demonstrate continuous learning as a habit.
 * You are a hands-on teacher and therefore a power multiplier on the team.
 * You are a hands-on developer and can develop high-quality code alone and together with others.
 * You write documentation together with the team and own the architecture and domain model documentation yourself and ensure they are constantly updated when necessary.




We are looking for

In this role tech stack is C# ASP.NET, React, Redux, Typescript, JS, Node.js, Three.js, PHP, Python, OpenCV, Unity, SQL, Docker. This will evolve over time.

 * You must be expert proficient with C# ASP.NET and proficient with as many of the other techs as possible. You are expected to learn all the tech over time to some degree.
 * CI/CD pipeline is built into Azure DevOps and contains build and deployment automation, unit tests, integration tests and end to end tests using Bicep, C#, Playwright and PowerShell which you and the team maintain and develop continuously.
 * VividWorks is using Scrum and leverage DevOps practices, and you are expected to actively lead and develop our methodologies.
 * VividWorks infrastructure is composed mainly of the following Azure services: Azure AD B2C, App Services, Key Vault, FrontDoor(CDN), CosmosDB, Blob stores, Azure Cache for Redis, Azure DevOps, MS SQLServer
 * Daily IT is Microsoft 365, Slack, Linear, Confluence, Sharepoint, Teams (mostly for calls), Lucidchart/Miro/draw.io, Visual Studio Enterprise, Visual Studio Code We hope you have a wide understanding on the technologies used in the company. Not everything has to be perfect, but the understanding and willingness to learn is required.




Our recruitment process

This recruitment process is handled by Academic Work and it is our client’s wish that all questions regarding the position is directed to Academic Work.




VividWorks is not accepting unsolicited assistance from recruiters or search agencies for this employment opportunity. Please do not forward resumes to any person or other company location. VividWorks is not responsible for any fees related to unsolicited referrals.




Our selection process is continuous and the advert may close before the recruitment process is completed if we have moved forward to the next phase. The process includes two tests: one personality test and one cognitive test. The tests are tools to find the right talent for the right position, to enable equality, diversity, and a fair process.




VividWorks Oy

VividWorks’ mission is to make commerce of physical products better. We believe that businesses will prosper, buyers will be more satisfied, and commerce will be more sustainable when purchase decisions are based on product visualization. VividWorks exists to visualize physical products and enable visual product configuration in a virtual or augmented environment for our customers online and in-store. We want to build the world’s best Visual Commerce SaaS platform for retailers and manufacturers of physical products, and we're serving a growing community of leading companies in industries such as furniture, building supplies, kitchen & bathroom, and real estate/home improvement.",Associate,https://fi.linkedin.com/jobs/view/lead-full-stack-developer-helsinki-oulu-at-vividworks-3d-product-configuration-platform-4015940655?trk=public_jobs_topcard-title,"Helsinki, Uusimaa, Finland",1 week ago,,,2024-09-02,,Software Development,Lead Full-Stack Developer (Helsinki/Oulu),Information Technology and Project Management,Hybrid
34 applicants,EXTERNAL,https://ats.talentadore.com/apply/software-developer/m5wk0d,16154594,Accountor HR Solutions Oy,https://fi.linkedin.com/company/accountorhr?trk=public_jobs_topcard-org-name,Full-time,"Accountor on yksi johtavista ohjelmisto- ja tuotekehitystaloista Suomessa. Keskitymme tuottamaan palveluita ja ohjelmistoja, jotka helpottavat tuhansien yritysten arkea ja tehostavat heidän liiketoimintaansa. Accountor HR Solutions on osa Accountor-konsernia. Olemme vahvasti arvojohdettu ja tulosta tekevä kasvuyhtiö, joka tarjoaa johtavia kotimaisia SaaS-ohjelmistoratkaisuja palkanlaskennan, työajanhallinnan ja HR:n tarpeisiin.





Nyt etsimme tuotekehitysorganisaatiomme hyvillä yhteistyötaidoilla ja asioita eteenpäin vievällä -asenteella varustettua Software Developeria, joka haluaa rakentaa kestäviä julkipilviratkaisuja. Tämä tehtävä on mahtava tilaisuus sinulle, joka haluat olla kanssamme askeleen edellä sekä osa vakaan ja kasvavan tuotetalon tarinaa







!

Mitä pääset meillä tekemä




än?
Meillä pääset osaksi ketterää ja asiantuntevaa Mepco Total -tuoteperheemme uudistuotteen kehitystiimiämme. Mepco Total -tuotteemme on ainutlaatuinen henkilöstöhallinnon, työajanhallinnan, keikkatyön ja palkanlaskennan ohjelmistoperhe. Työssäsi pääset hyödyntämään monipuolisesti osaamistasi. Tulet työskentelemään osana kehitystiimiä, joka vastaa portaali- ja identiteettituotteestamme, joka on kehitetty Azure PaaS-palveluiden päälle Microsoft-teknologioilla. Ohjelmistoperheemme teknologiastack sisältää mm. .NET 8, C#, React JS. Tuotekehityksemme on ammattimaisesti johdettua ja siellä työskentelee yli 100 tuotehallinnan, ohjelmistokehityksen, laadunvarmistuksen, arkkitehtuurin ja designin ammattilaista. Työssäsi toimit osana tuotekehityksen Scrum-tii




miä.
Näillä taidoilla olet askeleen ed




ellä:
Toivomme, että sinulla on sekä intohimoa pilviratkaisuja ja ohjelmistokehitystä kohtaan että kokemuksen myötä karttunutta teknologiaymmärrystä. Odotamme sinulta mielellään yli viiden vuoden ohjelmistokehityskokemusta sekä toivomme, että sinulla on intoa kehittyä edelleen ohjelmistokehityksen ammattilaisena. Koet työskentelyn DevOps-mallilla luonnolliseksi itsellesi, ja olet valmis kehittämään yrityksemme käytäntöjä ja toimintamalleja. Tulet ensisijaisesti toimimaan back end -kehittäjänä, mutta sinulla on kiinnostusta kehittää osaamista myös muilla osaamisalueilla, kuten testiautomaation sekä front end -kehityksen parissa (R




eact).
Arvostamme erityisesti ko

 * kemustaVähintään viiden vuoden ajalta .NET/C# ohjelmistokehit
 * yksestäKokemusta Azure Infrasta ja palveluista, esimerkiksi Entra ID, Azure App Service, Azure SQL, Azure Kubernetes
 * ServiceDevOps-osaamista, kuten CI/CD, Terraform, GitHub, So
 * narQubePalkka- ja henkilöstöjärjestelmien kehit




yksestä
Luonnollisesti toivomme sinun olevan vastuunkantava tiimipeluri, jolla on hyvät yhteistyötaidot ja tahtoa olla tukemassa tiimiä saavuttamaan yhteisiä tavoitteita. Arvostamme avointa, kokeilunhaluista, ratkaisukeskeistä ja rehtiä lähestymistapaa. Suomen ja englannin kielen sujuva osaaminen ovat edellytys tehtävässä onnistu







misessa.

Millaista meillä on työskennellä ja mitä tarjoamm




e sinulle?
Meillä Accountorilla on rehellinen tekemisen meininki! Tulet olemaan osa avointa ja mutkatonta tuotekehityskulttuuriamme, jossa uusille kokeiluille ja ideoille on aina tilaa kehittyä. Me keskitymme tarjoamaan sinulle kannustavan ja joustavan työympäristön sekä modernit työvälineet, jotta sinä voit onnistua. Työntekijöidemme hyvinvointi ja huolenpito on meille sydämen asia, ja työskentelyämme ohjaavat arvomme: Arvostus ja Luottamus toisiamme kohtaan, sekä Rohkeus tehdä asioita uudella tavalla, katse Tulevaisuudessa. Me Accountorilla olemme edelläkävijöitä. Accountorilaisilla on rohkeutta venyä mukavuusalueen ulkopuolelle luodaksemme parempaa tulevaisuutta meille ja asia




kkaillemme.
Lupaamme välittää sinusta yksilönä ja antaa aina kaiken tuen, jota tarvitset viihtyäksesi. Saat vapautta ja vastuuta sopivissa määrin, nämä kulkevat meillä vahvasti käsi kädessä. Esihenkilösi toimii omana henkilökohtaisena valmentajanasi ja pitää huolta säännöllisesten 1-2-1-tapaamisten avulla niin roolisi selkeydestä, tavoitteistasi kuin hyvinvoinnistasi. Tarjoamme sinulle mahdollisuuksia ammatilliseen kasvuun sekä itsesi ja osaamisesi kehittämiseen sekä toki autamme pitämään huolta työn- ja muun elämän yhteensov




ittamisesta.
Ystävällinen, luottamuksellinen ja arvostava työilmapiiri saa meillä jatkuvasti kiitosta. Meillä saat olla oma itsesi, mutta et ole yksin, sillä tukenasi on yli 260 osaava ja ammattitaitoisia työkaveria. Voit työskennellä meillä hybridimallilla toiveidesi mukaan etänä tai viihtyisillä toimistoillamme, jotka sijaitsevat Espoossa Keilaniemessä, Tampereella, Jyväskylässä ja Turussa, joissa myös tapaamme toisiamme sä




ännöllisesti.
Tarjoamme sinulle lisäksi useita henkilöst

 * öetuja, kuten:Osaamistasi vastaava palkkaus
 * ja bonusmalliLaajat työterveyspalvelut ja työntek
 * ijävakuutuksetVuosittainen budjetti osaamisen
 * kehittämiseenYhteiset tapahtumat ja aamupal
 * at toimistollaLounas ja virike-etuudet
 * (ePassi Flex




)Polkupyöräetu
Katso täältä, mitä tulevat työkaverisi ovat työnantajastaan mieltä. Tutustu myös sosiaalisen median sivuihimme (LinkedIn, Instagram)




#accountorteam
Haluamme kasvaa ja kehittyä paremmaksi kanssasi, joten ota seuraava askel urallasi ja jätä hakemuksesi meille palkkatoiveen kera mahdollisimman pian, viimeistään 8.9.2024. Käsittelemme hakemuksia jo hakuaikana ja saatamme kutsua hakijoita ensimmäiseen tapaamiseen Teamsilla jo ennen hakuajan päättymistä. Tuleva esihenkilösi Terhi Selin vastaa mielellään mahdollisiin kysymyksiisi sähköpostitse osoitteessa terhi.selin@accountorhr.fi. Odotamme innolla kuu




levamme sinusta!
Haku alkaa 22. elokuuta 2024 ja päättyy 8. syyskuuta 2024, klo 23.59







(Europe/Helsi




nki)

Tietoa meistä
Accountor on johtava pilvipohjaisten talous- ja henkilöstöhallinnon B2B SaaS-ohjelmistoratkaisujen toimittaja. Koko konserni työllistää yli 750 ohjelmistoalan ammattilaista kahdessa maassa. Tavoitteemme on mahdollistaa asiakkaillemme uusimmat teknologiset ratkaisut sekä automatisoidut prosessit päivittäiseen liiketoimintaan. Pääkonttorimme sijaitsee E




spoon Keilaniemessä.
Accountor HR Solutions Oy on tuotetalo ja yksi Accountorin liiketoimintasegmenteistä. Me Accountorin HR-ohjelmistoliiketoiminnassa (HRM, palkat, työaikaratkaisut) kehitämme ja myymme alan johtavia kotimaisia SaaS-tuotteitamme. Mepco Total -ohjelmistoperheeseemme kuuluvat mm. Mepco HRM palkat & HR, Mepco TyövuoroVelho, Mepco Tuntivelho, Mepco MaraPlan, Mepco Keikat sekä Mepco Aika. Tuotteemme ovat laajassa käytössä ja niillä hoidetaan yli 500 000 suomalaisen työsuhteen elinkaaren asioita. Me luomme parempaa työelämää asiakkaillemme ja uskomme, että hyvä henkilöstökokemus tuottaa erinomaista asiakaskokemusta. Vastuullisuus on liiketoimintamme ytimessä ja meille se tarkoittaa luottamuksellista, turvallista tietojen käsittelyä sekä ihmisten asettamista etusijalle. Accountor HR Solutionsissa on tällä hetkell




ä n. 260 työntekijää.",Associate,https://fi.linkedin.com/jobs/view/software-developer-at-accountor-hr-solutions-oy-4005047476?trk=public_jobs_topcard-title,"Espoo, Uusimaa, Finland",2 weeks ago,,,2024-08-22,,Software Development,Software Developer,Information Technology,Hybrid
Be among the first 25 applicants,EXTERNAL,https://ats.talentadore.com/apply/ohjelmistosuunnittelija/Zyp79e,3130111,SKSGroup,https://fi.linkedin.com/company/sks-group-oy?trk=public_jobs_topcard-org-name,Full-time,"Vahvistamme tiimiämme ja etsimme nyt joukkoomme




OHJELMISTOSUUNNITTELIJAA




Koetko, että työssäsi mielenkiintoisinta on päästä ratkomaan uusia ongelmia? Mietitkö, millaisia ongelmatyyppejä pääsisit meillä pohtimaan työssäsi? Meillä ohjelmistosuunnittelijana pääset osallistumaan vaihteleviin projekteihin. Toteutamme asiakkaillemme vaihtelevia ratkaisukokonaisuuksia koostuen jopa yli sadasta laitteesta teatteri- ja teollisuustoimialoille.




Näyttämötekniikka on ehkä alana sinulle uutta ja ilman kosketuspintaa on ehkä hankala päästä käsiksi ratkaisuihin, joita meillä pääsisit pohtimaan, joten tässä käytännön esimerkki:




”Yhdellä vaakakiskolla (esim. näyttämölevyinen 22m pitkä) on 6 kpl (1m leveitä, 5m korkeita) LED seiniä. Jokaisella seinällä on oma ohjaus/paikkatieto. Tehtävänä on saada kaikki seinät liikkumaan yhdessä ja erikseen 0.1-1m/s vauhdilla siten, että esitettävä kuva on koko ajan yhtenäinen. Jokaisen seinän on ”tiedettävä” missä naapurit ovat, jota vältyttäisiin törmäyksistä ja osattaisiin tarvittaessa kiihdyttää/hidastaa. Käyttäjällä on mahdollisuus ohjelmoida jokaisen seinän liikkeen intuitiivisen käyttöliittymän kautta ja ohjelman on osattava toistaa sekä valvoa liikkeen reaaliajassa muutaman mm tarkkuudella. Ja tietenkin, tämä kaikki toteutetaan ottaen huomioon mahdolliset vikatilanteet, kuten esim. jos yksi seinä jostain syystä pysähtyy kesken liikettä, miten muut reagoivat?”




Meillä ohjelmistosuunnittelijana osallistut asiakkaalta tulevan tarpeen myötä tapahtuvaan tuotekehitystyöhön ja lopullisen ratkaisun suunnitteluun. Valmistelet projektien käyttöönottoa ja keskustelet läpi toteutuksen asiakkaan kanssa projektipäällikkömme rinnalla.

Ohjelmointikielinä käytössämme on C++ ja ympäristönä Twincat/Codesys. Lopullinen työnkuvasi muotoutuu niistä osa-alueista, joissa koet olevasi vahvimmillasi ja joiden tekemisestä nautit. Tehtäväkuvaa voidaan muokata ja laajentaa aina kiinnostuksesi mukaan.




Sinulla on tehtävään soveltuva tekninen koulutustausta ja mahdollisesti jo muutaman vuoden kokemus vastaavista tehtävistä, ohjelmisto- tai automaatiosuunnittelun parista. Haluat kehittyä sekä sinulla on ennakkoluuloton asenne uusia asioita ja teknologioita kohtaan. Teet työsi huolellisesti ja panostat pitkäkestoisiin ratkaisuihin. Henkilönä olet pitkäjänteinen, oma-aloitteinen ja ongelmaratkaisukykyinen. Sinulta löytyy kykyä kommunikoida myös englanniksi.




Meillä pääset toimimaan osana motivoitunutta ja erittäin osaavaa työyhteisöä, jossa tuki on aina tarvittaessa lähellä. Yrityksessämme on tarjolla aidosti hyvät henkilökuntaedut aina laajasta työterveydestä kattaviin liikunta- ja kulttuurietuihin. Tarjoamme monipuolisen tehtäväkokonaisuuden, missä tuskin kohtaat kahta täysin samanlaista työpäivää. Pääset ratkomaan ongelmia lähellä asiakasta ja halutessasi näkemään maailmaa. Tarjoamme hienot puitteet oma-aloitteiselle toiminnalle, missä pääset aidosti vaikuttamaan ja kehittämään omaa vastuualuettasi.




Täällä voit tutustua yhteen viimeaikaisista projekteistamme:

https://www.royalcaribbean.com/icon-of-the-seas







Heräsikö kiinnostuksesi?

Voit hakea tehtävää rekisteröimällä CV:si ja hakemuksesi 30.8.2024 mennessä osoitteessa eezypersonnel.fi







Haluatko jutella tarkemmin?

Lisätietoja antaa Eezy Personnelin konsultti Heidi Tuomikorpi p. 043 824 3261.







SKS Control Oy suunnittelee ja toteuttaa näyttämötekniikkaa ja näyttämötekniikan ohjausjärjestelmien kokonaisratkaisuja vaativiin asiakastarpeisiin. Tärkeitä arvoja toiminnassamme ovat luotettavuus, toimivuus, turvallisuus, asiakaslähtöisyys ja kestävyys.

Toimitamme ratkaisuja aina suomalaisista teattereista Royal Caribbean -varustamon risteilijöille. Ammattitaitoisen osaamisemme huomaa parhaiten, kun toteuttamamme ratkaisut jäävät yleisöltä huomaamatta. Teollisuuden puolella palvelemme mm. suomalaisia koneenrakentajia erilaisin liikkeenohjausratkaisuin.




Tutustu toimintaamme www.sks.fi",Associate,https://fi.linkedin.com/jobs/view/ohjelmistosuunnittelija-at-sksgroup-4001525952?trk=public_jobs_topcard-title,"Vantaa, Uusimaa, Finland",3 weeks ago,,,2024-08-16,,Automation Machinery Manufacturing,Ohjelmistosuunnittelija,Information Technology,Hybrid
26 applicants,EXTERNAL,https://intrum.wd3.myworkdayjobs.com/fi-FI/External/job/Senior-Data-Engineer_R6263,7387,Intrum,https://se.linkedin.com/company/intrum?trk=public_jobs_topcard-org-name,Full-time,"Me intrumlaiset autamme toisiamme, kehitämme itseämme ja toimintaamme, kohtaamme haasteita rohkeasti sekä pidämme lupauksemme. Meillä pääset tekemään merkityksellistä työtä osana kansainvälistä työyhteisöä.







Haemme nyt Data & Analytics -tiimiämme vahvistamaan uutta työkaveria. Työssäsi rakennat ja suunnittelet analytiikkaratkaisuja sisäisien sekä ulkoisten sidosryhmien kanssa osana ketterää tiimiä. Olemme aloittamassa matkamme kohti pilvimigraatiota (Azure), joten roolissa on mahdollisuus päästä rakentamaan uutta data-alustaamme ja osallistumaan tuleviin teknologiavalintoihin.




Odotamme sinulta

 * vahvaa kokemusta ELT/ETL ratkaisuista ja työkaluista (esim. Python, Airflow, dbt)
 * modernin kehityksen osaamista (esim. versiohallinta & CI/CD)
 * kykyä omaksua nopeasti uusia asioita ja hahmottaa laajempia kokonaisuuksia
 * positiivista ja ratkaisukeskeistä asennetta
 * sujuvaa kommunikointia suomeksi ja englanniksi




Seuraavista osaamisista on tehtävässä hyötyä

 * pilviteknologiakokemus (Azure, AWS, GCP)
 * modernien data-alustojen ymmärrys (Snowflake, Databricks)
 * kokemusta jostain BI-työkalusta (esim. Qlik Sense, PowerBI, Tableau)
 * analytiikkaosaaminen (tilastolliset menetelmät)




Intrum tarjoaa sinulle kansainvälisen markkinajohtajan työympäristön ja mahdollisuuden tehdä merkityksellistä työtä sekä kehittää ammattitaitoasi monipuolisessa tehtävässä mielenkiintoisella toimialalla. Meillä on kannustava työkulttuuri, jossa työpanostasi arvostetaan ja lupaamme, että pääset työskentelemään motivoituneessa porukassa huippukollegoiden kanssa. Upouudet ja viihtyisät toimitilamme sijaitsevat hyvien yhteyksien päässä Helsingin Herttoniemessä. Työskentelemme hybridimallilla, jossa voit joustavasti yhdistellä etätyötä ja toimistopäiviä.




Työ alkaa sopimuksen mukaan mahdollisimman pian ja tehtävä on vakituinen. Käytäntömme mukaisesti tehtävään valittavalta henkilöltä tarkistetaan luottotiedot ja luottotietoselvityksen läpäiseminen on edellytys työsuhteen solmimiselle.




Lisätietoja tehtävästä antaa tiimin esihenkilö Juho Kolmonen, p. 0451188911.




Hakuaika tehtävään päättyy 15.9.2024. Haethan kuitenkin pikimmiten, sillä aloitamme hakijoiden kontaktoinnin jo hakuaikana!


",Associate,https://fi.linkedin.com/jobs/view/senior-data-engineer-at-intrum-4011343418?trk=public_jobs_topcard-title,"Helsinki, Uusimaa, Finland",2 weeks ago,Elina Tervonen,https://fi.linkedin.com/in/elina-tervonen-558440127,2024-08-27,,Financial Services,Senior Data Engineer,Information Technology,Hybrid
118 applicants,EXTERNAL,https://suomenpankki.rekrytointi.com/paikat/?o=A_A&jid=1502,18652,Bank of Finland (Suomen Pankki - Finlands Bank),https://fi.linkedin.com/company/bankoffinland?trk=public_jobs_topcard-org-name,Full-time,"Vahva asiantuntemus on vakauden valuuttaa.




Arvostamme asiantuntemustasi. Meillä saat tehdä yhteiskunnallisesti merkittävää työtä, haastaa ajatuksillasi ja ideoillasi. Luotettavuudella, jatkuvuudella ja tasapainolla luodaan kestävyyttä. Arvostamme myös hyvää arkiviikkoa, vapauden ja vastuun palkitsevaa liittoa. Vaikka olemme vakaa, emme suinkaan ole vakavia. Se, että olemme ylpeitä pankkilaisuudestamme, ei ole salaisuus.




Meidät tunnetaan eteenpäin katsovana ja tehokkaana keskuspankkina sekä rakentavana ja vaikutusvaltaisena eurojärjestelmän jäsenenä.




Etsimme nyt joukkoomme sinua,




(JUNIOR) OHJELMISTOSUUNNITTELIJA (backend-koodaus, integraatiot)




Merkityksellinen työ on inspiroivaa, haastavaa ja palkitsevaa.




Tietohallinto-osastollamme työskentelee noin 75 tietotekniikan ja tiedonhallinnan asiantuntijaa. Haemme joukkomme mukaan uransa alkuvaiheessa olevaa sovelluskehittäjää, jolta löytyy mielenkiintoa kehittyä erityisesti backend-koodauksen ja integraatioiden parissa.

Virkasuhde on määräaikainen ja täytetään 30.6.2026 saakka.




Tulet toimimaan tiimissä, joka vastaa Suomen Pankin markkinaoperaatioiden ja maksujärjestelmien IT-palveluiden kokonaisuudesta, sekä yleishallinnon tarvitsemista järjestelmistä. Tiimisi kokeneet asiantuntijat kehittävät ja ylläpitävät haastavan alueen järjestelmäpalveluiden kokonaisuutta pitkäjänteisesti läheisessä yhteistyössä liiketoimintaosastojen kanssa. Pääset tulevassa työssäsi perehtymään näihin keskuspankin kriittisiin järjestelmäpalveluihin. Panoksellasi onkin tärkeä vaikutus Suomen Pankin keskeisten toimintojen IT palveluihin. Keskuspankin IT-järjestelmät ovat ainutlaatuinen kokonaisuus, emmekä oleta löytävämme hakijaa, joka olisi työskennellyt täysin vastaavassa toimintaympäristössä. Tärkeintä onkin halu ja kyky kehittyä.




Tehtäviisi kuuluu erityisesti backend-koodaus ja integraatioiden toteutus Microsoft-teknologioilla (on-prem ja pilvi). Lisäksi pääset osallistumaan merkittävään kehitysprojektiin, ja syventämään kehittämiskokemustasi ja liiketoiminta-alueen tuntemustasi myös tätä kautta.




Mitä voit odottaa meiltä?

 * haastavia, vastuullisia ja monipuolisia työtehtäviä kriittisten järjestelmien parissa kansainvälisessä toimintaympäristössä
 * innostavan, osaavan ja sitoutuneen tiimin tuen
 * joustavan, vakaan ja osaamisen kehittämiseen panostavan työnantajan
 * laadukkaat työvälineet sekä joustavaa hybridityötä toimistolla ja kotona
 * mahdollisuuden kehittyä vaativia IT ratkaisuja hallitsevana ammattilaisena.




Meiltä saat lisäksi hyvä edut: mm. kattavat työterveyshuollon palvelut, reilut vuosilomat, laajan ravintoedun, liikunta- kulttuuri- ja työsuhdematkalippuedun sekä polkupyöräedun. Lisäksi meillä on monipuolista vapaa-ajan kerhotoimintaa ja mahdollisuus yhteisten vapaa-ajantilojen käyttöön Saariselällä ja Helsingissä. Olemme perheystävällinen työpaikka, ja meillä on joustavat työnteon tavat sekä hyvät etätyömahdollisuudet. Toimipisteemme sijaitsee Helsingin ydinkeskustassa.




Tehtävä sijoittuu Suomen Pankin palkkausjärjestelmässä vaativuusluokkaan 15 (tehtäväkohtainen palkanosa 3697 eur/kk). Lisäksi maksetaan suoriutumiseen ja ammatinhallintaan perustuvaa palkanosaa enintään 48 % tehtäväkohtaisesta palkasta. Henkilökohtainen osa määritellään valitun henkilön kokemuksen ja osaamisen mukaan ja tyypillisesti tehtävän alussa se sijoittuu n. 10–20 % välille.




Entä mitä odotamme sinulta?

 * soveltuvaa korkeakoulututkintoa, mieluiten tietojenkäsittelyn alalta. Opinnot voivat olla myös loppuvaiheessa
 * työkokemusta osana ohjelmistokehitystiimiä
 * palavaa mielenkiintoa laadukkaaseen sovelluskehitykseen Microsoft-ympäristössä (.NET, C#)
 * halua ja kykyä omaksua nopeasti uutta
 * kokemusta uusien teknologisten mahdollisuuksien hyödyntämisestä käytännön työssä
 * oma-aloitteisuutta, järjestelmällistä ja vastuullista otetta työhön
 * joustavuutta, asiakaslähtöistä asennetta ja yhteistyökykyä
 * halukkuutta haastaa itsensä kriittisten järjestelmien parissa
 * vahvan suomen kielen osaamisen lisäksi edellytämme hyvää englannin kielen taitoa




Arvostamme myös

 * kokemusta pilviteknologioista, erityisesti Azure
 * kokemusta integraatioiden toteutuksesta, esim. REST API, XML




Mitä työn merkityksellisyys tarkoittaa juuri sinulle?

”Mahdollisuutta käyttää omaa asiantuntijakapasiteettia laaja-alaisesti haastavissa tehtävissä. Työnsä tulosten näkeminen käytännössä”. - Suomen Pankin sisäinen tutkimus




Lisätietoja tehtävästä antaa toimistopäällikkö Petri Salminen. Yhteydenottopyynnöt sähköpostitse petri.salminen@suomenpankki.fi




Tutustu myös IT Business Partnerin Auroran uratarinaan verkkosivuillamme.

Luethan myös, mitä pääarkkitehtimme Anthony työstään tietohallinnossamme kertoo.




Tiesitkö, että Suomen Pankki tuhoaa kuukaudessa keskimäärin 1,8 miljoonaa kappaletta huonokuntoista seteliä. Siitä syntyy 1,5 vaihtolavallista setelisilppua.




Hakijalle voidaan tämän suostumuksella tehdä turvallisuusselvitys (turvallisuusselvityslaki 726/2014), terveystarkastus ja huumetesti. Osana rekrytointiprosessia voidaan käyttää myös soveltuvuusarviointia.




Monimuotoisuus, yhdenvertaisuus ja tasa-arvo ovat meille tärkeitä arvoja ja teemmekin jatkuvaa työtä monimuotoisuuden ja syrjimättömyyden varmistamiseksi. Arvostamme jokaisen asiantuntijuutta ja toimimme yhdessä tasavertaisina. Työilmapiirimme on turvallinen ja meillä jokaisen yksilöllinen tausta ja näkökulma nähdään arvokkaana voimavarana. Kannustamme hakijoita eri taustoista hakemaan osaksi organisaatiotamme.




Suomen Pankki on Suomen kansallinen keskuspankki ja eurojärjestelmän jäsen. Rakennamme taloudellista vakautta. Olemme yhteiskunnallisesti merkityksellisiä, monipuolisia ja haastavia työtehtäviä tarjoava vakaa ja vastuullinen työnantaja. Panostamme henkilöstömme osaamisen kehittämiseen ja hyvään johtamiseen. Kansainvälinen yhteistyö on arkipäiväämme. Meille henkilöstömme hyvinvointi sekä työn ja vapaa-ajan tasapaino ovat tärkeitä. Arvostamme toinen toisiamme ja meillä on hyvä työilmapiiri. Päätoimipisteemme sijaitsee Helsingin ydinkeskustassa.




Hakuaika päättyy: 16.09.2024 23:59",Associate,https://fi.linkedin.com/jobs/view/ohjelmistosuunnittelija-junior-at-bank-of-finland-suomen-pankki-finlands-bank-4011624136?trk=public_jobs_topcard-title,"Helsinki, Uusimaa, Finland",1 week ago,,,2024-08-30,,Banking and IT System Data Services,Ohjelmistosuunnittelija (Junior),Information Technology,Hybrid
