applicationsCount,applyType,applyUrl,benefits,companyId,companyName,companyUrl,contractType,description,experienceLevel,id,jobUrl,location,postedTime,posterFullName,posterProfileUrl,publishedAt,salary,sector,title,workType,work_arrangement
Over 200 applicants,EXTERNAL,https://emp.jobylon.com/jobs/252835/,,73175909,Loihde,https://fi.linkedin.com/company/loihdegroup?trk=public_jobs_topcard-org-name,Full-time,"Etsimme itsenäisestä työskentelystä innostuvaa, jo muutaman vuoden ohjelmistokehityksen parissa työkokemusta kerryttänyttä Software Developer:ia mukaan Loihteen porukkaan!

Tarjoamme sinulle mahdollisuuden jatkuvaan ammatilliseen kasvuun mm. yhteisten lukupiirien, koulutusrahan ja projekteissa etenemisen kautta.




Meillä on tilaa asiantuntijoille, jotka haluavat pysyä teknisen osaamisen aallonharjalla ja rakentaa omaa urapolkuaan syventämällä asiantuntemustaan asiakasprojekteissa onnistumisten kautta.

Sinusta tulisi tärkeä osa Digitaaliset palvelut-liiketoimintayksikkömme tiimiä, jossa vastuu ja vapaus kulkevat käsi kädessä.




Ympärilläsi on laaja joukko asiantuntijoita, joihin voit tukeutua arjessasi matalalla kynnyksellä. Meillä on paikka sinulle, joka nautit itsenäisestä työskentelystä ja jatkuva oppiminen on sinulle tärkeää.




Mitä toivomme sinulta:

 * Vähintään 3 vuoden kokemusta ohjelmistokehityksestä, taitoa priorisoida ja ottaa vastuuta sekä tukea tiimiläisiä
 * Kiinnostusta ja kyvykkyyttä toimia Full stack -kehittäjänä osana sekä asiakkaan, että Loihteen tiimiä
 * Hallitset mm. jotkut seuraavista teknologioista: React.js, Node.js, Javascript, PostgreSQL, Java/Spring, C#, tai .NET
 * Omaat jo kokemusta pilviteknologioista, ja ehkä olet harkinnut sertifikaattien suorittamista Azuren tai AWS:n osalta
 * Olisit valmis käymään asuinpaikastasi riippuen aina välillä Helsingissä tai Oulussa tapaamassa tiimiläisiä




Mitä voit odottaa meiltä:

 * Olemme kirjava ja mukaansatempaava porukka, jossa jokaisella on tilaa olla oma itsensä
 * Digitaalisten palveluiden toimistomme sijaitsevat Helsingin ja Oulun keskustoissa toimien mukavina kohtaamispaikkoina työkavereiden kesken
 * Järjestämme säännöllisesti yhteisiä tapahtumia, joissa työkaverit tulevat tutuiksi
 * Viestimme avoimesti ja pyrimme välittömyyteen, jotta jokaisella on mahdollisuus onnistua työssään ja viihtyä meillä pitkään




Miksi tulla Loihteelle?

 * Ammattitaitoinen ja lämminhenkinen yhteisö, jossa saa olla oma itsensä
 * Reilu palkkamalli, joka kohtelee ihmisiä yhdenvertaisesti
 * Mielekkäät ja monipuoliset projektit, joihin saat itse vaikuttaa
 * Mahdollisuus vaikuttaa omaan tekemiseen ja urakehitykseen sekä resursseja ja joustavia mahdollisuuksia osaamisen kehittämiseen




Rekrytointimme toteutetaan skills-based-ajatuksella. Keskustelujen kautta pyrimme yhdessä pohtimaan sitä, millaiset tulevaisuuden haasteet tukevat sinun taitojesi kehittymistä.




Jos kiinnostuit ja tunnistit kuvauksesta itsesi, olethan meihin yhteydessä!",Associate,4025692217,https://fi.linkedin.com/jobs/view/software-developer-junior-mid-level-at-loihde-4025692217?trk=public_jobs_topcard-title,"Helsinki, Uusimaa, Finland",3 weeks ago,Karita Suppula,https://fi.linkedin.com/in/karita-suppula,2024-09-13,,IT Services and IT Consulting and Computer and Network Security,Software Developer Junior/Mid level,Consulting and Engineering,Hybrid
52 applicants,EXTERNAL,https://upm.wd3.myworkdayjobs.com/Careers/job/Wroclaw-Business-Hub/XMLNAME\u002d\u002dSenior\u002d\u002dAI-and-Analytics-Engineer_NB6022277-1,,5251,UPM - The Biofore Company,https://fi.linkedin.com/company/upm-kymmene?trk=public_jobs_topcard-org-name,Full-time,"We are now looking for an AI and Analytics Engineer(s) in UPM Sourcing to learn and grow with us. This is a permanent position, located in Wrocław, Poland or Helsinki / Tampere, Finland.







Greetings from your future manager




We warmly welcome you to our team of Sourcing AI, analytics and data management professionals. In this role, you'll have the opportunity to gain a comprehensive view of our businesses, sourcing & procurement, market dynamics and AI and analytics development across the organization. You’ll be able to showcase your expertise in AI and analytics engineering, while also expanding your skill set and working with the latest tools and technologies. We encourage innovation and look forward to seeing the unique perspectives and insights you'll bring. This is a collaborative environment where not only will you learn from the experts around you, but we are also eager to learn from you. Petri, Senior Manager, Sourcing AI and Data Strategy







What you will do

 * Designing, developing, and implementing AI and analytics solutions that support prioritized business objectives, with a focus on scalability, maintainability, and performance
 * Building and maintaining machine learning models and AI algorithms that enable faster decision-making and drive end-to-end process automation
 * Staying up to date with AI trends, incorporating the latest technologies and methodologies into ongoing projects
 * Supporting AI project lifecycle management, including use case identification, feasibility analysis, and model deployment, in collaboration with third-party providers
 * Developing, maintaining, and optimizing data pipelines and ETL processes to ensure efficient data integration from various sources
 * Evaluating and integrating external data sources, market intelligence, and APIs to enhance data ecosystems and analytics capabilities







Who you are

 * You are self-directed, responsible, proactive and doer with customer service mindset
 * You are fluent in English and appreciate working in a truly international environment; other languages are considered beneficial
 * You have master’s degree in Information Systems, Computer Science, Engineering/Economics, Management Science or Mathematics and 3+ years of working experience in Sourcing / Source-to-Pay / Finance process organization in similar position
 * You have strong experience in analytics and AI use case development, data engineering, database design and data storytelling through visual analytics
 * You possess solid experience in cloud technologies, tools, and architecture; thorough understanding of Snowflake, SQL Server, Microsoft Azure platform, Azure AI services, Generative AI & LLMs, and Power Platform tools (Power BI, Power Apps) is essential
 * You have experience working with APIs and integrating external data sources and market information services into analytics solutions; experience with SAP or the Ariba data model in the Source-to-Pay process area is a great asset
 * You are proficient in data engineering programming languages such as SQL and Python







This is what we offer to you

 * A meaningful job – We have an inspiring purpose ‘We create a future beyond fossils'. Our work is impactful and transformative.
 * A caring community – Our community is built on great team spirit and shared commitment. We care about each other and the well-being of our colleagues. We support the work-life balance of all our employees.
 * Development opportunities – We offer you great opportunities to learn and grow throughout your career. We are an international, multi-business organization offering plenty of avenues for personal growth.
 * Responsible employer - Sustainability is at the core of everything we do. We are committed to ambitious, science-based sustainability targets in all areas from climate change to biodiversity. We foster diversity and inclusivity, offering a work environment in which everyone can be themselves.




Learn about our Rewarding and our Ways of working







Additional information




The position is located in UPM Business HUB in Wrocław (Poland), UPM Biofore House in Helsinki (Finland) or UPM Business HUB in Tampere (Finland).




Please apply by clicking the Apply button and attach your CV, and optionally a cover letter in English latest by 19.10.2024. We highly appreciate you applying at your earliest convenience, as we are reviewing the applications continuously. Please note that we will be conducting preliminary interviews already during the application period.




For support with submitting your application, please contact HR Service Center at careers@upm.com or tel. +48 12 399 94 99",Associate,4029936352,https://fi.linkedin.com/jobs/view/senior-ai-and-analytics-engineer-at-upm-the-biofore-company-4029936352?trk=public_jobs_topcard-title,"Helsinki, Uusimaa, Finland",3 weeks ago,,,2024-09-19,,Paper and Forest Product Manufacturing,(Senior) AI and Analytics Engineer,Information Technology,Hybrid
180 applicants,EXTERNAL,https://meltwatercareers.ttcportals.com/en/jobs/14932438-insights-analyst?__jvst=Job+Board&__jvsd=LinkedIn&tm_event=view&tm_company=89119&tm_job=11245&bid=370,,13277,Meltwater,https://www.linkedin.com/company/meltwater?trk=public_jobs_topcard-org-name,Full-time,"Description

What We’re Looking For

Join Meltwater's Client Insights team, where you'll step into the role of an Insights Analyst, contributing to our bespoke reports and project management for esteemed clients. Your analytical skills will shape customized reports and assist in managing key projects, utilizing both quantitative and qualitative media analysis to offer actionable insights. Working closely with internal teams and clients, you'll ensure timely delivery of high-quality reports, continuously refining techniques to meet evolving client needs. As a pivotal member of our data-driven approach, you'll collect, organize, and analyze customer research metrics to inform critical business decisions. Your duties will encompass data compilation, analysis, insight generation, and assisting in report development methodologies.

At Meltwater, you'll immerse yourself in an environment fostering continuous growth, where mentorship and inclusive leadership are fundamental principles rather than mere catchphrases. Collaborate with experienced colleagues and respected leaders, continually evolving alongside industry trends. Within this dynamic environment, you'll thrive within a culture emphasizing empowerment and autonomy, making significant contributions to our expanding organization's success.

What You'll Do:


 * Interpret customer requirements, translate them into reporting deliverables, and assist in generating dashboards, report templates, and query building.
 * Track deadlines and deliverables to ensure prompt report delivery to clients, maintaining overall formatting and visual consistency of reports.
 * Craft contextual and qualitative analyses based on KPIs, proofread/edit reports for accuracy, and verify numbers and report findings.
 * Address customer inquiries and concerns regarding delivered reports, contributing to training and initiatives to enhance team knowledge and efficiency.
 * Conduct quantitative and qualitative analysis of media data to provide clients with insights on brand perception, media performance, and industry trends.
 * Project management to ensure customer satisfaction throughout the delivery process, analyzing mainstream and social media content to inform strategic communication objectives.
 * Utilize Meltwater software, Excel, and PowerPoint to extract data, produce reports, and collaborate with internal teams and clients to enhance value-added initiatives.
 * Develop strategies to improve report quality and objectives based on client feedback, ensuring timely completion of deliverables with high quality by effectively coordinating with the team.
   
   

What You'll Bring:


 * 1-3 years of relevant work experience (client-facing roles are advantageous).
 * Exceptional written and verbal communication skills in English, with a particular emphasis on proficient report writing in English.
 * Proficiency in Microsoft PowerPoint & Excel, including PivotTable, VLOOKUP, and similar functions.
 * Meticulous attention to detail, adept at handling recurring tasks and ensuring data integrity.
 * Proficient report writing skills, covering both qualitative and quantitative aspects.
 * Customer-focused mindset with a commitment to exceptional client servicing.
 * Critical thinking skills, facilitating insights derived from data analysis.
 * Strong interest in current affairs, mainstream media, and social media trends.
 * Comfortable working autonomously and collaborating effectively with remote team members, including reporting to managers situated in distant locations.
 * A keen interest in learning, adaptability, and resilience in a dynamic work environment.
 * Excellent written and verbal communication skills in Finnish, Swedish and English, particularly in report writing.
 * Willingness to embrace the best of both worlds with our hybrid work schedule. This role requires you to be in the office 3 days a week.
 * The ability to legally work in the country of hire is required for this position.
   
   

What We Offer:


 * Enjoy 30 days of annual paid time off plus an additional day off on your birthday!
 * Access comprehensive health and pension benefits through Mehiläinen, providing you with a holistic approach to well-being and financial security.
 * Complimentary CalmApp subscription for you and your loved ones, because mental wellness matters.
 * Energetic work environment with a hybrid work style, providing the balance you need
 * Benefit from our family leave program, which grows with your tenure at Meltwater.
 * Thrive within our inclusive community and seize ongoing professional development opportunities to elevate your career.
   
   

Where You'll Work: Mikonkatu 15a, Helsinki, Finland 100

When You'll Join: December 2024

Our Story

The sky is the limit at Meltwater.

At Meltwater, we believe that when you have the right people in the right working environment, great things happen. Our best-in-class technology empowers our 27,000 customers around the world to analyze over a billion pieces of data each day and make better business decisions.

Our award-winning culture is our north star and drives everything we do – from striving to create an environment where all employees do their best work, to delivering customer value by continuously innovating our products — and making sure to celebrate our successes and have fun along the way.

We’re proud of our diverse team of 2,300+ employees in 50 locations across 25 countries around the world. No matter where you are, you’ll work with people who care about your success and get the support you need to reach your goals.

So, in a nutshell, that's Meltwater. We love working here, and we think you will too.

Equal Employment Opportunity Statement

Meltwater is an Equal Opportunity Employer and Prohibits Discrimination and Harassment of Any Kind: At Meltwater, we are dedicated to fostering an inclusive and diverse workplace where every employee feels valued, respected, and empowered. We are committed to the principle of equal employment opportunity and strive to provide a work environment that is free from discrimination and harassment.

All employment decisions at Meltwater are made based on business needs, job requirements, and individual qualifications, without regard to race, color, religion or belief, gender, gender identity or expression, sexual orientation, national origin, genetics, disability, age, marital status, veteran status, or any other status protected by the applicable laws and regulations.

Meltwater does not tolerate discrimination or harassment of any kind, and we actively promote a culture of respect, fairness, and inclusivity. We encourage applicants of all backgrounds, experiences, and abilities to apply and join us in our mission to drive innovation and make a positive impact in the world.",Associate,4025530138,https://fi.linkedin.com/jobs/view/insights-analyst-at-meltwater-4025530138?trk=public_jobs_topcard-title,"Helsinki, Uusimaa, Finland",3 days ago,Zinzi Simayile,https://za.linkedin.com/in/zinzi-simayile-a20944194,2024-10-08,,Software Development,Insights Analyst,"Research, Analyst, and Information Technology",Hybrid
53 applicants,EXTERNAL,https://careers.nosto.com/jobs/4899635-software-engineer?utm_campaign=jobs-widget&utm_source=careers.nosto.com&utm_content=jobs&utm_medium=web,,2621568,Nosto,https://fi.linkedin.com/company/nosto?trk=public_jobs_topcard-org-name,Full-time,"Who are we?

At Nosto, we’re on a mission to make every impression relevant. We’re a global leader in the booming e-commerce space and work with amazing customers like FIGS, Muji, Dermalogica and Douglas. We are processing data for thousands of merchants with tens of millions of visitors on their sites on a daily basis.

Utilizing behavioral data, deep integrations, machine-learning technology, and automated workflows, the Nosto Commerce Experience Platform makes it easy for brands and retailers to quickly deploy fully personalized commerce experiences at scale. As an Engineer at Nosto, you’ll be solving one of the biggest challenges brands and retailers face today: How to offer customers relevant and authentic shopping experiences that drive results. We believe in always listening to our customers and achieving big things by accomplishing something small every day.




What you would be working on

Together we align the various frontend, backend and integration stacks used in our platform. You will participate in software development of our public frontend integrations and help our team with technical guidance and reviews. You will report to the Head of Core Front End.

You will play a key role in tightly collaborating with our product manager to ensure that product, security, and technical requirements are fully aligned with the team for seamless execution.




Key Responsibilities:

 * Design, build, and maintain efficient, reusable, and reliable code by integrating our platforms with external services and APIs
 * Identify, troubleshoot, and resolve integration issues, applying debugging and problem-solving techniques
 * Contribute to the development of new features from concept to launch
 * Uphold and enhance observability capabilities to identify efficient operation and responsiveness of the system
 * Create and maintain comprehensive documentation for integration solutions, including architectural designs, API specifications, and operational guides
 * Participate in agile development processes, including sprint planning, daily stand-ups, retrospectives, and continuous improvement cycles
 * Write clean code following relevant design patterns and contribute to upholding the quality level within the team through code review practices
 * Execution of comprehensive testing and quality assurance processes. Support our partners with reviews and technical guidance




What we expect

 * Bachelor’s degree in computer science, engineering, or a related field.
 * Minimum of 6 years of software development experience; using Java as a programming language.
 * Experience in modern frontend development using a component oriented framework such as Vue or React
 * Deep knowledge and experience in writing both Javascript and Typescript
 * A track record of independent planning, implementation, testing, deployment and validation of complex customer facing software systems.
 * Fluent spoken and written English.




What we appreciate

These are not hard requirements or skills we’re expecting you to already have, but something we appreciate and will be valuable on your journey at Nosto

 * Experience in other OOP languages and/or programming paradigms
 * Experience working with AWS or other cloud providers
 * Knowledge and experience with PHP, Vue.JS, TypeScript, and React are a plus.
 * Experience with Backend Node frameworks such as Express and Nest.js




What we offer

 * Apple Devices 💻 📱
 * Ergonomic and centrally located offices🏢 with flexible working hours and remote working options 🏡 🗺️
 * Opportunities to meet and collaborate with awesome team members from all over the world 👋
 * An extra day off on your birthday 🥳
 * Mental Health App benefit 🧘
 * Paid time off to do good for the community around you 🫶
 * About five weeks of vacation 🌴 and other benefits depending on the location




Nosto Supports Workplace Diversity

We are committed to Equal Employment Opportunity without regard for race, color, ancestry, religion, sex, national origin, sexual orientation, age, citizenship, marital status, disability, gender identity or veteran status. If you have a disability or special need that requires accommodation, please let us know.",Associate,4039897602,https://fi.linkedin.com/jobs/view/software-engineer-at-nosto-4039897602?trk=public_jobs_topcard-title,Helsinki Metropolitan Area,1 week ago,,,2024-10-01,,"Technology, Information and Internet",Software Engineer,Engineering,Hybrid
Be among the first 25 applicants,EXTERNAL,https://careers.nixu.com/jobs/5001933-software-engineer-application-soc-specialist?promotion=1158461-trackable-share-link-linkedin,,15573,Nixu Corporation,https://fi.linkedin.com/company/nixu-oy?trk=public_jobs_topcard-org-name,Full-time,"We are looking for a Software Engineer interested in Cyber Security to work in our Application SOC team. This team is part of the Service Integration unit within Nixu’s Managed Services department. Managed Services is a tech-savvy group of people, with a common interest in improving the security of our customers. In this role, you would be focusing on further strengthening our capabilities in both protection and detection domains.




You will be part of an experienced team, which provides you with the necessary support and capabilities to further develop your professional skills. As we use many technologies and constantly develop our services and operations, you have the possibility to take part in the creation of comprehensive cyber security monitoring solutions.




In this role, you will:

 * Lead customer assignments, ranging from simple engagements to more complex deployment projects.
 * Conduct threat modelling exercises and work with customer stakeholders which are mostly the technical software engineers and security team. Thus, this is a customer-facing role.
 * Have the chance to influence the projects that you get. Thus, you can affect where you personally develop, so you can develop in the way that you want.
 * Drive continuous improvements in our customers’ environments.
 * Enable us to build scalable, efficient, and high-quality managed services, especially focusing on further enhancing our protection and detection capabilities.
 * Work closely with other internal stakeholders to enhance the capabilities of the Nixu Security Operations Center




We hope you have experience from the following:

 * Software engineering and software architecture
 * Threat modeling
 * Log collection technologies and agents
 * General information security concepts




Following is seen as beneficial for the role:

 * SIEM or log management technologies
 * Modern DevOps -practices and ways of working
 * Building and operating scalable managed services in public cloud platforms
 * Infrastructure-as-Code (IaC)
 * In depth knowledge of OWASP




Be one of us

We have recently embarked on an exciting journey – formerly known as Nixu, now combined forces with DNV and Applied Risk, with the goal of creating a leading European cyber security services business.




As DNV Cyber, we are passionate about cyber security and take pride in the way we are impacting the society we live in. We encourage you to excel professionally through knowledge sharing and demanding cases. At DNV Cyber, you'll have 500 colleagues who share an interest in cyber security with you.




At DNV Cyber, you will have the opportunity to work on a variety of cases and customers from various industries. You will be working in an international environment with global opportunities to advance in your career. With us, you will be surrounded by the most talented people in the cyber security field. We encourage you to keep challenging yourself by exploring new areas of expertise.




Join us on an exciting adventure of growth, meaningful work, and shaping the future through cyber security!




Apply now!

We are waiting for your application! To apply please create a profile in our recruitment system and attach you CV, cover letter and salary expectations.




Need more information?

If you have any questions regarding this position, please reach out to the hiring manager Mikko Hyvärinen, mikko.hyvarinen@dnv.com




A security background check will be a part of the recruitment process.",Associate,4029048289,https://fi.linkedin.com/jobs/view/software-engineer-application-soc-specialist-at-nixu-corporation-4029048289?trk=public_jobs_topcard-title,"Espoo, Uusimaa, Finland",2 weeks ago,,,2024-09-20,,Computer and Network Security,Software Engineer / Application SOC Specialist,Consulting and Information Technology,Hybrid
149 applicants,EXTERNAL,https://thehub.io/jobs/66f69f06ad022646c7ad2ba9?utm_source=client&utm_medium=dashboard&utm_campaign=startupshared,,10622728,Integrify ©,https://fi.linkedin.com/school/integrifyacademy/?trk=public_jobs_topcard-org-name,Full-time,"UI Developer




Integrify is an upskilling and recruitment services provider that brings together software developers and Finnish tech teams. We recruit, train, and connect talented developers to teams seeking new expertise. Over 150 organizations trust us, with companies like ABB, Telia, TietoEvry, Digia, and Fujitsu hiring experts through our services. Our goal is to ensure that our client companies can rely on the quality of our tech talents and their technical expertise to advance their business.




We are looking for several experienced UI developers to join our client companies. Are you the UI expert we are looking for, ready to take the next step in your career and embrace new challenges?




You might be the person we're looking for if you have experience in:

 * Proven experience as a UI Developer or similar role.
 * Proficient understanding of web markup languages, including HTML5 and CSS3.
 * Advanced knowledge of JavaScript and front-end frameworks (e.g., React, Angular, Vue.js).
 * Experience with responsive design and mobile-friendly development.
 * Familiarity with UI/UX best practices and principles.
 * Strong problem-solving and debugging skills.




We also value a relevant technical degree, excellent skills in both Finnish and English, as well as strong teamwork and communication abilities. Success in this role requires several years of relevant work experience.




We offer:

 * The opportunity to work on meaningful projects and influence future technological solutions.
 * An international and diverse working environment.
 * Continuous opportunities for learning and development.
 * A competitive salary.




If you see yourself in this profile and want to be part of our team, apply at: https://thehub.io/jobs/66f69f06ad022646c7ad2ba9?utm_source=client&utm_medium=dashboard&utm_campaign=startupshared

",Associate,4036497357,https://fi.linkedin.com/jobs/view/ui-developer-at-integrify-%C2%A9-4036497357?trk=public_jobs_topcard-title,Helsinki Metropolitan Area,1 week ago,,,2024-09-27,,Staffing and Recruiting,UI Developer,Information Technology,Hybrid
38 applicants,EXTERNAL,https://workat.septentrio.com/job-detail/?id=mp0pekz,,37977,Septentrio,https://be.linkedin.com/company/septentrio?trk=public_jobs_topcard-org-name,Full-time,"For our Espoo offices, we are looking for highly qualified and motivated professionals like you. If you think you have what it takes to keep Septentrio firmly in Pole Position, get in touch.

We need you for the position of




High Precision GNSS Algorithm Engineer




The Job

Our High Precision GNSS Algorithm Engineer designs, implements and validates our state-of-the-art embedded positioning and navigation software. This software runs on GNSS and hybrid navigation modules capable of centimeter-level-precision positioning. As an algorithm engineer, you’re part of our PNT Products development team.

Your mission

As High Precision GNSS Algorithm Engineer, you are a key contributor to the development of Septentrio next generation Positioning Engine. The Positioning Engine computes centimeter level position, cm/s velocity and sub-degree orientation based on GNSS ranges coupled with additional sensors such as accelerometers, gyros, a magnetometer, and an odometer.

You work closely with peer Software Engineers and GNSS Algorithms Experts to develop high quality software in C++, running efficiently on a state-of-the-art embedded platform and will ensure the flexibility, modularity and efficiency of the object-oriented software implementation starting from Matlab and/or C++ prototypes.

You develop unit tests and software test cases to validate your algorithms and software, leveraging the Septentrio library of real test data and the continuous integration framework.

Your qualifications

You have at least four years of hands-on experience in cm-level GNSS positioning, gained either in the industry or through academic research. You hold a MSc or PhD in geomatics, geodesy, aerospace engineering, mathematics, or a related field.

Your technical expertise will be crucial as you navigate the complexities of GNSS error components in adverse conditions, such as ionospheric storms or high multipath environments in industrial settings. A solid understanding of the Embedded Software Development Life Cycle, along with familiarity with tools like issue tracking, source control, and continuous integration, will help you excel in this role. Proficiency in embedded C/C++ is essential, and your experience as an algorithm developer will be backed by a strong foundation in linear algebra and advanced matrix handling. You’ll be tasked with performance evaluation, quality control, and error analysis for the algorithms you develop, ensuring that they meet the highest standards.

We value individuals who are proactive, structured, and analytical problem-solvers. You should enjoy working closely with a small team of specialists, where collaboration is key to our success.

While not mandatory, experience working in Agile/Scrum teams, knowledge of ambiguity resolution algorithms, and programming skills in Matlab and Python will give you an edge in this position.

Our Offer

In exchange for your talent, we offer a competitive compensation package in a top-notch high-tech, international working environment. At Septentrio you’ll have room to grow, both personally and professionally. Our on-boarding plan is legendary, our homework policy family-friendly. Get in touch and help us shoot for the moon, the stars and beyond.",Associate,4011114901,https://fi.linkedin.com/jobs/view/high-precision-gnss-algorithm-engineer-at-septentrio-4011114901?trk=public_jobs_topcard-title,"Espoo, Uusimaa, Finland",1 week ago,Heleen Draye,https://be.linkedin.com/in/heleendraye,2024-09-27,,Semiconductor Manufacturing,High Precision GNSS Algorithm Engineer,Research and Information Technology,Hybrid
97 applicants,EXTERNAL,https://careers.corsearch.com/jobs/4994361-data-scientist?utm_source=LinkedIn,,2593860,Corsearch,https://uk.linkedin.com/company/corsearchinc?trk=public_jobs_topcard-org-name,Full-time,"Do you get excited when hearing about trademarks and brand protection news? YES?! So do we! At Corsearch, there’s no pushing trademark solutions and brand protection from our thoughts. We’re thinking about coined trademarks in the car, a detailed design search over lunch, counterfeits while sitting with the in-laws, and anti-piracy while working out

We are a mission-led company, driven by a passion for making the world better and safer for our brand customers and their consumers. It’s what we do. And people come to Corsearch to be challenged, developed, supported, and valued 👍













✅The Role

AI team is responsible for researching, designing, implementing and optimizing cutting edge data science solutions in fields like image tech, NLP or fraud. We’re looking at different methodologies/models and validate them to find the most promising solution to our actual problems.

As a Data Scientist - working in the AI team - you will be involved in projects of different products lines/business area. As NLP data scientist you’ll be responsible to apply SOTA (state of the art) NLP models to our problems including, but not limited to handling orthographic / semantic / phonetic representations for similarity scoring. Additionally you’ll be researching / applying computer linguistic based search/retrieval algorithms as well.










Learn more about our Data Science org, and wider business here










✅Responsibilities And Duties

 * Research and implement NLP based solutions in online brand protection and trademark business line
 * Try different SOTA models for topics like text similarity / search
 * Work closely with subject matter experts to validate results and share knowledge about the used methodology
 * Take care of the continuously increasing training/test datasets, verify consistency, offer solution for revisiting labeling issues
 * Implement the solution based on continuous training principle as user feedbacks and expert reports are available
 * Think creatively about the implemented solutions, advise new features or tools, innovate
 * Collaborate with other Data Scientists to share knowledge and continuously improve NLP solutions
 * Take part in other machine learning projects utilizing your experiments and general understanding of deep learning principles













✅About You

 * You are excited about working in NLP team and interested to keep track the latest advancements in the field
 * Have excellent technical skills to apply new methodologies to make more accurate / efficient solutions
 * Strong desire to always learn new technologies, techniques, and tools
 * Ability to work through problems and figure out next steps
 * Open-minded to different ways of accomplishing tasks
 * Ability to work collaboratively in a geographically distributed team environment
 * Able to effectively prioritize work in a highly dynamic work environment
 * Ability to proactively reach out and facilitate communications













✅Essential

 * MSc or Bachelor degree in Computer Science, Mathematics, Artificial Intelligence or related field
 * Minimum 3 years relevant industry experience in researching/building data science applications
 * Hands-on experiment with Transformer based models, like fine-tuning, transfer learning
 * Knowledge of search/retrieval algorithms (TF-IDF, n-gram, Aho-Corasick, Suffix trees, etc)
 * Proficient programming skills in a high-level DS languages (python, R), R shiny experience for prototyping is a plus
 * Experience with working in cloud (AWS, GCP, Kaggle, etc. )
 * Broader knowledge of large dataset processing pipelines and distributed computing architectures (Apache Beam/Airflow, Spark/Hadoop architectures)
 * Knowledge of relational databases, noSQL, memory database technologies, graph processing (Elastic Search, MongoDB, Redis)
 * Experience with GPU backed modeling/inference













Corsearch is an equal opportunity and inclusive employer and does not tolerate discrimination of any kind. We are committed to creating a diverse and inclusive workplace where all employees feel valued, respected, and supported. We welcome applications from all individuals regardless of race, nationality, religion, gender, gender identity or expression, sexual orientation, age, disability, or any other protected characteristic. Together, we are working proactively to build a workplace where everyone can belong and be at their best selves. Together, we make an Impact.













Trusted by over 5,000 customers worldwide, Corsearch delivers AI-powered data, deep analytics, and professional services that support brands to market their assets, drive growth, and optimise brand presence against infringement.

Corsearch enables brand owners to discover, monitor and control the use and misuse of their brands and associated products and services online and is the industry market leader.

Corsearch does this in an increasingly complex global digital environment, with online brand protection solutions that cover everything from anti-counterfeiting to anti-piracy.",Associate,4029497249,https://fi.linkedin.com/jobs/view/data-scientist-at-corsearch-4029497249?trk=public_jobs_topcard-title,"Helsinki, Uusimaa, Finland",1 day ago,,,2024-10-10,,Information Services,Data Scientist,Engineering and Information Technology,Hybrid
Be among the first 25 applicants,EXTERNAL,https://my.barona.fi/application/66eadb290b04a1001dde0905,,10279209,Merative,https://www.linkedin.com/company/merative?trk=public_jobs_topcard-org-name,Full-time,"Merative on maailmanlaajuisesti tunnettu teknologiakumppani, joka tarjoaa innovatiivisia data- ja analytiikkaratkaisuja terveys- ja sosiaalipalvelujen tarjoajille. Merative on nyt laajentamassa toimintaansa Suomeen ja rakentaa tällä hetkellä uutta tiimiä, joka tulee toteuttamaan alansa johtavan Cúram-järjestelmän implementointiprojektia. Hae nyt ja liity ensimmäisten joukossa Merativen matkalle mukaan Suomessa!




Teknisenä IT-konsulttina tulet osaksi uutta tiimiä, joka tulee toteuttamaan Cúram-järjestelmän implementointiprojektia. Toimit erittäin mielenkiintoisessa roolissa, vastaten osaltasi Cúram-järjestelmän teknisestä implementoinnista ja käyttöönotosta, päästen samalla vaikuttamaan asiakkaidemme liiketoimintaan teknologiaratkaisuidemme keinoin. Työtä tehdään JEE-ympäristössä ja tiimi vastaa yhdessä Cúramin end-to-end -toteutuksesta.




Vastuualueesi pitävät sisällään:




 * Määrittelet ja seuraat kehitystiimin laatustandardeja
 * Suunnittelet, kehität, ohjelmoit sekä testaat Cúramin implementointia JEE-ympäristössä
 * Työskentelet tiiviisti liiketoiminnan sekä teknisten sidosryhmien kanssa, kääntäen liiketoiminnan haasteita teknisiksi toteutuksiksi.
 * Ylläpidät positiivista tekemisen henkeä niin tiimisi sisällä kuin myös yhteistyökumppanien ja asiakkaiden suuntaan
 * Ylläpidät ja kehität osaamistasi Cúramin ympärillä samalla kun toimintamme kasvaa – esimerkiksi raportoinnin ja analytiikan, pilviympäristöjen, datamigraatioiden, verkkopalveluiden ja tietoturvan saralla
 * Olet mukana kehittämässä ja jakamassa osaamista sekä parhaita toimintatapoja ympäri maailmaa olevan tiimimme kesken




Toivomme sinulta:




 * Vähintään 2 vuotta kokemusta IT- tai teknisenä konsulttina toimimisesta, mielellään julkisen sektorin hankkeissa




Tehtävässä menestymisen avaimia ovat kokemus mm. seuraavista osa-alueista:




 * Java/JEE/XML
 * Verkkopalveluiden kehittämisestä sekä REST- ja SOAP-rajapinnoista
 * Suunnittelumalleista ja -metodeista
 * UML
 * Ketterän kehityksen menetelmistä (DevOps, CI/CD, Jenkins)
 * Relatiiviset tietokannat (DB2/Oracle) sekä SQL
 * Websphere tai Weblogic
 * JavaScript teknologioista, kuten React JS
 * AWS ja / tai Azure
 * Kubernetes, Helm charts
 * Sujuva suomen- ja englanninkielentaito, ruotsinkieli eduksi




Tarjoamme sinulle mahdollisuuden kasvaa ja kehittyä kansainvälisessä työympäristössä yhdessä kokeneiden asiantuntijoiden kanssa sekä tilaisuuden vaikuttaa merkittävästi Suomen terveyden- ja sosiaalihuollon tulevaisuuteen. Merativella pääset myös työskentelemään huippuluokan tuotteiden ja innovaatioiden parissa, joiden takana aidosti seisomme.




Kiinnostuitko? Mikäli onnistuimme vakuuttamaan sinut siitä, ettei tätä mahdollisuutta kannata jättää välistä, lähetä meille CV ja hakemus oheisen linkin kautta englanniksi mahdollisimman pian, mutta viimeistään 13.10.2024. Aloitamme hakemusten käsittelyn jo hakuaikana ja tehtävä täytetään heti sopivien henkilöiden löydyttyä.




Lisätiedot:




Rekrytointi toteutetaan yhteistyössä Northstar Talentin kanssa ja työsuhde solmitaan suoraan Merativen kanssa. Lisätietoja tehtävästä antavat Northstar Talentin rekrykonsultit:




Lassi Jyrinsalo, lassi.jyrinsalo@northstartalent.com , puh: 040 762 8992

Niko Rautiainen, niko.rautiainen@northstartalent.com




Lue lisää:

https://barona.fi/tyopaikat/merative",Associate,4032887151,https://fi.linkedin.com/jobs/view/it-konsultti-java-jee-at-merative-4032887151?trk=public_jobs_topcard-title,"Helsinki, Uusimaa, Finland",2 weeks ago,,,2024-09-24,,IT Services and IT Consulting,"IT-konsultti, Java/JEE",Information Technology,Hybrid
35 applicants,EXTERNAL,https://ats.talentadore.com/apply/senior-ja-junior-fullstack-kehittaja-seka-testausasiantuntija-vantaa/Z9L4jn,,103222784,Assemblin Caverion Group,https://se.linkedin.com/company/assemblincaveriongroup?trk=public_jobs_topcard-org-name,Full-time,"


Haluatko olla mukana tekemässä rakennetusta ympäristöstä älykästä ja vastuullista?

Assemblin Caverion on Pohjois-Euroopan johtava kiinteistöteknisten palveluiden tarjoaja. Älykkäiden rakennusten, teollisuuslaitosten ja infran on oltava muuntojoustavia, vastuullisia sekä älykkäitä ja sopeutua alati muuttuviin tarpeisiin ja vaatimuksiin. Jotta tämä olisi mahdollista käytännössä, kiinteistötekniikan, teknologian ja digitaalisten ratkaisujen on toimittava saumattomasti yhdessä. On aika tehdä merkittäviä valintoja kestävämmän tulevaisuuden puolesta.




Etsimme nyt tiimimme uusia cavereita vakituiseen työsuhteeseen Vantaalle kehittämään asiakkaillemme digituotteita kiinteistöjen ylläpitoon ja kestävään kehitykseen. Haussa on sekä kokenut että uransa alkuvaiheessa oleva Fullstack-kehittäjä ja lisäksi kokenut testausasiantuntija.

Sovelluksemme pyörivät Azure-pilvipalvelumaailmassa ja työskentelemme Scrum-tiimissä.







Käyttämiämme teknologioita ovat mm:




 * Node.js
 * Javascript, Typescript
 * NestJS, Kubernetes
 * ReactJS, HTML ja CSS
 * PostgreSQL-, CosmosDB- tai MysQL
 * Python ja Databricks-teknologiat







Oletko sinä etsimämme henkilö?




Kokeneeksi Fullstack-kehittäjäksi etsimme henkilöä, jolla on vahva tausta backend-kehityksestä erityisesti Node.js:llä. Usean vuoden Javascript ja Typescript kokemus on välttämätön. Lisäksi arvostamme kokemusta NestJS:llä toteutetusta Kubernetes mikropalveluarkkitehtuurista ja integraatioista.




Junior Fullstack-kehittäjän roolissa autat tiimiä suunnittelemaan, kehittämään ja toteuttamaan Azure Fullstack-ratkaisuja ja lisäksi osallistut kielimallin (LLM) järjestelmän kehitykseen. Tämä sisältää LLM:n toiminnallisuuden validoinnin sekä kattavan ja selkeän lähdedokumentaation ylläpitämisen. Osallistut myös muun tiimin ohella tukitoimiin sekä automaatiotestien kehittämiseen. Toivomme löytävämme motivoituneen henkilön, jolla on perustiedot yllä mainituista teknologioista ja halu kehittyä niiden parissa.




Testausasiantuntijana tulet ottamaan johtavan roolin SaaS-tuotteemme testausprosessista. Käytät testiautomaatiota ja teet tiivistä yhteistyötä kehitystiimimme kanssa integroidaksesi testauksen osaksi kehitysprosessiamme.




Etsimme kokenutta testausautomaation asiantuntijaa, jolla on vahva kokemus moderneista JavaScript- ja TypeScript-pohjaisista testiautomaatioratkaisuista. Testaajana vastaat kattavan testausstrategian suunnittelusta, toteutuksesta ja hallinnasta, keskittyen sekä käyttöliittymä- että REST API -testaukseen.




Odotamme kokemusta jostain testausjärjestelmästä kuten esimerkiksi Playwright:ista vaikkakaan emme ole lukkiutuneita mihinkään ratkaisuun. Tärkeintä on kyky toteuttaa tehokkaita testausstrategioita käyttäen parhaiten teknologiaamme soveltuvia työkaluja. Tuttuus Azure DevOps CI/CD -automaatiosta on myös erittäin arvostettua.







Entä mitä me tarjoamme sinulle?




🏠 Oman asiantuntijatiimin tuen, monipuoliset työtehtävät, hyvät koulutus- ja kehitysmahdollisuudet sekä matalaan hierarkiaan perustuvan työkulttuurin.

🥅 Selkeät tavoitteet, jotka auttavat sinua suoriutumaan työstäsi. Palkitsemme hyvästä suorituksesta.

✅ Sopivasti vapautta ja vastuuta sekä ensiluokkaiset työvälineet tukemaan työskentelyäsi.

🍎 Laajat työterveyspalvelut, työsuhdepyöräedun ja liikunta-, kulttuuri- ja hyvinvointiedun.

🖥️ Mahdollisuuden työskennellä joustavasti hybridimallimme mukaisesti.

🙌 Yhteen hiileen puhaltavan ja sitoutuneen työyhteisön, joka auttaa sinua kehittymään urallasi. Katso täältä, millaista meillä on olla töissä.







Ja mikä tärkeintä - meillä olet turvassa.




Haluamme, että työntekijämme voivat hyvin. Työhyvinvointi perustuu ennen kaikkea turvallisuuden tunteeseen. Työturvallisuutemme taso onkin yksi alamme parhaista, mutta meille turvallisuus tarkoittaa paljon muutakin. Meille turvallisuus on luottamusta, vapautta olla oma itsensä, uramahdollisuuksia, mielekkäitä työtehtäviä, vastuullisuutta, vakautta, reilua korvausta työstä, pitkiä työsuhteita, merkityksellistä työelämää ja inhimillisyyttä vaihtelevissa elämäntilanteissa. Me Assemblin Caverionilla pidämme toisistamme huolta.







Kuulostiko tämä sinun seuraavalta työpaikaltasi?




Lähetäthän hakemuksesi rekrytointijärjestelmämme kautta. Ilmoita hakemuksessasi, mitä tehtävää haet: Senior Fullstack -kehitäjä, Junior Fullstack -kehittäjä tai Testausasiantuntija.




Viimeinen hakupäivä on 27.10.2024, mutta käymme hakemuksia läpi jo hakuaikana. Älä siis turhaan jää odottelemaan! Työ alkaa sopimuksen mukaan.




Lisätietoja tehtävistä antaa rekrytointikumppanimme Eezy Personnelin konsultti Laura Jalasto, puhelimitse 050 514 1188 tai sähköpostitse laura.jalasto@eezy.fi







Assemblin Caverion Group is a leading northern European technical service and installation company. The Group employs about 21,500 skilled professionals in 9 countries, sharing the passion for smart and sustainable solutions. We deliver installations, technical services and solutions along the full lifecycle of the built environment to support our customers and their increasing demand for energy efficiency, sustainability, and automation for buildings, infrastructure and industrial sites. Assemblin Caverion Group was formed in April 2024 through the combination of Assemblin Group and Caverion Corporation. Our combined revenue amounts approximately to EUR 3.7 billion.",Associate,4044012771,https://fi.linkedin.com/jobs/view/senior-ja-junior-fullstack-kehitt%C3%A4j%C3%A4-sek%C3%A4-testausasiantuntija-at-assemblin-caverion-group-4044012771?trk=public_jobs_topcard-title,"Vantaa, Uusimaa, Finland",1 day ago,,,2024-10-09,,Facilities Services,Senior ja Junior Fullstack -kehittäjä sekä Testausasiantuntija,Information Technology,Hybrid
51 applicants,EXTERNAL,https://ravenpack.teamtailor.com/jobs/4892089-quantitative-researcher,,552310,RavenPack,https://es.linkedin.com/company/ravenpack?trk=public_jobs_topcard-org-name,Full-time,"About us

At RavenPack, we are at the forefront of developing the next generation of generative AI tools for the finance industry and beyond. With 20 years of experience as a leading big data analytics provider for financial services, we empower our clients—including some of the world's most successful hedge funds, banks, and asset managers—to enhance returns, reduce risk, and increase efficiency by integrating public information into their models and workflows. Building on this expertise, we are now launching a new suite of GenAI and SaaS services, designed specifically for financial professionals.




Join a Company that is Powering the Future of Finance with AI

RavenPack has been recognized as the Best Alternative Data Provider by WatersTechnology and has been included in this year’s Top 100 Next Unicorns by Viva Technology. We recently launched Bigdata.com, a next-generation platform aimed at transforming financial decision-making.




Join RavenPack:

RavenPack is searching for a Quantitative Researcher / Data Scientist to join the Data Science - QIS Team at our Spanish headquarters. The role is based in Marbella. We offer a relocation package, competitive compensation, active mentoring, exposure to the top trading firms, and a fun working environment. Relocation assistance is available.

As a Quant Researcher, you will be participating in the development of new agentic workflows utilizing our semantic search engine, showcasing the value of our RavenPack data for excavating insights.

The ability to communicate effectively in English both in writing and verbally is a must.

European legal working status is required.

We offer competitive compensation, active mentoring, exposure to the top trading firms, and a fun working environment. Relocation assistance is available.




Your Responsibilities:

As a Quant Researcher, you will join the “Quantitative Investment Strategies (QIS) Team,” consisting of four quant researchers dedicated to feature engineering and developing systematic trading strategies. Your work will primarily involve data-driven research. You will create research workflows to enhance RavenPack’s reputation as a thought leader in the alternative data industry and present systematic workflows to conduct fundamental analysis. You will work jointly with the Head of QIS on practical use cases that demonstrate the value of RavenPack data. Additionally, your responsibilities will include:

 * Understanding accurately the fundamental implications of a topic on the macro and microeconomy.
 * Developing chain-of-thought agents to mimic a human professional analyst using our data, while discerning and filtering out irrelevant information.
 * Offering data-driven insights, engaging in research discussions, and presenting features to leading financial analysts, quantitative researchers and portfolio managers in the field.
 * Effectively communicating intricate analytical concepts to management in a clear and concise manner.




What We're Looking For:

 * A MSc in Data Analysis, Quantitative Finance, or Economics.
 * 2+ years of relevant work experience as a data scientist or quantitative researcher, manipulating large and noisy alternative datasets for features engineering.
 * Outstanding analytical, critical-thinking, and problem-solving skills, with proven ability to conduct fundamental analysis in a systematic and quantitative way.
 * Demonstrated proficiency in Python, and in at least Dash, StreamLit, or RepLit web applications.
 * Strong enthusiasm for technology, and familiarity with big data technologies coupled with proficiency in language models is highly advantageous.




What's in it for you?

 * You will work with the latest technologies.
 * Our Headquarters is located in Marbella. Following the onboarding period, we offer a hybrid work model, allowing for up to 2 days remote per week.
 * Free Company shuttle bus from Malaga, Fuengirola, Riviera and Estepona.
 * You will have ownership of projects working in a collaborative environment where we will value your contribution.
 * You will work in an agile environment able to react quickly to changes with a fairly flat hierarchy.
 * As we encourage continuous learning, we will support your ongoing training.
 * Diversity is in our DNA! You will work in an international environment (over 29 nationalities and 24 languages spoken!)




We are an equal opportunity employer and value diversity at our company. We do not discriminate

on the basis of race, religion, colour, national origin, gender, sexual orientation, age, marital status, veteran status, or disability status.

",Associate,4028665316,https://fi.linkedin.com/jobs/view/quantitative-researcher-at-ravenpack-4028665316?trk=public_jobs_topcard-title,Helsinki Metropolitan Area,2 days ago,,,2024-10-09,,Information Services,Quantitative Researcher,"Research, Analyst, and Engineering",Hybrid
Be among the first 25 applicants,EXTERNAL,https://duunitori.fi/tyopaikat/tyo/data-clinic-azure-datainsinoori-sdsuu-18642681?utm_source=linkedin&utm_medium=jobs&utm_campaign=dataclinic,,90913423,Data Clinic,https://fi.linkedin.com/company/dataclinicfi?trk=public_jobs_topcard-org-name,Full-time,"Kiinnostaisiko lähteä mukaan rakentamaan jotain uutta ja jännittävää? Pysyykö Microsoftin datatyökalut näpeissä? Etsimme joukkoomme datainsinööriä, joka on valmis tarttumaan haasteisiin ja loistamaan asiakastyössä. Mikäli nuorekas ja ketterä data-alan toimija kiinnostaa työnantajana, tämä voisi olla sinun juttusi!




Työnkuva

Datainsinöörinä rakennat eri kokoisia raportointiratkaisuja lähteeltä käyttäjärajapintaan asti. Joku muu tekee usein raportit, mutta saat niitäkin vääntää, jos se tuntuu mielekkäältä. Ratkaisut suunnitellaan yhdessä asiakkaan kanssa ja projektin mukaan rooli voi vaihdella ylätason päsmäröinnistä kädet savessa SQL:n kirjoittamiseen. Asiakas ei monesti tiedä mitä haluaa, joten otat roolia projekteissasi ohjaten kehitystyötä oma-aloitteisesti.




 * Palkka: 4000–6000 €/kk
 * Työsuhde: vakituinen
 * Edut: Muun muassa lounas-, virike- ja työmatkaetu, hyvätasoinen työterveys, vapaa-ajan tapaturmavakuutus, liukuva työaika ja joustava hybridityö
 * Sijainti: Toimistomme sijaitsee Helsingissä Hakaniemen torin laidalla. Työ voi sisältää satunnaista käyntiä asiakkaiden luona. Tässä roolissa et voi työskennellä 100 % etänä.




Päiväsi voisivat näyttää tältä

Tulet aamulla toimistolle ja osallistut asiakkaan dailyyn. Dailyn jälkeen ihmettelet, että miksi kaikki lähdedata on taas ihan kuralla. Dataa putsaillessasi purnaat aiheesta työkaverillesi, joka purnaa takaisin samasta asiasta. Sitten rakennat jonkin pipelinen kaltaisen härvelin, joka vie datat tyylillä ja taidolla suoraan asiakkaan tietovarastoon. Iltapäivällä mietit parhaita käytänteitä tiedon mallintamiseen ja datasiirtojen orkestrointiin yhdessä kollegoidesi kanssa. Pallottelet myös jossain välissä ideoita vieruskaverin kanssa tietomallin päivitysongelmien ratkaisemiseksi. Työtä tauottaaksesi pelailet pingistä tai pleikkaria toimistolla ja hykertelet itseksesi, kun asiakkaan positiiviset kommentit tuntuvat niin hyvältä.




Toivomme sinulta




 * Vähintään 2 vuotta kokemusta Data Engineer -tehtävistä, erityisesti Azure-ympäristössä ja raportointikontekstin parissa
 * Kokemusta ETL/ELT-prosesseista ja dataputkien rakentamisesta
 * Ymmärrystä tietovarastoinnista ja raportoinnista
 * Asiakaslähtöistä ja oma-aloitteista asennetta
 * Ongelmanratkaisutaitoja
 * Kiinnostusta uusimpiin teknologioihin ja halua oppia uutta
 * Suomen ja englannin kielen taitoa
 * Eduksi katsotaan myös: kokemus Databricksistä, BI-työkaluista (erityisesti Power BI:stä), suurten datamassojen parissa työskentelystä sekä CI/CD- ja DevOps-käytänteistä




Toivottu aloitus: joulukuu 2024 – helmikuu 2025.




Psst. Kaikkien kohtien ei tarvitse osua. Jos paikka kuulostaa mieleiseltä niin rohkeasti hakemaan vastaamalla vain muutamaan kysymykseen Duunitorilla olevassa ilmoituksessa.




Lisätietoja paikasta antaa:

Tommi Penttilä

040 911 9306

tommi@dataclinic.fi




Muutama sana meistä

Olemme nuorekas ja vikkelä data-alan konsultointiyritys. Autamme asiakkaitamme hyödyntämään dataa liiketoiminnassaan. Olemme erikoistuneet Microsoftin ja Databricksin teknologioihin, ja erityisesti Lakehouse-toteutuksiin. Meille on tärkeää rento ilmapiiri, toistemme auttaminen ja tiimimme hyvinvointi.",Associate,4044000452,https://fi.linkedin.com/jobs/view/azure-data-engineer-at-data-clinic-4044000452?trk=public_jobs_topcard-title,"Helsinki, Uusimaa, Finland",2 days ago,,,2024-10-09,,Data Infrastructure and Analytics,Azure Data Engineer,"Information Technology, Consulting, and Analyst",Hybrid
34 applicants,EXTERNAL,https://datacrunch.jobs.personio.com/job/1293869?display=en,,18496420,DataCrunch,https://fi.linkedin.com/company/datacrunch?trk=public_jobs_topcard-org-name,Full-time,"We’re a close-knit, ambitious team of 30, driven by a mission to make this world a better place by bringing affordable, environmentally sustainable cloud capacity to organizations.




We are seeking a talented Senior Front-End Developer to expand our team in Helsinki, Finland.




What you will do:

 * Design, implement, test & maintain new features and services
 * Create a unified shared component base for multiple projects
 * Collaborate with other developers and UX professionals
 * Comply with information security principles and integrate those into the work process
 * Research new or existing technologies and integrate them into our platform
 * Evolve our platform to meet growing demand
 * Optimize the performance of our web applications
 * Complete other tasks as necessary to contribute to the progress of the company




For this role, you will need:

 * At least 5 years of experience as a Front-End Developer
 * Strong experience with React, TypeScript, State-management libraries, Component and Styling Libraries, and Responsive UI
 * Strong understanding and experience with testing and setting up testing suites




Extra great if you:

 * Have a computer science or related degree
 * Have actively participated in an open-source project
 * Have basic knowledge of CI/CD tools and concepts, and full-stack development
 * Have an aptitude and desire to learn




What we offer:

 * Company equity - you’re in this with us!
 * Competitive salary and benefits, including health insurance, lunch benefit, annual budget to spend as you wish (i.e. sport, transport, wellness, culture)
 * Flexible work environment
 * Opportunity to work with cutting-edge AI
 * Growth in a mission-driven company




Apply for this job




About us:

DataCrunch is a dynamic and innovative company dedicated to making this world better. At DataCrunch, our team plays a key role in the decision-making process. If you're passionate about innovation and enjoy experimenting with cutting-edge technologies, DataCrunch is the perfect fit. Join our team of diverse individuals and be part of creating something extraordinary.",Associate,4047738393,https://fi.linkedin.com/jobs/view/senior-front-end-developer-at-datacrunch-4047738393?trk=public_jobs_topcard-title,Helsinki Metropolitan Area,23 hours ago,Shelby Sipari,https://fi.linkedin.com/in/shelbysipari,2024-10-11,,Information Technology & Services,Senior Front-End Developer,Engineering and Information Technology,Hybrid
Be among the first 25 applicants,EXTERNAL,https://datacrunch.jobs.personio.com/job/1767114?display=en,,18496420,DataCrunch,https://fi.linkedin.com/company/datacrunch?trk=public_jobs_topcard-org-name,Full-time,"About this role:




We’re a close-knit, ambitious team of 30, driven by a mission to make this world a better place by bringing affordable, environmentally sustainable cloud capacity to organizations.




As our OpenStack Engineer, you will be responsible for developing, deploying, and maintaining solutions using OpenStack. You will work on greenfield projects to build scalable and reliable cloud infrastructure that meets business needs.




What you will do:

 * Participate in designing OpenStack environments.
 * Automate deployment and management using tools such as Ansible.
 * Ensure high availability and disaster recovery.
 * Monitor and resolve issues in OpenStack environments.
 * Work with DevOps and operations teams for CI/CD integration.
 * Support infrastructure incidents and promote IaaS best practices.
 * Complete other tasks as necessary to contribute to the progress of the company.




For this role you will need:

 * Experience with OpenStack deployment and maintenance.
 * Strong network administration skills in Linux.
 * Familiarity with Ansible.
 * Strong problem-solving and troubleshooting abilities.
 * Excellent communication skills in English.
 * Ability to work in an agile environment and manage multiple tasks.
 * Strategic thinking to leverage data for impactful outcomes.




It's a plus if you have:

 * Knowledge of BGP, load balancing, networking (VLAN/VXLAN), storage systems (Ceph), and security in cloud environments.
 * Experience with messaging systems (RabbitMQ) and modern databases (MariaDB).




What we offer:

 * Company equity - you’re in this with us!
 * Competitive salary and benefits, including health insurance, lunch benefit, annual benefit to spend as you wish (i.e. sport, transport, wellness, culture)
 * Flexible work environment
 * Opportunity to work with cutting-edge AI
 * Growth in a mission-driven company




Apply for this job




About us:

DataCrunch is a dynamic and innovative company dedicated to making this world better. At DataCrunch, our team plays a key role in the decision-making process. If you're passionate about innovation and enjoy experimenting with cutting-edge technologies, DataCrunch is the perfect fit. Join our team of diverse individuals and be part of creating something extraordinary.",Associate,4044736786,https://fi.linkedin.com/jobs/view/openstack-engineer-at-datacrunch-4044736786?trk=public_jobs_topcard-title,Helsinki Metropolitan Area,3 days ago,Shelby Sipari,https://fi.linkedin.com/in/shelbysipari,2024-10-07,,Information Technology & Services,OpenStack Engineer,Engineering,Hybrid
