applicationsCount,applyType,applyUrl,benefits,companyId,companyName,companyUrl,contractType,description,experienceLevel,id,jobUrl,location,postedTime,posterFullName,posterProfileUrl,publishedAt,salary,sector,title,workType,work_arrangement
Be among the first 25 applicants,EXTERNAL,https://careersatagoda.com/job/6006141-principal-software-engineer-machine-learning-operations-mlops-singapore-based/?gh_jid=6006141&gh_src=bea0e2cc1,,66719,Agoda,https://sg.linkedin.com/company/agoda?trk=public_jobs_topcard-org-name,Full-time,"About Agoda

Agoda is an online travel booking platform for accommodations, flights, and more. We build and deploy cutting-edge technology that connects travelers with a global network of 4.7M hotels and holiday properties worldwide, plus flights, activities, and more . Based in Asia and part of Booking Holdings, our 7,100+ employees representing 95+ nationalities in 27 markets foster a work environment rich in diversity, creativity, and collaboration. We innovate through a culture of experimentation and ownership, enhancing the ability for our customers to experience the world.

Our Purpose – Bridging the World Through Travel

We believe travel allows people to enjoy, learn and experience more of the amazing world we live in. It brings individuals and cultures closer together, fostering empathy, understanding and happiness.

We are a skillful, driven and diverse team from across the globe, united by a passion to make an impact. Harnessing our innovative technologies and strong partnerships, we aim to make travel easy and rewarding for everyone.

Get to Know our Team

The Data department oversees all of Agoda’s data-related requirements. Our ultimate goal is to enable and increase the use of data in the company through creative approaches and the implementation of powerful resources such as operational and analytical databases, queue systems, BI tools, and data science technology. We hire the brightest minds from around the world to take on this challenge and equip them with the knowledge and tools that contribute to their personal growth and success while supporting our company’s culture of diversity and experimentation. The role the Data team plays at Agoda is critical as business users, product managers, engineers, and many others rely on us to empower their decision making. We are equally dedicated to our customers by improving their search experience with faster results and protecting them from any fraudulent activities. Data is interesting only when you have enough of it, and we have plenty. This is what drives up the challenge as part of the Data department, but also the reward.

The Opportunity

As a Principal Engineer in MLOps, you will lead the design, development, and implementation of machine learning operations across our platforms. You will collaborate with cross-functional teams in data platform, infrastructure & DevOps to ensure that machine learning workloads are easily & efficiently built and are seamlessly integrated into production environments, ensuring reliability, scalability, and reproducibility

In this Role, you’ll get to:


 * Lead and mentor a team of engineers focused on MLOps practices.
 * Work closely with data scientists & other ML practitioners to support the building & deployment of AI/ML models and ensure they meet production standards
 * Communicate with TPMs & other stakeholders on the vision, roadmaps and immediate scope
 * Foster a culture of continuous improvement and operational excellence within the team
   
   

What you’ll Need to Succeed:


 * Overall experience of 10+ years in engineering roles
 * Proven experience in an engineering role with a focus on MLOps / Data Engineering / ML Engineering
 * Strong programming skills in languages such as Kotlin, Scala, Java and familiarity with Python & machine learning libraries (e.g., TensorFlow, PyTorch, Scikit-learn).
 * Experience with MPP frameworks like Spark, Ray, Dask
 * Experience with Orchestration platforms such as KubeFlow & Airflow
 * Experience with model life cycle management tools like MLFlow and Weights & Biases
 * Excellent problem-solving skills and a proactive approach to addressing issues
 * Strong communication skills, with the ability to explain complex technical details to stakeholders at all levels.
 * Experience working in a large scale web company, with a multi-tenant data platform
 * Can perform deep research & take decisions on complex projects. Can easily toggle between running as a lone wolf and also works great as part of a pack
 * Bachelor’s degree in Computer Science, Engineering, or a related field.
   
   

It’s Great if you have:


 * Master’s or Ph.D. degree in a technical field
 * Experience with Kubernetes for effective container orchestration and scaling, as well as pipeline orchestration platform such as Airflow or Kubeflow
 * Deep understanding of CI/CD pipelines, automation tools, and practices relevant to Back End and and Front End development
   
   

This position is based in Singapore. (Relocation support is provided)

#sanjose #losangeles #tirana #sydney #melbourne #perth #vienna #minsk #brussels #saopaolo #sofia #vancouver #shanghai #beijing #shenzhen #zagreb #cyprus #copenhagen #helsinki #paris #berlin #athens #hongkong #budapest #jakarta #dublin #telaviv #milan #rome #tokyo #osaka #luxembourg #kualalumpur #amsterdam #oslo #jerusalem #manila #moscow #belgrade #bratislava #barcelona #madrid #stockholm #zurich #taipei #tainan #istanbul #london #marrakech #wroclaw #rio #IT #4 #5

Equal Opportunity Employer

At Agoda, we pride ourselves on being a company represented by people of all different backgrounds and orientations. We prioritize attracting diverse talent and cultivating an inclusive environment that encourages collaboration and innovation. Employment at Agoda is based solely on a person’s merit and qualifications. We are committed to providing equal employment opportunity regardless of sex, age, race, color, national origin, religion, marital status, pregnancy, sexual orientation, gender identity, disability, citizenship, veteran or military status, and other legally protected characteristics.

We will keep your application on file so that we can consider you for future vacancies and you can always ask to have your details removed from the file. For more details please read our privacy policy .

To all recruitment agencies: Agoda does not accept third party resumes. Please do not send resumes to our jobs alias, Agoda employees or any other organization location. Agoda is not responsible for any fees related to unsolicited resumes.

",Director,4038790237,https://fi.linkedin.com/jobs/view/principal-software-engineer-%E2%80%93-machine-learning-operations-mlops-%E2%80%93-singapore-based-at-agoda-4038790237?trk=public_jobs_topcard-title,"Helsinki, Uusimaa, Finland",1 week ago,,,2024-09-30,,"Technology, Information and Internet",Principal Software Engineer – Machine Learning Operations (MLOPs) – (Singapore based),Engineering and Information Technology,Hybrid
Be among the first 25 applicants,EXTERNAL,https://careersatagoda.com/job/5393402-data-science-manager-bangkok-based-relocation-provided/?gh_jid=5393402&gh_src=bea0e2cc1,,66719,Agoda,https://sg.linkedin.com/company/agoda?trk=public_jobs_topcard-org-name,Full-time,"About Agoda

Agoda is an online travel booking platform for accommodations, flights, and more. We build and deploy cutting-edge technology that connects travelers with a global network of 4.7M hotels and holiday properties worldwide, plus flights, activities, and more . Based in Asia and part of Booking Holdings, our 7,100+ employees representing 95+ nationalities in 27 markets foster a work environment rich in diversity, creativity, and collaboration. We innovate through a culture of experimentation and ownership, enhancing the ability for our customers to experience the world.

Our Purpose – Bridging the World Through Travel

We believe travel allows people to enjoy, learn and experience more of the amazing world we live in. It brings individuals and cultures closer together, fostering empathy, understanding and happiness.

We are a skillful, driven and diverse team from across the globe, united by a passion to make an impact. Harnessing our innovative technologies and strong partnerships, we aim to make travel easy and rewarding for everyone.

Get to Know our Team:

The Data department oversees all of Agoda’s data-related requirements. Our ultimate goal is to enable and increase the use of data in the company through creative approaches and the implementation of powerful resources such as operational and analytical databases, queue systems, BI tools, and data science technology. We hire the brightest minds from around the world to take on this challenge and equip them with the knowledge and tools that contribute to their personal growth and success while supporting our company’s culture of diversity and experimentation. The role the Data team plays at Agoda is critical as business users, product managers, engineers, and many others rely on us to empower their decision making. We are equally dedicated to our customers by improving their search experience with faster results and protecting them from any fraudulent activities. Data is interesting only when you have enough of it, and we have plenty. This is what drives up the challenge as part of the Data department, but also the reward.

The Opportunity:

We think of Data Science in Agoda differently. For us, a data scientist is a fusion of core production skills with analytic and business skills. We’ve brought top talents from (literally) all over the world who focus relentlessly on building products which utilize ML and AI as their main edge. We know that when you infuse ML and technology, you move from good to great and that is our mission. Our Data Science managers are action driven leaders that can form vivid vision and successfully direct their people to execute it while being strongly rooted in the details and practice.

As a Data Science Manager, you will:

Drive the growth of your team and build a diverse, entrepreneurial team. You are a developer of people. You love leading diverse teams of professionals with both qualitative and quantitative backgrounds using data-driven and insights-led approaches to respond quickly in a dynamic, competitive, and fast changing industry.

Get your hands dirty. Tackle complex problems in the online travel and ecommerce space using a range of ML and data analysis methods. Use our huge data repositories to push our business metrics to their bounds, directly and indirectly. Foster a culture that constantly raises the bar for us and others and supports the freedom to explore and innovate.

Work on tough problems. Can we detect causation between metrics and bookings? How can automatically answer our users’ questions? How do we tune our AB testing platform to ensure we aren’t optimizing noise? How do we measure experiment success to properly trade off type I and II errors? What is the ideal caching strategy for prices and how do build an ML model to implement it? How can you detect anomalies within more than one million time-series that we track daily? Can you separate between bots and human traffic? Can you make our across-data-centers replication into smart replication using ML models? These are just a few of the diverse questions we tackle and some which you will lead your team to crack. You will be impacting every aspect of the business and it will require various techniques, from diving deep into data with SQL and Big Data tools, all the way to deploying modern machine learning models.

Deliver results. Work directly with the heads of the business departments and the product management team. Influence them with compelling product ideas based on data insights that can move the dial on our business.

In this Role, you’ll get to:


 * Balance quantitative data analyses with qualitative user insights to uncover how our users book travel to drive new and existing product impact
 * Build, validate, test, and deploy machine learning or other data science models to predict and influence the behavior of consumers with the goal of optimizing products & processes
 * Test and validate insights via rapid experimentation and deployment
 * Interface with business/operation teams and key stakeholders at all levels to formulate solutions & product changes informed by your findings
 * Leverage data to help the business answer questions around further expansion, products, process optimization, cost optimization, customer acquisition/retention/churn and any other business goals that can be addressed through data insights
 * Form strong, cross-functional relationships with designers, product managers, software developers, and marketers who build, design, and optimize our technology and tools
   
   

What you’ll Need to Succeed:


 * Vast analytical problem-solving capabilities & experience
 * Experience in leading a team of both researchers and analysts preferably in an ecommerce, tech, banking, advertising or management consulting environment
 * Statistical knowledge and extreme proficiency in SQL. Comfortable with R, Python and Tableau. Experience with big data technologies (Hadoop/Vertica) is a plus
 * Strong understanding and implementation experience of predictive modeling algorithms such as regressions, time series, neural networks, clustering, decision trees and heuristic models, with familiarity dealing with tradeoffs between model performance and business needs
 * Experience combining user research and data science methodologies across multiple products and teams
 * Experience with research applications pertaining to user experience, marketing, and market insights
 * Fantastic communication skills that enable you to work cross-functionally with product managers, tech geeks and design gurus, building solid relationships with a diverse set of stakeholders
 * The ability to convey complex solutions to a less technical person
 * Bias for action
 * Advanced degree (MSc/PhD) in Computer Science, Economics, Engineering, Operations Research, Physics or Mathematics/Statistics preferred
   
   

We welcome both local and international applications for this role. Full visa sponsorship and relocation assistance available for eligible candidates.

#sanfrancisco #newyork #seattle #boston #washdc #sydney #melbourne #perth #paris #london #tokyo #dhaka #vienna #edinburgh #manchester #amsterdam #munich #berlin #toronto #vancouver #moscow #dublin #seoul #hcmc #singapore #ENG #IT #4 #sanjose #losangeles #tirana #sydney #melbourne #perth #vienna #minsk #brussels #saopaolo #sofia #vancouver #shanghai #beijing #shenzhen #zagreb #cyprus #copenhagen #helsinki #paris #berlin #athens #hongkong #budapest #jakarta #dublin #telaviv #milan #rome #tokyo #osaka #luxembourg #kualalumpur #amsterdam #oslo #jerusalem #manila #moscow #belgrade #bratislava #barcelona #madrid #stockholm #zurich #taipei #tainan #istanbul #london #marrakech #wroclaw #rio #IT #4 #5

Equal Opportunity Employer

At Agoda, we pride ourselves on being a company represented by people of all different backgrounds and orientations. We prioritize attracting diverse talent and cultivating an inclusive environment that encourages collaboration and innovation. Employment at Agoda is based solely on a person’s merit and qualifications. We are committed to providing equal employment opportunity regardless of sex, age, race, color, national origin, religion, marital status, pregnancy, sexual orientation, gender identity, disability, citizenship, veteran or military status, and other legally protected characteristics.

We will keep your application on file so that we can consider you for future vacancies and you can always ask to have your details removed from the file. For more details please read our privacy policy .

To all recruitment agencies: Agoda does not accept third party resumes. Please do not send resumes to our jobs alias, Agoda employees or any other organization location. Agoda is not responsible for any fees related to unsolicited resumes.

",Director,3999951125,https://fi.linkedin.com/jobs/view/data-science-manager-bangkok-based-relocation-provided-at-agoda-3999951125?trk=public_jobs_topcard-title,"Helsinki, Uusimaa, Finland",2 weeks ago,,,2024-09-25,,"Technology, Information and Internet","Data Science Manager (Bangkok based, relocation provided)",Engineering and Information Technology,Hybrid
Be among the first 25 applicants,EXTERNAL,https://atalent.fi/open-position/atea-senior-software-developer-256570,,2905498,Atea Finland Oy,https://fi.linkedin.com/company/atea-finland-oy?trk=public_jobs_topcard-org-name,Full-time,"Työsopimuksen tyyppi: vakituinen, kokoaikainen

Sijainti: Vantaa, Vaasa, Joensuu

Haku-DL: 22.10.2024




Atea etsii Senior Software Developeria pääkaupunkiseudulle, Joensuuhun tai Vaasaan. Tehtävässä sijoitut viidestä ohjelmistokehittäjästä koostuvaan tiimiin, jossa työskennellään alansa johtavan teollisuuden yrityksen tuotekehityksessä, jonka pääkonttori sijaitsee Joensuussa.

Tehtävänkuvaasi kuuluu kokonaisvaltainen full stack-kehittäminen, pitäen sisällään ohjelmiston määrittelyyn, ohjelmointiin, testaukseen, ylläpitoon ja dokumentointiin liittyviä tehtäviä, jonka lisäksi avainasemassa tehtävässä on ohjelmiston modernisointi ja jatkokehittäminen.




Järjestelmän arkkitehtuurissa keskeisimmät käytössä olevat teknologiat ovat .NET, Angular, Progress OpenEdge, Microsoft IIS, Microsoft MSSQL, Windows Server, jonka lisäksi ohjelmistossa on koodipohjaa C++:lla ja BizTalkilla - näin ollen toivomme, että sinulla on erityisesti ohjelmointikokemusta Microsoft-pohjaisilla teknologioilla ja C-johdannaisilla kielillä, joiden lisäksi arvostamme frontend-osaamista.







Tehtävää on mahdollista räätälöidä kokemuksesi ja osaamisesi mukaan myös kokonaisarkkitehdiksi (Enterprise Architect), mikäli sinulla on kokemusta strategisemmasta ja kokonaisvaltaisemmasta roolista yrityksen järjestelmäarkkitehtuurista ja -kehityksestä osana IT-strategiaa.







Atea tarjoaa sinulle:

 * Laajan työyhteisön tuen sekä paikan asiakkaamme, alansa johtavan teollisuuden toimijan, tuotekehityksen ytimessä
 * Joustavat työajat ja hybridityömahdollisuuden – voit siis räätälöidä työpäiväsi ja työntekopaikkasi sinulle sopivaksi
 * Vapaasti valittavat työvälineet – voit valita sinulle parhaat välineet oman työsi tueksi
 * Atean osakesäästöohjelman – saat mahdollisuuden sijoittaa tulevaisuuteen osana menestyvää yritystä
 * Laajan työterveyshuollon ja sairauskuluvakuutuksen hyvinvoinnin tueksi
 * Lounas-, liikunta- ja kulttuuriedun sekä hierontaedun tasapainottamaan työtä ja vapaa-aikaa
 * Modernit toimistotilat
 * Puhelin- ja polkupyöräedun, sekä mahdollisuuden vuokrata Atean mökkiä Malagassa







Hakijalta odotetaan:

 * Työkokemuksen kautta kertynyttä vakuuttavaa osaamista .NET-ohjelmoinnista C#:lla - lisäksi arvostamme laajempaa osaamista Microsoft-pohjaisista kehitystyökaluista
 * Frontend- ohjelmoinnin kokemusta esimerkiksi Angularilla tai vastaavalla
 * Ymmärrystä ohjelmistokehityksen tuotantoputken eri vaiheista
 * Itsenäistä työskentelytapaa ja vuorovaikutustaitoja osallistua kehitykseen osana sisäistä tiimiä ja asiakasrajapintaa
 * Ajoittaista matkustusvalmiutta asiakkaamme konttorille Joensuuhun
 * Hyvää suomen ja englannin kielen taitoa







Käytännön asiat:

Tässä vakituisessa ja kokoaikaisessa tehtävässä työllistyt suoraan Atean työntekijäksi. Tehtävässä työpisteesi voi sijaita Atean toimistoilla joko Vantaalla tai Vaasassa. Halutessasi voit myös työskennellä etänä. Tehtävässä edellytetään valmiutta käydä asiakkaan toimipisteellä Joensuussa suuntaa-antavasti noin kerran kuukaudessa. Tehtävä edellyttää läpäistyä turvallisuusselvitystä.







Rekrytointiprosessin kulku:

 * 22.10.2024 hakuaika sulkeutuu
 * Etähaastattelu aTalentin kanssa
 * Haastattelu Atean kanssa
 * (Tarvittaessa toinen haastattelu Atean kanssa)
 * Rekrytointipäätös




Mikäli kiinnostuit tehtävästä, lähetä ansioluettelosi PDF-muodossa viimeistään 22.10.2024 aTalentin hakujärjestelmän kautta osoitteessa: https://emp.jobylon.com/applications/jobs/256570/create/ . Voit mainita hakudokumenteissasi myös palkkatoiveesi ja aikaisimman mahdollisen aloituspäivän. Emme vastaanota hakemuksia sähköpostitse, vaan käsittelemme ainoastaan hakujärjestelmän kautta saapuneet hakemukset.




Ateasta voit lukea lisää osoitteessa: https://www.atea.fi/. Hakuprosessia ja aikatauluja koskeviin kysymyksiin vastaa Managing Recruitment Consultant Mikko Lahti (puh +358 400 495 946, mikko.lahti(at)atalent.fi).",Director,4046617208,https://fi.linkedin.com/jobs/view/senior-software-developer-at-atea-finland-oy-4046617208?trk=public_jobs_topcard-title,"Vantaa, Uusimaa, Finland",2 days ago,,,2024-10-09,,IT Services and IT Consulting,Senior Software Developer,Information Technology,Hybrid
100 applicants,EXTERNAL,https://atalent.fi/en/open-position/ritchie-bros-senior-qa-engineer-3-positions-255721,,18317,Ritchie Bros.,https://www.linkedin.com/company/ritchie-bros?trk=public_jobs_topcard-org-name,Full-time,"Type: Full-time, permanent

Location: Aleksanterinkatu 15, 00100 Helsinki, Hybrid

Application DL: 16.10.2024




Ritchie Bros, the world’s largest auctioneer of commercial assets and vehicles, is now in a rapid growth phase and on the path to transforming and modernizing their Rbauction website and its technical architecture. Therefore, they are now looking for three Senior QA Engineers to join their forces in Helsinki, and this is where your input and skills will be needed!




As a Senior QA Engineer, you will join the Helsinki-based engineering office of approximately 30 professionals and work in a smaller, dedicated team focusing on one of the Rbauction domains. Your team will consist of a few software engineers and an Engineering Manager, and the team’s main objective is to modernize and build the dedicated product domain and collaborate with US-based project teams.




In this new role, you will be responsible for technical and architectural execution across product Engineering teams within the web experience domains with a deep focus on quality assurance. You collaborate with the QA Lead, engineering and tech leads, designers, product managers, and developers to deliver compelling and efficient products. You will identify and resolve performance and scalability issues, while participating in hands-on QA work. More specifically, your tasks will include the following:




 * Building and developing the automated tests for the deployment pipeline
 * Providing insights and recommendations for the most relevant testing and automation technologies and tools
 * Driving the adoption of designs and assist teams in meeting technical and business goals
 * Developing and publishing new technical standards across the organization and driving the adoption of said solutions




This could be a perfect opportunity for a testing or QA professional wanting to take the next step into a senior role in a product company. In addition to relevant work experience, we highly value the ability to coach and motivate others and the willingness to continuously improve the way the team works, while fostering Ritchie Bros’ exceptional company culture.




We are looking for a collaborative person who can work with other stakeholders to ensure top-notch software quality. We hope you have the desire to work in an independent role, enthusiasm for achieving goals, and readiness to face incompleteness. Most importantly, we hope you are excited about the opportunity to have an impact on technology choices and guide automation in a modern direction.




The auction software is built with the following technologies and frameworks, but we don’t expect you to have experience with all of them: CircleCI, Helm, Kubernetes (EKS), CodeClimate, Snyk, Github, Spotbugs, Vault, Java Spring Boot, Jacoco, Next.js, Nx, Jest, AWS, Java, OpenSearch, DynamoDB.







Ritchie Bros offers you:

 * Possibility to join a global and stable organization that has the benefits of a smaller company, while providing stability and career development opportunities
 * A key role in the transformation and modernization of the auction website, supported by experienced colleagues - in this new role, you’ll have an actual impact on the result and how QA is done
 * Company culture that fosters coaching and mentoring, and emphasizes the importance of well-led development teams
 * Comfortable working community − People at Ritchie Bros are highly engaged and their long careers speak for themselves
 * Great office location in the heart of Helsinki, but flexibility for remote work too
 * Fringe benefits such as lunch and sports & culture benefit
 * An annual bonus of up to 7,5% of the yearly salary







We hope you have:

 * Relevant degree in computer science, information systems, software engineering, or equivalent
 * A minimum of a few years of professional work experience in QA or test automation positions
 * Skills in developing scalable performant solutions with a focus on quality assurance and development of testing strategies and test cases
 * Strong communication skills combined with an ability to work in a multicultural team
 * Ability to take responsibility and make decisions independently
 * Full professional proficiency in spoken and written English.







Practicalities:

In this full-time and permanent position, you will be employed directly by Ritchie Bros. The start time in the role is as soon as possible, latest by the end of 2024. Ritchie Bros has an office in the heart of Helsinki, and we hope you are willing to visit the Helsinki office weekly to meet your team and colleagues. As you will be working with the US-based projects, we hope you have the flexibility to participate in meetings at about 5-6 pm Finnish time when needed. The base salary in this position ranges between 4500-5000 €/month depending on your experience and will be negotiated individually.




Excited about this opportunity? Let's get things going!

Please submit your CV in PDF format or share your LinkedIn profile by the latest on Wednesday 16th of October via aTalent’s application system here: https://emp.jobylon.com/applications/jobs/255721/create/ . A motivation letter is optional, but with a role-specific motivation letter, you can provide more information about your relevant skills and why this would be an interesting opportunity for you. Please also mention your salary request and the earliest possible starting date in your application documents.




We are actively reviewing applications throughout the application period and processing them in the order they are received. We are ready to fill the positions as soon as potential candidates are found. Remember to use the application system, as we do not process applications by email.

You can familiarize yourself with Ritchie Bros by visiting https://rbglobal.com/. For more information about the position and the recruitment process please contact aTalent’s Senior Recruitment Consultant Kiira Ojala (+358 50 553 7760, kiira.ojala[at]atalent.fi).",Director,4041715085,https://fi.linkedin.com/jobs/view/senior-qa-engineer-3-positions-at-ritchie-bros-4041715085?trk=public_jobs_topcard-title,"Helsinki, Uusimaa, Finland",1 week ago,,,2024-10-03,,Machinery Manufacturing,Senior QA Engineer (3 positions),Quality Assurance and Engineering,Hybrid
Be among the first 25 applicants,EXTERNAL,https://careersatagoda.com/job/5866511-technical-product-manager-data-machine-learning-bangkok-based-relocation-provided/?gh_jid=5866511&gh_src=bea0e2cc1,,66719,Agoda,https://sg.linkedin.com/company/agoda?trk=public_jobs_topcard-org-name,Full-time,"About Agoda

Agoda is an online travel booking platform for accommodations, flights, and more. We build and deploy cutting-edge technology that connects travelers with a global network of 4.7M hotels and holiday properties worldwide, plus flights, activities, and more . Based in Asia and part of Booking Holdings, our 7,100+ employees representing 95+ nationalities in 27 markets foster a work environment rich in diversity, creativity, and collaboration. We innovate through a culture of experimentation and ownership, enhancing the ability for our customers to experience the world.

Our Purpose – Bridging the World Through Travel

We believe travel allows people to enjoy, learn and experience more of the amazing world we live in. It brings individuals and cultures closer together, fostering empathy, understanding and happiness.

We are a skillful, driven and diverse team from across the globe, united by a passion to make an impact. Harnessing our innovative technologies and strong partnerships, we aim to make travel easy and rewarding for everyone.

Get to Know our Team

The Data department oversees all of Agoda’s data-related requirements. Our ultimate goal is to enable and increase the use of data in the company through creative approaches and the implementation of powerful resources such as operational and analytical databases, queue systems, BI tools, and data science technology. We hire the brightest minds from around the world to take on this challenge and equip them with the knowledge and tools that contribute to their personal growth and success while supporting our company’s culture of diversity and experimentation. The role the Data team plays at Agoda is critical as business users, product managers, engineers, and many others rely on us to empower their decision making. We are equally dedicated to our customers by improving their search experience with faster results and protecting them from any fraudulent activities. Data is interesting only when you have enough of it, and we have plenty. This is what drives up the challenge as part of the Data department, but also the reward.

The Opportunity

Our mission is to empower Agoda employees with an optimal set of tools that will enable them to make the best decisions and build state of the art features and models for Agoda’s end users by leveraging the data we collect. As an ML Technical Product Manager, you will be responsible for the internal product requirements, analysis, ideation, feature design, roadmap, project management, trainings and the quality of our solutions. You will conceptualize platform capabilities to empower the rest of the organization to build great external customer experiences, continuing our efforts being a data driven company.

In This Role, You’ll Get to


 * Own the product from concept to design, specification, implementation, and analysis
 * Gather and synthesize requirements and input from multiple stakeholders (internal product teams, engineers, business teams, marketing, finance, etc.)
 * Lead in-person conversations with internal customers to understand users, priorities, and feature considerations
 * Demonstrate strong leadership, organizational and execution skills, to drive product development projects from concept to launch, and operate in a fast- paced setting
 * Excellent leadership and communication skills. Expected to be asking questions, listening, driving team alignment, and influencing without authority across all levels of the organization.
 * Bridge business and technical worlds very well, a good conceptual problem solver to articulate opportunities and solutions Internal
 * Technical confidence. You’ll need to work with senior engineers to balance product velocity and technical debt tradeoffs
   
   

What You’ll Need To Succeed


 * 5+ years of technical experience in ML engineering, Data Scientist, Data Analytics, or related role
 * 2+ years of technical program/product management experience in a fast-paced environment.
 * Excellent interpersonal skills, energetic, and a self-starter.
 * Excellent presentation skills.
 * Strong organizational skills along with demonstrated ability to manage multiple tasks simultaneously and able to react to shifting priorities to meet business need
 * Effective communicator (written and verbal). Able to communicate effectively with both business and technical teams.
 * Demonstrated analytical and quantitative skills. You use data to make decisions and are comfortable gathering it yourself or working with others to gather it.
 * Hands-on experience with product management tools (JIRA etc )
 * A problem-solving mindset
 * Strong technical background in the Data Science and ML world
 * The ability and positive mindset to “figure things out.”
 * This position requires a successful candidate to relocate fully to Bangkok, Thailand, where relocation support is provided.
   
   

#sanfrancisco #sanjose #losangeles #sandiego #oakland #denver #miami #orlando #atlanta #chicago #boston #detroit #newyork #portland #philadelphia #dallas #houston #austin #seattle #washdc #sydney #melbourne #perth #vienna #graz #baku #brussels #rio #toronto #vancouver #montreal #Ostrava #copenhagen #estonia #helsinki #paris #nice #marseille #rouen #lyon #berlin #munich #hamburg #stuttgart #cologne #frankfurt #dusseldorf #dortmund #essen #Bremen #leipzig #dresden #hanover #nuremberg #athens #hongkong #budapest #dublin #telaviv #milan #rome #naples #turin #palermo #venice #bologna #florence #tokyo #osaka #yokohama #nagoya #okinawa #fukuoka #sapporo #luxembourg #kualalumpur #amsterdam #oslo #jerusalem #warsaw #krakow #porto #loures #newdelhi #doha #bucharest #moscow #saintpetersburg #singapore #bratislava #seoul #barcelona #madrid #valencia #seville #stockholm #zurich #geneva #basel #taipei #bangkok #istanbul #dubai #abudhabi #london #manchester #edinburgh #hanoi #IT #4 #5

Equal Opportunity Employer

At Agoda, we pride ourselves on being a company represented by people of all different backgrounds and orientations. We prioritize attracting diverse talent and cultivating an inclusive environment that encourages collaboration and innovation. Employment at Agoda is based solely on a person’s merit and qualifications. We are committed to providing equal employment opportunity regardless of sex, age, race, color, national origin, religion, marital status, pregnancy, sexual orientation, gender identity, disability, citizenship, veteran or military status, and other legally protected characteristics.

We will keep your application on file so that we can consider you for future vacancies and you can always ask to have your details removed from the file. For more details please read our privacy policy .

To all recruitment agencies: Agoda does not accept third party resumes. Please do not send resumes to our jobs alias, Agoda employees or any other organization location. Agoda is not responsible for any fees related to unsolicited resumes.

",Director,4043180990,https://fi.linkedin.com/jobs/view/technical-product-manager-%E2%80%93-data-machine-learning-bangkok-based-relocation-provided-at-agoda-4043180990?trk=public_jobs_topcard-title,"Helsinki, Uusimaa, Finland",6 days ago,,,2024-10-04,,"Technology, Information and Internet","Technical Product Manager – Data/ Machine Learning (Bangkok-based, relocation provided)",Product Management and Marketing,Hybrid
