applicationsCount,applyType,applyUrl,companyId,companyName,companyUrl,contractType,description,experienceLevel,jobUrl,location,postedTime,posterFullName,posterProfileUrl,publishedAt,salary,sector,title,workType,work_arrangement
Be among the first 25 applicants,EXTERNAL,https://ats.talentadore.com/apply/postdoctoral-researcher-ai-impact-in-science-technology-and-innovation/DaJMK7,166849,VTT,https://fi.linkedin.com/company/vtt?trk=public_jobs_topcard-org-name,Contract,"Are you interested in artificial intelligence (AI) and the ways it impacts Science Technology and Innovation, and looking for a postdoctoral opportunity in the field? Would you like to develop innovative research solutions with superb colleagues who are top experts in their field? Do you want to build an excellent science career and work at the interface of academy and industry? VTT might be just the place for you. If you are an international talent searching for a new opportunity, read more about the benefits of living in Finland and VTT’s support for relocation here !

VTT is one of the leading applied research organisations in Europe. What unites us are curiosity, a passion for learning and a purpose: to solve the biggest challenges of our time and turn them into sustainable growth and well-being. Our cross-disciplinary community of over 2300 brilliant minds from almost 60 different nationalities is focused on creating impact through science-based innovation. Get to know us further by exploring VTT's tech & infra .

We are now looking for a Postdoctoral Researcher to join our Quantitative Science and Technology Studies team for a fixed-term three-year contract starting in January 2025!

VTT started a Postdoc programme in 2023 to develop new ways to support scientific excellence and to strengthen career paths from universities to VTT. We want to provide development opportunities for recent university PhDs in applied research and industry collaboration. As a Postdoctoral Researcher at VTT, you are able to make an impact on our customers and society. Our researchers work closely together with industry, often in interdisciplinary research groups.

In this Postdoctoral Researcher position, you will have an essential role in advancing research on AI and its impact using LLMs (large language models). You will have the opportunity, and expectation, to contribute to a variety of projects ranging from academic to industry focused. Our team, Quantitative Science and Technology Studies, focuses on analyzing changes in our technological world using large data sets and advancements in natural language processing, generative AI, particularly in the LLMs domain, so you will be offered tremendous support with the current solutions and cases we have developed using LLMs. The research results are adopted by decision-makers from private and public sectors and they support forward-looking decisions.

Read more about our research: https://cris.vtt.fi/en/organisations/quantitative-science-and-technology-studies-2

Your responsibilities as a Postdoctoral Researcher:


 * Advancing research in AI and its impact in Science Technology and Innovation in specified projects.
 * Designing and developing new methods and tools for analyzing the impact of emerging technology on firms and society.
 * Contribute to the teams' development regarding the LLM based applications.
 * Collaborating in a research team and project group, including co-writing research articles involving research design, data collection, analysis, methodology execution, and drafting.
 * Participating actively in dissemination with journal publications and also interactive discussion with our customers.
 * Supervising or tutoring junior team members .
   
   
   

Who we are looking for:


 * You have recently (max 5 years ago) gained your doctoral degree in fields such as AI, Data Science or Science Innovation and Technology Studies, or a closely related field. Applicants who are close to completing their doctorate (with a thesis scheduled by 30 September 2024) will also be eligible for the position.
 * You have experience in methods for analyzing large texts, such as natural language processing or use of LLMs.
 * You have excellent communication skills in English, both written and spoken.
 * Hands-on experience with coding (e.g., Python) and software programming concepts is required.
 * Experience in international and EU projects is highly valued.
   
   
   

As a person, we hope that you are:


 * An open-minded and innovative person with a vision of longer-term research needs.
 * You are eager to work with new topics and methods, even out of your comfort zone to achieve the set ambitious goals.
   
   
   

With VTT, you’ll enjoy:


 * Science with an impact. At VTT, we seek to solve large societal challenges and drive a sustainable future through applied research and innovation. With us, you’ll get to work on research projects that make a concrete, positive impact in the world. Read more about our strategy, the path of exponential hope , and our organisational culture as the builder of the world's most meaningful place to work.
 * Support for your postdoc research. During your postdoctoral term, we offer training in project management, scientific writing, communication, and commercialisation. You’ll have the opportunity to collaborate with industry on projects, access our research infrastructure and internal support services, explore interdisciplinary research, and secure funding for your postdoc term. At VTT, you’ll enjoy flexibility and independence in your work, with a blend of academic research and engaging customer projects for an exciting career path.
 * Open culture of innovation. We have 80 years of experience in science-based innovation, a strong international reputation and global networks. We work truly across disciplines, and house all the cutting-edge sciences from quantum computing to synthetic biology under one roof. At VTT, you’ll join a community of over 2200 multidisciplinary experts who foster a culture of trust, openness and sharing knowledge. Collaborating with amazing colleagues is a source of learning, inspiration, and fun.
 * Nordic work-life balance. Working in Finland, the happiest country in the world, enables a great quality of life. At VTT, we make our people’s well-being a strategic priority. On top of 6 weeks of paid holidays annually (after one year of work), our benefits include extended occupational healthcare, and a range well-being services, such as exercise and culture benefits and hobby clubs. Read more about the benefits of living in Finland and VTT’s support for relocation .
   
   
   

Apply now and join our community of brilliant minds!

Please send your CV, cover letter and short (max. 2 pages) Research Plan via our recruitment system as soon as possible but at the latest by 30 September 2024. We will process applications as they come in, and fill in the position as soon as we find the right candidate. A security clearance procedure may be conducted during the recruitment process.

Interested and want to know more?

For further information, please contact Research Team Leader Arash Hajikhani, arash.hajikhani@vtt.fi , +358 40 9333 549 on Monday 16 September at 13:00 - 14:00 or Friday 27 September at 11:00 - 12:00 (Finnish time UCT+3).

We look forward to hearing from you!

Location: Tekniikantie 21, Espoo (Tampere and Oulu are negotiable)

This postdoc position is part of Postdoctoral Programme for Research Institutes. The Programme has been granted 40 million euros in funding based on the Finnish government's multi-annual research and development (R&D) funding plan. This funding enables recruitment of 85 PhD-level experts to 12 Finnish government research institutes between 2025 and 2028. The aim of the Programme is to strengthen RDI competence in areas important to society and business . Postdoctoral researcher will conduct goal-oriented high-level research at the interface between the academic community, industry and administration. The Programme supports postdoctoral researcher’s networking and mobility between sectors.

VTT

VTT is a visionary research, development and innovation partner. We drive sustainable growth and tackle the biggest global challenges of our time and turn them into growth opportunities. We go beyond the obvious to help the society and companies to grow through technological innovations. We have 80 years of experience of top-level research and science-based results. VTT is at the sweet spot where innovation and business come together.

VTT – beyond the obvious.

Location: Tekniikantie 21, Espoo",Entry level,https://fi.linkedin.com/jobs/view/postdoctoral-researcher-ai-impact-in-science-technology-and-innovation-at-vtt-4020523306?trk=public_jobs_topcard-title,"Espoo, Uusimaa, Finland",1 day ago,,,2024-09-10,,Research Services,"Postdoctoral Researcher, AI Impact in Science Technology and Innovation","Research, Analyst, and Information Technology",Hybrid
32 applicants,EXTERNAL,https://ats.talentadore.com/apply/postdoctoral-researcher-computational-materials-science/DoBq4K,166849,VTT,https://fi.linkedin.com/company/vtt?trk=public_jobs_topcard-org-name,Contract,"Are you interested in Crystal plasticity, Metal deformation mechanisms and Computational materials science and looking for a postdoctoral opportunity in the field? Do you want to build an excellent science career and work at the interface of academy and industry? VTT might be just the place for you. 

If you are an international talent searching for a new opportunity, read more about the benefits of living in Finland and VTT’s support for relocation here !

VTT is one of the leading applied research organisations in Europe. What unites us are curiosity, a passion for learning and a purpose: to solve the biggest challenges of our time and turn them into sustainable growth and well-being. Our cross-disciplinary community of over 2300 brilliant minds from almost 60 different nationalities is focused on creating impact through science-based innovation. Get to know us further by exploring VTT's tech & infra .

We are now looking for a Postdoctoral Researcher to join our ProperTune ICME team for a fixed-term three-year contract starting in January 2025!

VTT started a Postdoc programme in 2023 to develop new ways to support scientific excellence and to strengthen career paths from universities to VTT. We want to provide development opportunities for recent university PhDs in applied research and industry collaboration. As a Postdoctoral Researcher at VTT, you are able to make an impact on our customers and society. Our researchers work closely together with industry, often in interdisciplinary research groups. VTT has excellent research infrastructure and internal services to support your research work.

We are now recruiting four Postdoctoral Researchers in the Knowledge Driven Design research area to boost the development of a Materials Acceleration Platform (MAP) for metal alloys.

MAP aims to use a variety of advanced tools to generate new information and knowledge of materials. Besides automation, we aim to use characterisation and data generation, integrated computational materials engineering (ICME), quantum computing, and application of data analytics and AI to achieve this goal.

In this Postdoctoral Researcher position, you will have an essential role in further developing our microstructural analysis and materials modelling capabilities. Our team, ProperTune works on using multiscale modelling for optimal computational materials design, and replacing expensive, time-consuming testing. We have spent last two decades to develop modelling tools across length and time scales together with our industrial partners and applied them to their critical components in mechanical machines and devices. With our modelling excellence, we aim to shorten the time-to-market of high-performance materials by an average of 50%. The location of this position is in Espoo.

Read more about our research: Computational materials science applications - VTT ProperTune (vttresearch.com)

As a Postdoctoral Researcher: 


 * You have deep understanding on physical metallurgy, microstructural characteristics of materials and deformation mechanisms on metals, experience with ceramics and their composites (e.g., CerMet), and understanding of multi-scale.
 * You have recently (max 5 years ago) gained your doctoral degree, in in a relevant field, such as, materials physics or material science and engineering.
 * Working experience in the field of materials physics or materials science and proven experience on solving materials related challenges is considered as an advantage.
 * Familiar with Unix-like operating systems
 * Experience in programming / data analysis (Python, C/C++, etc.)
 * Collaborating in research team and project group with co-writing and project work
 * Participating actively in dissemination with journal publications and conferences
 * Supervising or tutoring junior team members .
 * Fluent written and spoken English is mandatory, Finnish skills are a plus.
   
   
   

The following are considered an advantage:


 * Artificial intelligence and machine learning techniques and familiarity with modern related data-analysis tools
 * Analysis and using characterization data produced with methods and tools, like SEM, TEM, EDS, XRD, DIC, and DSC.
 * Established networks both in academia and industry and like to widen them both nationally and globally are seen beneficial.
   
   
   

As a person, we hope that you are:

A curious mind, who is eager to develop and take on new challenges. We appreciate ambition and willingness to learn over having all the answers or skills ready when you start. You are also a team player with strong collaboration skills who wants to drive a positive impact in the world.

With VTT, you’ll enjoy:


 * Science with an impact. At VTT, we seek to solve large societal challenges and drive a sustainable future through applied research and innovation. With us, you’ll get to work on research projects that make a concrete, positive impact in the world. Read more about our strategy, the path of exponential hope , and our organisational culture as the builder of the world's most meaningful place to work.
 * Support for your postdoc research. During your postdoctoral term, we offer training in project management, scientific writing, communication, and commercialisation. You’ll have the opportunity collaborate with industry on projects, access our research infrastructure and internal support services, explore interdisciplinary research, and secure funding for your postdoc term. At VTT, you’ll enjoy flexibility and independence in your work, with a blend of academic research and engaging customer projects for an exciting career path.
 * Open culture of innovation. We have 80 years of experience in science-based innovation, a strong international reputation and global networks. We work truly across disciplines, and house all the cutting-edge sciences from quantum computing to synthetic biology under one roof. At VTT, you’ll join a community of over 2200 multidisciplinary experts who foster a culture of trust, openness and sharing knowledge. Collaborating with amazing colleagues is a source of learning, inspiration, and fun.
 * Nordic work-life balance. Working in Finland, the happiest country in the world, enables a great quality of life. At VTT, we make our people’s well-being a strategic priority. On top of 6 weeks of paid holidays annually (after one year of work), our benefits include extended occupational healthcare, and a range well-being services, such as exercise and culture benefits and hobby clubs. Read more about the benefits of living in Finland and VTT’s support for relocation .
   
   
   

Apply now and join our community of brilliant minds!

Please send your CV and application via our recruitment system as soon as possible but at the latest by 30 September 2024. We will process applications as they come in, and fill in the position as soon as we find the right candidate. A security clearance procedure may be conducted during the recruitment process.

Interested and want to hear more?

For further information, please contact Research Team Leader Tom Andersson, +358 407765018 tom.andersson@vtt.fi .

We look forward to hearing from you!

This postdoc position is part of Postdoctoral Programme for Research Institutes. The Programme has been granted 40 million euros in funding based on the Finnish government's multi-annual research and development (R&D) funding plan. This funding enables recruitment of 85 PhD-level experts to 12 Finnish government research institutes between 2025 and 2028. The aim of the Programme is to strengthen RDI competence in areas important to society and business . Postdoctoral researcher will conduct goal-oriented high-level research at the interface between the academic community, industry and administration. The Programme supports postdoctoral researcher’s networking and mobility between sectors.",Entry level,https://fi.linkedin.com/jobs/view/postdoctoral-researcher-computational-materials-science-at-vtt-4019599402?trk=public_jobs_topcard-title,"Espoo, Uusimaa, Finland",3 days ago,,,2024-09-08,,Research Services,"Postdoctoral Researcher, Computational Materials Science","Research, Analyst, and Information Technology",Hybrid
Be among the first 25 applicants,EXTERNAL,https://ats.talentadore.com/apply/postdoctoral-researcher-rfic/Dw3Wpr,166849,VTT,https://fi.linkedin.com/company/vtt?trk=public_jobs_topcard-org-name,Contract,"Are you interested in RFIC and MMIC design and looking for a postdoctoral opportunity in the field? Would you like to develop innovative technology with superb colleagues who are top experts in their field? Are you enthusiastic about working with fascinating projects in state-of-the-art research facilities? VTT might be just the place for you. If you are an international talent searching for a new opportunity, read more about the benefits of living in Finland and VTT’s support for relocation here !

VTT is one of the leading applied research organisations in Europe. What unites us are curiosity, a passion for learning and a purpose: to solve the biggest challenges of our time and turn them into sustainable growth and well-being. Our cross-disciplinary community of over 2300 brilliant minds from almost 60 different nationalities is focused on creating impact through science-based innovation. Get to know us further by exploring VTT's tech & infra .

We are now looking for a Postdoctoral Researcher to join our Antennas and Circuits team for a fixed-term three-year contract starting in January 2025!

VTT started a Postdoc programme in 2023 to develop new ways to support scientific excellence and to strengthen career paths from universities to VTT. We want to provide development opportunities for recent university PhDs in applied research and industry collaboration. As a Postdoctoral Researcher at VTT, you are able to make an impact on our customers and society. Our researchers work closely together with industry, often in interdisciplinary research groups. VTT has excellent research infrastructure and internal services to support your research work.

With a strong background in integrated circuit design in analog/RFIC domain, as a postdoctoral researcher at VTT, you will have an essential role of developing and carrying research in RFIC design. You identify and solve problems independently and creatively, while working closely and flexibly with a team of experts. You focus on the design but also integrating the IC in part of a larger system and contribute to the packaging aspects of the RFIC and MMICs.

Our team develops components and sub-systems for applications ranging from cryogenically cooled quantum computing readout and control circuits to large THz phased-array antennas for 6G wireless systems. We cover all abstraction levels of IC design and characterization from component level to system level using silicon (CMOS and SiGe BiCMOS) and III-V (InP, GaAs and GaN) technologies. The developments are made in close collaboration with our industrial, research institute and academic partners.

Your responsibilities as a Postdoctoral Researcher:


 * Design of RFIC/MMIC circuits
 * Contribute to the system specifications for the application in hand
 * Communicating and solving the problems in tight collaboration with others at VTT
 * Supervising or tutoring junior team members, contributing to new project preparation and proposal work
   
   
   

Who we are looking for:


 * You have recently (max 5 years ago) gained your doctoral degree in integrated circuit design
 * You have experience in designing RFICs using silicon technologies (CMOS and/or SiGe BiCMOS)
 * You have hands-on experience of testing RFICs in lab
 * Excellent communications skills in English are required
   
   
   

As a person, we hope that you are:


 * You strive for excellent results, but you also can prioritize and make pragmatic choices
 * You have strong communication and collaboration skills. You are able to efficiently interact with your colleagues and with people from different fields.
 * An enthusiastic outside-the-box thinker. You enjoy challenges and learning new things and have a strong passion for science and research and development
 * You are eager to work with new topics with open-minded and ""can-do"" attitude
 * An open-minded and innovative person with a vision of longer-term research needs.
 * You are eager to work with new topics and methods, even out of your comfort zone to achieve the set ambitious goals.
   
   
   

With VTT, you’ll enjoy:


 * Science with an impact. At VTT, we seek to solve large societal challenges and drive a sustainable future through applied research and innovation. With us, you’ll get to work on research projects that make a concrete, positive impact in the world. Read more about our strategy, the path of exponential hope , and our organisational culture as the builder of the world's most meaningful place to work.
 * Support for your postdoc research. During your postdoctoral term, we offer training in project management, scientific writing, communication, and commercialisation. You’ll have the opportunity collaborate with industry on projects, access our research infrastructure and internal support services, explore interdisciplinary research, and secure funding for your postdoc term. At VTT, you’ll enjoy flexibility and independence in your work, with a blend of academic research and engaging customer projects for an exciting career path.
 * Open culture of innovation. We have 80 years of experience in science-based innovation, a strong international reputation and global networks. We work truly across disciplines, and house all the cutting-edge sciences from quantum computing to synthetic biology under one roof. At VTT, you’ll join a community of over 2200 multidisciplinary experts who foster a culture of trust, openness and sharing knowledge. Collaborating with amazing colleagues is a source of learning, inspiration, and fun.
 * Nordic work-life balance. Working in Finland, the happiest country in the world, enables a great quality of life. At VTT, we make our people’s well-being a strategic priority. On top of 6 weeks of paid holidays annually (after one year of work), our benefits include extended occupational healthcare, and a range well-being services, such as exercise and culture benefits and hobby clubs. Read more about the benefits of living in Finland and VTT’s support for relocation .
   
   
   

Apply now and join our community of brilliant minds!

Please send your CV and application via our recruitment system as soon as possible but at the latest by 30 September 2024. We will process applications as they come in, and fill in the position as soon as we find the right candidate. A security clearance procedure may be conducted during the recruitment process.

Interested and want to hear more?

For further information, please contact Research Team Leader, Mikko Varonen (mikko.varonen@vtt.fi)

We look forward to hearing from you!

This postdoc position is part of Postdoctoral Programme for Research Institutes. The Programme has been granted 40 million euros in funding based on the Finnish government's multi-annual research and development (R&D) funding plan. This funding enables recruitment of 85 PhD-level experts to 12 Finnish government research institutes between 2025 and 2028. The aim of the Programme is to strengthen RDI competence in areas important to society and business . Postdoctoral researcher will conduct goal-oriented high-level research at the interface between the academic community, industry and administration. The Programme supports postdoctoral researcher’s networking and mobility between sectors

Employment type: Fixed-term, 3 years (from the beginning of January 2025 until the end of December 2027)

Location: Tietotie 3, Espoo

VTT

VTT is a visionary research, development and innovation partner. We drive sustainable growth and tackle the biggest global challenges of our time and turn them into growth opportunities. We go beyond the obvious to help society and companies to grow through technological innovations. We have 80 years of experience in top-level research and science-based results. VTT is at the sweet spot where innovation and business come together.

VTT – beyond the obvious.

VTT

VTT is a visionary research, development and innovation partner. We drive sustainable growth and tackle the biggest global challenges of our time and turn them into growth opportunities. We go beyond the obvious to help the society and companies to grow through technological innovations. We have 80 years of experience in cutting-edge research and science-based results. VTT is at the sweet spot where innovation and business come together.

VTT – beyond the obvious.

Location: Tietotie 3, Espoo",Entry level,https://fi.linkedin.com/jobs/view/postdoctoral-researcher-rfic-at-vtt-4019779156?trk=public_jobs_topcard-title,"Espoo, Uusimaa, Finland",3 days ago,,,2024-09-09,,Research Services,"Postdoctoral Researcher, RFIC","Research, Analyst, and Information Technology",Hybrid
Be among the first 25 applicants,EXTERNAL,https://ats.talentadore.com/apply/postdoctoral-researcher-wearable-photonic-sensors/DGn4jP,166849,VTT,https://fi.linkedin.com/company/vtt?trk=public_jobs_topcard-org-name,Contract,"Are you interested in wearables, photonics and sensing solutions and looking for a postdoctoral opportunity in the field? Would you like to develop innovative technology with superb colleagues who are top experts in their field? Do you want to build an excellent science career and work at the interface of academy and industry? Are you enthusiastic about working with fascinating projects in state-of-the-art research facilities? VTT might be just the place for you. If you are an international talent searching for a new opportunity, read more about the benefits of living in Finland and VTT’s support for relocation here !

VTT is one of the leading applied research organisations in Europe. What unites us are curiosity, a passion for learning and a purpose: to solve the biggest challenges of our time and turn them into sustainable growth and well-being. Our cross-disciplinary community of over 2300 brilliant minds from almost 60 different nationalities is focused on creating impact through science-based innovation. Get to know us further by exploring VTT's tech & infra .

We are now looking for a Postdoctoral Researcher to join our Photonic biosensor concepts team in Oulu for a fixed-term three-year contract starting in January 2025!

VTT started a Postdoc programme in 2023 to develop new ways to support scientific excellence and to strengthen career paths from universities to VTT. We want to provide development opportunities for recent university PhDs in applied research and industry collaboration. As a Postdoctoral Researcher at VTT, you are able to make an impact on our customers and society. Our researchers work closely together with industry, often in interdisciplinary research groups. VTT has excellent research infrastructure and internal services to support your research work.

In this Postdoctoral Researcher position, you will have an essential role in advancing and developing new photonics based wearable sensors and signal analysis methods to measure vitals and biomarkers non-invasively. Our team Photonic biosensor concepts, works on to develop novel sensors for better health and wellbeing

Read more about our research: https://www.vttresearch.com/en/news-and-ideas/new-optical-measurements-are-revolutionising-health-and-wellness-monitoring-vtt

Your responsibilities as a Postdoctoral Researcher:


 * Work in the field of photonics based wearable sensors to develop new measurement and signal analysis techniques in multidisciplinary projects
 * Participate in the execution of research projects by developing innovative sensing concepts, measurement techniques and setups and by validating the concepts in volunteer trials
 * Develop signal analysis methods, correlate results with clinically relevant parameters
 * Build and plan multidisciplinary research projects and apply project funding
 * Collaborate with customers and research partners and participate in offering our expertise and know-how
 * Participate in project management and reporting including writing scientific publications
 * Advancing health and wellness monitoring in specified projects
 * Collaborating in research team and project group with co-writing and project work
 * Participating actively in dissemination with journal publications and in conferences
 * Supervising or tutoring junior team members .
   
   
   

Who we are looking for:


 * Experience in understanding of light-tissue interaction physics
 * Experience in development of photonic phantom and in-vivo experiments and measurement setups
 * Experience in time-domain and spectral signal analysis
 * Motivation and capacity to build and manage multidisciplinary publicly and customer funded projects
 * Experience in applying funding and building networks
 * You have recently (max 5 years ago) gained your doctoral degree in biomedical engineering, physics, or a closely related field.
 * You have experience in developing non-invasive photonics based sensors to monitor the physiological status of humans
 * You have excellent communication skills in English, both written and spoken.
   
   
   

As a person, we hope that you are:


 * Excellent communication and interpersonal skills to engage with customers and research partners. An open-minded and innovative person with a vision of longer-term research needs.
 * You are eager to work with new topics and methods, even out of your comfort zone to achieve the set ambitious goals.
   
   
   

With VTT, you’ll enjoy:


 * Science with an impact. At VTT, we seek to solve large societal challenges and drive a sustainable future through applied research and innovation. With us, you’ll get to work on research projects that make a concrete, positive impact in the world. Read more about our strategy, the path of exponential hope , and our organisational culture as the builder of the world's most meaningful place to work.
 * Support for your postdoc research. During your postdoctoral term, we offer training in project management, scientific writing, communication, and commercialisation. You’ll have the opportunity collaborate with industry on projects, access our research infrastructure and internal support services, explore interdisciplinary research, and secure funding for your postdoc term. At VTT, you’ll enjoy flexibility and independence in your work, with a blend of academic research and engaging customer projects for an exciting career path.
 * Open culture of innovation. We have 80 years of experience in science-based innovation, a strong international reputation and global networks. We work truly across disciplines, and house all the cutting-edge sciences from quantum computing to synthetic biology under one roof. At VTT, you’ll join a community of over 2200 multidisciplinary experts who foster a culture of trust, openness and sharing knowledge. Collaborating with amazing colleagues is a source of learning, inspiration, and fun.
 * Nordic work-life balance. Working in Finland, the happiest country in the world, enables a great quality of life. At VTT, we make our people’s well-being a strategic priority. On top of 6 weeks of paid holidays annually (after one year of work), our benefits include extended occupational healthcare, and a range well-being services, such as exercise and culture benefits and hobby clubs. Read more about the benefits of living in Finland and VTT’s support for relocation .
   
   
   

Apply now and join our community of brilliant minds!

Please send your CV and application via our recruitment system as soon as possible but at the latest by 30 September 2024. A security clearance procedure may be conducted during the recruitment process.

Interested and want to hear more?

For further information, please contact Research Team Leader Sanna Aikio, sanna.aikio@vtt.fi, +358 40 561 6046 on 20 September 2024 12:00-13:00 or 23 September 2024 12:00-13:00 (Europe/Helsinki)

We look forward to hearing from you!

This postdoc position is part of Postdoctoral Programme for Research Institutes. The Programme has been granted 40 million euros in funding based on the Finnish government's multi-annual research and development (R&D) funding plan. This funding enables recruitment of 85 PhD-level experts to 12 Finnish government research institutes between 2025 and 2028. The aim of the Programme is to strengthen RDI competence in areas important to society and business . Postdoctoral researcher will conduct goal-oriented high-level research at the interface between the academic community, industry and administration. The Programme supports postdoctoral researcher’s networking and mobility between sectors

Employment type: Fixed-term, 3 years (from the beginning of January 2025 until the end of December 2027)

VTT

VTT is a visionary research, development and innovation partner. We drive sustainable growth and tackle the biggest global challenges of our time and turn them into growth opportunities. We go beyond the obvious to help society and companies to grow through technological innovations. We have 80 years of experience in top-level research and science-based results. VTT is at the sweet spot where innovation and business come together.

VTT – beyond the obvious.

VTT

VTT is a visionary research, development and innovation partner. We drive sustainable growth and tackle the biggest global challenges of our time and turn them into growth opportunities. We go beyond the obvious to help the society and companies to grow through technological innovations. We have 80 years of experience in cutting-edge research and science-based results. VTT is at the sweet spot where innovation and business come together.

VTT – beyond the obvious.

Location: Kaitoväylä 1",Entry level,https://fi.linkedin.com/jobs/view/postdoctoral-researcher-wearable-photonic-sensors-at-vtt-4020523312?trk=public_jobs_topcard-title,"Espoo, Uusimaa, Finland",1 day ago,,,2024-09-10,,Research Services,"Postdoctoral researcher, Wearable photonic sensors","Research, Analyst, and Information Technology",Hybrid
29 applicants,EXTERNAL,https://ats.talentadore.com/apply/postdoctoral-researcher-corrosion/ZYkpyv,166849,VTT,https://fi.linkedin.com/company/vtt?trk=public_jobs_topcard-org-name,Contract,"Are you interested in how corrosion impacts sustainability and looking for a postdoctoral opportunity in the field? Would you like to develop innovative technology with superb colleagues who are top experts in their field? Do you want to build an excellent science career and work at the interface of academy and industry? Are you enthusiastic about working with fascinating projects in state-of-the-art research facilities? VTT might be just the place for you. If you are an international talent searching for a new opportunity, read more about the benefits of living in Finland and VTT’s support for relocation here !

 

VTT is one of the leading applied research organisations in Europe. What unites us are curiosity, a passion for learning and a purpose: to solve the biggest challenges of our time and turn them into sustainable growth and well-being. Our cross-disciplinary community of over 2300 brilliant minds from almost 60 different nationalities is focused on creating impact through science-based innovation. In recent years, we have created ground-breaking innovations such as the world's fastest and most accurate radiation detector, a cancer-sniffing sensor device for smartphones, and a headphone set entirely made of microbial materials. Get to know us further by exploring VTT's tech & infra .

We are now looking for a Postdoctoral Researcher to join our materials Performance and interactions team for a fixed-term three-year contract starting in January 2025!

VTT started a Postdoc programme in 2023 to develop new ways to support scientific excellence and to strengthen career paths from universities to VTT. We want to provide development opportunities for recent university PhDs in applied research and industry collaboration. As a Postdoctoral Researcher at VTT, you are able to make an impact on our customers and society. Our researchers work closely together with industry, often in interdisciplinary research groups. VTT has excellent research infrastructure and internal services to support your research work.

We are now recruiting four Postdoctoral Researchers in the Knowledge Driven Design research area to boost the concept of a Materials Acceleration Platform (MAP).

The MAP (Materials Acceleration Platform) concept is a next era of materials science beyond integrated computational materials engineering. It comprises set of highly automated building blocks merging experimental and modelling capabilities. It utilizes quantum computing, and application of data analytics and AI for the generation of new information and knowledge of materials.

In this Postdoctoral Researcher position, you will have an essential role in defining the corrosion behaviour of materials in aggressive conditions, utilising electrochemical and characterisation methods. Our team “Materials performance and interactions” works on studying the degradation of materials related to mainly corrosion and tribology. To create new sustainable solutions, materials’ durability in increasingly aggressive environments is often the key – and understanding the reasons for materials’ degradation is one of the essential factors in developing new materials, as well as making better materials selection for the applications.

We focus on solving material challenges in diverse industrial applications. In our team you will be working in close collaboration with researchers and scientists from many different domains in material research and testing as well as microbiology.

The position is located in Espoo, Finland.

Read more about our research: 

A day in the life of a Corrosion scientist -read what a typical day for looks like for your future colleague Andressa

Corrosion in biomass power plants – | VTT News (vttresearch.com)

 

Your responsibilities as a Postdoctoral Researcher: 


 * Actively engaging in experimental research, monitoring and modifying the laboratory set ups: participating in conducting experimental work, its analysis and characterisation
 * Creating a process to enhance our ability to use and commercialize the research results and data, and how to make our data usable in computational materials science
 * Advancing the knowledge of material behaviour in association with alternative fuels and circular economy in specified projects
 * Collaborating in research team and project group with co-writing and project work
 * Utilizing our existing data and co-writing articles about the results: You’ll use your advanced skills in English to write research reports and publications that help the team communicate its results impactfully
 * Tutoring junior team members
 * Collaborating in project preparations
   
   
   

Who we are looking for:


 * You have recently (max 5 years ago) gained your doctoral degree in corrosion engineering, materials science or chemistry, or a closely related field.
 * You have experience in electrochemistry and knowledge of materials and their characterisation methods.
 * You have excellent communication skills in English, both written and spoken.
 * You understand also the wider general as well as practical implications of material challenges in the changing industry and society and are willing to tackle those issues
 * You have hands-on experience in electrochemistry
   
   
   

As a person, we hope that you are:


 * An open-minded and innovative person with a vision of longer-term research needs.
 * You are eager to work with new topics and methods, even out of your comfort zone to achieve the set ambitious goals.
 * You like to network, and tackle challenges as a part of even a bigger group of experts across various fields  
   
   
   

With VTT, you’ll enjoy:

 


 * Science with an impact. At VTT, we seek to solve large societal challenges and drive a sustainable future through applied research and innovation. With us, you’ll get to work on research projects that make a concrete, positive impact in the world. Read more about our strategy, the path of exponential hope , and our organisational culture as the builder of the world's most meaningful place to work.
 * Support for your postdoc research. During your postdoctoral term, we offer training in project management, scientific writing, communication, and commercialisation. You’ll have the opportunity collaborate with industry on projects, access our research infrastructure and internal support services, explore interdisciplinary research, and secure funding for your postdoc term. At VTT, you’ll enjoy flexibility and independence in your work, with a blend of academic research and engaging customer projects for an exciting career path.
 * Open culture of innovation. We have 80 years of experience in science-based innovation, a strong international reputation and global networks. We work truly across disciplines, and house all the cutting-edge sciences from quantum computing to synthetic biology under one roof. At VTT, you’ll join a community of over 2200 multidisciplinary experts who foster a culture of trust, openness and sharing knowledge. Collaborating with amazing colleagues is a source of learning, inspiration, and fun.
 * Nordic work-life balance. Working in Finland, the happiest country in the world, enables a great quality of life. At VTT, we make our people’s well-being a strategic priority. On top of 6 weeks of paid holidays annually (after one year of work), our benefits include extended occupational healthcare, and a range well-being services, such as exercise and culture benefits and hobby clubs. Read more about the benefits of living in Finland and VTT’s support for relocation .
   
   
   

Apply now and join our community of brilliant minds!

Please send your CV and application via our recruitment system as soon as possible but at the latest by 30th September 2024. We will process applications as they come in and fill in the position as soon as we find the right candidate. A security clearance procedure may be conducted during the recruitment process.

Interested and want to hear more?

For further information, please contact Research Team Leader Vilma Ratia-Hanby, vilma.ratia-hanby@vtt.fi, tel. +358 406 887 168 on 11.9. at 9-11 EET or 19.9. at 13-15 EET.

We look forward to hearing from you!

This postdoc position is part of Postdoctoral Programme for Research Institutes. The Programme has been granted 40 million euros in funding based on the Finnish government's multi-annual research and development (R&D) funding plan. This funding enables recruitment of 85 PhD-level experts to 12 Finnish government research institutes between 2025 and 2028. The aim of the Programme is to strengthen RDI competence in areas important to society and business . Postdoctoral researcher will conduct goal-oriented high-level research at the interface between the academic community, industry and administration. The Programme supports postdoctoral researcher’s networking and mobility between sectors.

VTT

VTT is a visionary research, development and innovation partner. We drive sustainable growth and tackle the biggest global challenges of our time and turn them into growth opportunities. We go beyond the obvious to help the society and companies to grow through technological innovations. We have 80 years of experience of top-level research and science-based results. VTT is at the sweet spot where innovation and business come together.

VTT – beyond the obvious.

Location: Kemistintie 3, Espoo",Entry level,https://fi.linkedin.com/jobs/view/postdoctoral-researcher-corrosion-at-vtt-4019714822?trk=public_jobs_topcard-title,"Espoo, Uusimaa, Finland",3 days ago,,,2024-09-09,,Research Services,"Postdoctoral Researcher, Corrosion","Research, Analyst, and Information Technology",Hybrid
Be among the first 25 applicants,EXTERNAL,https://ats.talentadore.com/apply/postdoctoral-researcher-quantum-computing-for-material-modelling/8RbJG0,166849,VTT,https://fi.linkedin.com/company/vtt?trk=public_jobs_topcard-org-name,Contract,"Are you interested in quantum computing applied to material modelling problems and looking for a postdoctoral opportunity in the field? VTT might be just the place for you. If you are an international talent searching for a new opportunity, read more about the benefits of living in Finland and VTT’s support for relocation here !

VTT is one of the leading applied research organisations in Europe. What unites us are curiosity, a passion for learning and a purpose: to solve the biggest challenges of our time and turn them into sustainable growth and well-being. Our cross-disciplinary community of over 2300 brilliant minds from almost 60 different nationalities is focused on creating impact through science-based innovation. Get to know us further by exploring VTT's tech & infra . 

We are now looking for a Postdoctoral Researcher to join our ProperTune Integration team for a fixed-term three-year contract starting in January 2025!

VTT started a Postdoc programme in 2023 to develop new ways to support scientific excellence and to strengthen career paths from universities to VTT. We want to provide development opportunities for recent university PhDs in applied research and industry collaboration. As a Postdoctoral Researcher at VTT, you are able to make an impact on our customers and society. Our researchers work closely together with industry, often in interdisciplinary research groups. VTT has excellent research infrastructure and internal services to support your research work. 

We are now recruiting four Postdoctoral Researchers in the Knowledge Driven Design research area to boost the concept of a Materials Acceleration Platform (MAP). 

In this Postdoctoral Researcher position, you will have an essential role in developing our competencies for using quantum computers to material modelling problems. You will be working in close collaboration with material scientist developing material models and optimize some parts of material models to be run with a quantum computer. Our team ProperTune Integration works on High Performance Computing utilizing fastest supercomputer in Europe, the LUMI, and VTT’s own gate-based quantum computers, extreme parallelization of code for material models, machine learning and AI.

Our objective is to accelerate new material development with data driven and computationally fast solutions and that way support the development of new materials needed in green transition, finding substitutes because of resource scarcity and enabling development of totally new material applications.

Read more about our VTT Propertune® concept:  Computational material design – VTT ProperTune®

 

Your responsibilities as a Postdoctoral Researcher: 


 * Conducting world class research in quantum algorithms and how to apply them to material science problems
 * Advancing the use of quantum computing in specified material development projects
 * Collaborating in research team and project group with co-writing and project work
 * Participating actively in dissemination with journal publications and in seminars
 * Supervising or tutoring junior team members .
   
   
   

Who we are looking for:


 * Quantum computing expert familiar with materials modelling or material modeller (ICME) familiar with quantum computing.
 * You have recently (max 5 years ago) gained your doctoral degree in computer science, physics or mathematics, or a closely related field.
 * You have experience in quantum computing research field and knowledge of how to utilize quantum algorithms to material science problems
 * You have excellent communication skills in English, both written and spoken.
   
   
   

As a person, we hope that you are:


 * Innovative, an outside-the-box thinker with the ability to learn new things continuously.
 * You enjoy challenges and have a strong passion for work.
 * We appreciate the ability to tolerate pressure and maintain good work-life balance, as well as the willingness to collaborate with experts and partners across different fields.
 * An open-minded and innovative person with a vision of longer-term research needs.
 * You are eager to work with new topics and methods, even out of your comfort zone to achieve the set ambitious goals.
   
   
   

With VTT, you’ll enjoy:


 * Science with an impact. At VTT, we seek to solve large societal challenges and drive a sustainable future through applied research and innovation. With us, you’ll get to work on research projects that make a concrete, positive impact in the world. Read more about our strategy, the path of exponential hope , and our organisational culture as the builder of the world's most meaningful place to work.
 * Support for your postdoc research. During your postdoctoral term, we offer training in project management, scientific writing, communication, and commercialisation. You’ll have the opportunity collaborate with industry on projects, access our research infrastructure and internal support services, explore interdisciplinary research, and secure funding for your postdoc term. At VTT, you’ll enjoy flexibility and independence in your work, with a blend of academic research and engaging customer projects for an exciting career path.
 * Open culture of innovation. We have 80 years of experience in science-based innovation, a strong international reputation and global networks. We work truly across disciplines, and house all the cutting-edge sciences from quantum computing to synthetic biology under one roof. At VTT, you’ll join a community of over 2200 multidisciplinary experts who foster a culture of trust, openness and sharing knowledge. Collaborating with amazing colleagues is a source of learning, inspiration, and fun.
 * Nordic work-life balance. Working in Finland, the happiest country in the world, enables a great quality of life. At VTT, we make our people’s well-being a strategic priority. On top of 6 weeks of paid holidays annually (after one year of work), our benefits include extended occupational healthcare, and a range well-being services, such as exercise and culture benefits and hobby clubs. Read more about the benefits of living in Finland and VTT’s support for relocation .
   
   
   

Apply now and join our community of brilliant minds!

Please send your CV and application via our recruitment system as soon as possible but at the latest by 30 September 2024. We will process applications as they come in, and fill in the position as soon as we find the right candidate. A security clearance procedure may be conducted during the recruitment process.

Interested and want to hear more?

For further information, please contact Research Team Leader Marko Mäkipää, marko.makipaa@vtt.fi, +358 45 678 8723 on 23 September 12-14 o´clock or on 27 September between 10-11 o´clock (Finnish time, UTC+3).

We look forward to hearing from you!

Location: Vuorimiehentie 2, Espoo or Visiokatu 4, Tampere

This postdoc position is part of Postdoctoral Programme for Research Institutes. The Programme has been granted 40 million euros in funding based on the Finnish government's multi-annual research and development (R&D) funding plan. This funding enables recruitment of 85 PhD-level experts to 12 Finnish government research institutes between 2025 and 2028. The aim of the Programme is to strengthen RDI competence in areas important to society and business . Postdoctoral researcher will conduct goal-oriented high-level research at the interface between the academic community, industry and administration. The Programme supports postdoctoral researcher’s networking and mobility between sectors.",Entry level,https://fi.linkedin.com/jobs/view/postdoctoral-researcher-quantum-computing-for-material-modelling-at-vtt-4019701181?trk=public_jobs_topcard-title,"Espoo, Uusimaa, Finland",3 days ago,,,2024-09-08,,Research Services,"Postdoctoral Researcher, Quantum Computing for Material Modelling","Research, Analyst, and Information Technology",Hybrid
Be among the first 25 applicants,EXTERNAL,https://ats.talentadore.com/apply/postdoctoral-researcher-material-acceleration-platform-for-powders-powder-metallurgy-additive-manufacturing/mMeQvn,166849,VTT,https://fi.linkedin.com/company/vtt?trk=public_jobs_topcard-org-name,Contract,"Are you interested in material development for new powder metallurgical and additive manufacturing applications and looking for a postdoctoral opportunity in the field? VTT might be just the place for you.  

If you are an international talent searching for a new opportunity, read more about the benefits of living in Finland and VTT’s support for relocation here ! 

VTT is one of the leading applied research organisations in Europe. What unites us are curiosity, a passion for learning and a purpose: to solve the biggest challenges of our time and turn them into sustainable growth and well-being. Our cross-disciplinary community of over 2300 brilliant minds from almost 60 different nationalities is focused on creating impact through science-based innovation. Get to know us further by exploring VTT's tech & infra . 

We are now looking for a Postdoctoral Researcher to join our Sustainable materials design team for a fixed-term three-year contract starting in January 2025! 

VTT started a Postdoc programme in 2023 to develop new ways to support scientific excellence and to strengthen career paths from universities to VTT. We want to provide development opportunities for recent university PhDs in applied research and industry collaboration. As a Postdoctoral Researcher at VTT, you are able to make an impact on our customers and society. Our researchers work closely together with industry, often in interdisciplinary research groups. VTT has excellent research infrastructure and internal services to support your research work. 

We are now recruiting four Postdoctoral Researchers in the Knowledge Driven Design research area to boost the concept of a Materials Acceleration Platform (MAP). 

The MAP concept is a next era of materials science beyond on integrated computational materials engineering. It comprises set of highly automated building blocks merging experimental and modeling capabilities. It utilizes quantum computing, and application of data analytics and AI for the generation of new information and knowledge of materials. 

In this Postdoctoral Researcher position, you will have an essential role in the development of new streamlined and automated material processing and characterization workflows including both actual physical steps and data analysis. The position is highly integrated to the other hired postdocs for the MAP theme. This position is located in Tampere.

Our team focuses on the development of materials and solutions that enable resource savings and higher operation performance for the entire life cycle. We specialize in powder-based materials and manufacturing technologies such as powder metallurgy and additive manufacturing. The three themes form the backbone of our projects:  


 * Resource sufficiency via substitution strategic and critical raw materials, and solution for long-life cycle. 
 * Energy efficiency via minimizing wear, friction, and power losses during operation and manufacturing.  
 * Material and manufacturing solutions to support rising technologies such as electrification, hydrogen economy and additive manufacturing.  
   
   
   

See more about our research on YouTube  VTT PowderPiloting  

Your responsibilities as a Postdoctoral Researcher:  


 * As a member of the MAP core group, advancing development of Materials Acceleration Platform on the fields of powder metallurgy and additive manufacturing in specified projects.  
 * Building up new blocks for MAP such as streamlined processing, characterization steps and/or automated data processing. 
 * Help us on deepening our knowledge about new possibilities of processing and characterization technologies, such as high temperature x-ray diffraction combined with other thermal analyses. 
 * Participating actively in dissemination with journal publications and conference presentations. 
 * Preparing projects and writing project proposals in cooperation with the research team and MAP project core group. 
   
   
   

Who we are looking for: 


 * You have recently (max 5 years ago) gained your doctoral degree in materials science or physics, preferentially connected to metals or ceramics (candidates graduating within few months can be accepted). 
 * You have experience in hand-on working at laboratory as well as proven track record about planning and reporting of research tasks. 
 * You have hands on experience at least some of the following processing and characterization methods:
    * Casting, Gas atomization, laser based additive manufacturing, sintering 
    * Thermal Analysis, X-ray diffraction, Microscopy, Dilatometry, Magnetic measurements, Powder analyses. 

 * Basic knowhow of materials modelling tools such as CALPHAD, FEM, DFT is advantageous 
 * You have capability to make basic mechanical designs, basic knowledge about practical mechatronics is advantage. 
 * You have good understanding about data analysis and programming such as Python or Matlab. 
 * You have excellent communication skills in English, both written and spoken. 

As a person, we hope that you are: 


 * You have ambitions for development of methods to speed up materials development and manufacturing solutions to support emerging technologies such as electrification, alternative fuels like hydrogen etc.  
 * You are curious to find new solutions for the problems as well as new ways of working, especially willingness to find ways how to combine experiments and modelling effective way. You are willing to work both hands-on in the laboratory and on a desktop with a computer. 
 * You can work in a flexible and independent manner and collaborating with colleagues across different application areas. 
 * Most importantly, you are well motivated for the learning of new methods and willing to take new challenges and responsibilities in the rapidly evolving field of materials engineering. 
   
   
   

With VTT, you’ll enjoy:  


 * Science with an impact. At VTT, we seek to solve large societal challenges and drive a sustainable future through applied research and innovation. With us, you’ll get to work on research projects that make a concrete, positive impact in the world. Read more about our strategy, the path of exponential hope , and our organisational culture as the builder of the world's most meaningful place to work. 
 * Support for your postdoc research. During your postdoctoral term, we offer training in project management, scientific writing, communication, and commercialisation. You’ll have the opportunity collaborate with industry on projects, access our research infrastructure and internal support services, explore interdisciplinary research, and secure funding for your postdoc term. At VTT, you’ll enjoy flexibility and independence in your work, with a blend of academic research and engaging customer projects for an exciting career path. 
 * Open culture of innovation. We have 80 years of experience in science-based innovation, a strong international reputation and global networks. We work truly across disciplines, and house all the cutting-edge sciences from quantum computing to synthetic biology under one roof. At VTT, you’ll join a community of over 2200 multidisciplinary experts who foster a culture of trust, openness and sharing knowledge. Collaborating with amazing colleagues is a source of learning, inspiration, and fun. 
 * Nordic work-life balance. Working in Finland, the happiest country in the world, enables a great quality of life. At VTT, we make our people’s well-being a strategic priority. On top of 6 weeks of paid holidays annually (after one year of work), our benefits include extended occupational healthcare, and a range well-being services, such as exercise and culture benefits and hobby clubs. Read more about the benefits of living in Finland and VTT’s support for relocation . 
   
   
   

Apply now and join our community of brilliant minds! 

Please send your CV and application via our recruitment system as soon as possible but at the latest by 30 September 2024. We will process applications as they come in, and fill in the position as soon as we find the right candidate. A security clearance procedure may be conducted during the recruitment process. 

Interested and want to hear more? 

For further information, please contact Research Team Leader Tomi Lindroos, tomi.lindroos@vtt.fi , +358 50 3020227.  

We look forward to hearing from you! 

This postdoc position is part of Postdoctoral Programme for Research Institutes. The Programme has been granted 40 million euros in funding based on the Finnish government's multi-annual research and development (R&D) funding plan. This funding enables recruitment of 85 PhD-level experts to 12 Finnish government research institutes between 2025 and 2028. The aim of the Programme is to strengthen RDI competence in areas important to society and business . Postdoctoral researcher will conduct goal-oriented high-level research at the interface between the academic community, industry and administration. The Programme supports postdoctoral researcher’s networking and mobility between sectors.",Entry level,https://fi.linkedin.com/jobs/view/postdoctoral-researcher-material-acceleration-platform-for-powders-powder-metallurgy-additive-manufacturing-at-vtt-4019597489?trk=public_jobs_topcard-title,"Espoo, Uusimaa, Finland",3 days ago,,,2024-09-08,,Research Services,"Postdoctoral Researcher, Material Acceleration Platform for: Powders, Powder Metallurgy & Additive Manufacturing","Research, Analyst, and Information Technology",Hybrid
