applicationsCount,applyType,applyUrl,benefits,companyId,companyName,companyUrl,contractType,description,experienceLevel,id,jobUrl,location,postedTime,posterFullName,posterProfileUrl,publishedAt,salary,sector,title,workType,work_arrangement
169 applicants,EXTERNAL,https://apply.workable.com/j/88CA916148?src=LinkedIn&utm_source=linkedin.com&src=LinkedIn&src=LinkedIn&utm_source=linkedin.com&gh_src=i5qg2y1&utm_source=linkedin.com,,3293310,ŌURA,https://fi.linkedin.com/company/oura?trk=public_jobs_topcard-org-name,Temporary,"Our mission at Oura is to empower every person to own their inner potential. Our award-winning products help our global community gain a deeper knowledge of their readiness, activity, and sleep quality by using their Oura Ring and its connected app. We've helped 2.5 million people understand and improve their health by providing daily insights and practical steps to inspire healthy lifestyles.

We are now looking for a curious Product Analyst Intern (Hardware) to join our team and help shape the future of hardware products that our customers will love. At Oura, we believe that great insights are the foundation of breakthrough products, and this role is an exciting opportunity to work at the intersection of data and innovation. As a Product Analyst Intern, you'll be working with analysts, product managers, designers and engineers to transform data into actionable insights that fuel product development and elevate customer experiences.

Full-time, 4-month internship.

What You will do:


 * Analyze sales and warranty data using SQL and Tableau, to help engineering improve product performance and quality
 * Assist in research, analytics and insights projects by gathering, organizing, and analyzing data
 * Collaborate with global cross-functional teams to validate product assumptions and contribute key insights to the development process
 * Communicate findings and recommendations to a diverse internal audience, ranging from technical to commercial teams
   
   

What You Will Learn:


 * How to translate complex data into compelling stories that drive decision-making
 * Practical experience in product analytics, consumer insights, and project management
 * A deeper understanding of hardware product development and the iterative process behind creating products customers love
 * Hands-on exposure to using data visualization tools and techniques to convey insights effectively
   
   

We would love to have You on our team, if You:


 * Are currently pursuing a Master's Degree in a quantitative field, e.g. business, economics, or engineering
 * Have strong analytical skills with a passion for turning data into actionable insights
 * Are comfortable working with data and are familiar with SQL
 * Have a proactive, organized, and adept approach to managing multiple tasks and priorities
 * Have excellent written and verbal communication skills in English and enjoy working with people
   
   

If this sounds like the next step for you, please send us your application and CV as soon as possible, but by October 11 at the latest. We will start reviewing the applications immediately, as we receive them.

Oura is proud to be an equal opportunity workplace. We celebrate diversity and are committed to creating an inclusive environment for all employees. Individuals seeking employment at Oura are considered without regards to age, ancestry, color, gender (including pregnancy, childbirth, or related medical conditions), gender identity or expression, genetic information, marital status, medical condition, mental or physical disability, national origin, socioeconomic status, protected family care or medical leave status, race, religion (including beliefs and practices or the absence thereof), sexual orientation, military or veteran status, or any other characteristic protected by federal, state, or local laws. We will not tolerate discrimination or harassment based on any of these characteristics.",Internship,4035550239,https://fi.linkedin.com/jobs/view/product-analyst-intern-hw-at-%C5%8Dura-4035550239?trk=public_jobs_topcard-title,"Helsinki, Uusimaa, Finland",2 weeks ago,,,2024-09-26,,Non-profit Organizations and Primary and Secondary Education,Product Analyst Intern (HW),"Research, Analyst, and Information Technology",Hybrid
