applicationsCount,applyType,applyUrl,benefits,companyId,companyName,companyUrl,contractType,description,experienceLevel,id,jobUrl,location,postedTime,posterFullName,posterProfileUrl,publishedAt,salary,sector,title,workType,work_arrangement
61 applicants,EXTERNAL,https://thehub.io/jobs/67054852662a737274f0c16a?utm_source=linkedin&utm_medium=referral&utm_campaign=job_wrapper,,10587329,The Hub,https://dk.linkedin.com/company/thehubio?trk=public_jobs_topcard-org-name,Internship,"We provide businesses and individuals with a smart web platform, that will allow the employees to organize their own events, create activities, and manage them in a smart way with the no-spam chat and scheduling tools that will eliminate being stood up.

If you want to get experience with Node, React, Mongo stack or to apply your Design / UX skills on a real-world and meaningful project our experienced team leader will guide you. Our new and latest release is almost ready to bring to the rest of Finland and then to the world.

What you’ll do?

Collaborating closely with the lead developer, fellow trainees, and the product owner to collectively create an exceptional platform designed to facilitate real-life human connections.

Who We’re Looking For

The position will be perfect for entry-level specialists and students who meet the following requirements.


 * Applicants with a background in computer science, relevant work experience, or a genuine passion for the field are encouraged to apply.
 * Experience in relevant programming languages such: Javascript and React
 * Ability to collaborate with colleagues and work effectively in a team environment.
 * Willingness to learn and adapt to new challenges.
 * Flexibility and adaptability
 * Good English skills, we are an English-speaking company.
   
   

TARGET: The idea is you will learn and progress into an integral part of talenthive as the mission is to help international talents.

Location: this internship is remote.

Compensation: this is an unpaid internship

Application: We kindly request that all applications be submitted here, as we will not review applications sent via email.

The Post-application Process Generally Unfolds As Follows

After reviewing your resume, we will promptly reach out to you if your qualifications align with the job description to schedule an interview. Following the interview, the next phase will involve a challenge that you'll need to successfully complete to advance in the hiring process. We aim to finalize the process within a week of the interview!

Check Out Our Main Product

https://stafftribes.com/

https://experts.talenthive.fi

Tip: make a profile on Staff Tribes, and familiarize yourself with it as it will be needed in the interview!

For more information or questions please contact us at team@tribenetworks.ai or phone number 044 0255 844",Entry level,4043736967,https://fi.linkedin.com/jobs/view/frontend-full-stack-react-node-developer-designer-roles-at-the-hub-4043736967?trk=public_jobs_topcard-title,"Helsinki, Uusimaa, Finland",2 days ago,,,2024-10-09,,"Technology, Information and Internet",Frontend / Full Stack React Node Developer / Designer roles,Engineering and Information Technology,Hybrid
